kind,formation_name,letter,slot_id,slot_type,slot_min_max,unit_choice,unit_name,name,team_position_in_unit,team_position_in_slot,team_role,designation,base
formation,Merkava 3 Tank Company,א (Aleph),S1,HQ,1-2,A,Merkava 3 Tank Company HQ,MERKAVA 3,1,1,HQ Tank,001א,20x40
formation,Merkava 3 Tank Company,א (Aleph),S1,HQ,1-2,A,Merkava 3 Tank Company HQ,MERKAVA 3,2,2,HQ Tank,002א,20x40
formation,Merkava 3 Tank Company,א (Aleph),S2a,Combat,1 of 2 mandatory,A,Merkava 3 Tank Platoon (1st),MERKAVA 3,1,1,Tank,101א,20x40
formation,Merkava 3 Tank Company,א (Aleph),S2a,Combat,1 of 2 mandatory,A,Merkava 3 Tank Platoon (1st),MERKAVA 3,2,2,Tank,102א,20x40
formation,Merkava 3 Tank Company,א (Aleph),S2a,Combat,1 of 2 mandatory,A,Merkava 3 Tank Platoon (1st),MERKAVA 3,3,3,Tank,103א,20x40
formation,Merkava 3 Tank Company,א (Aleph),S2b,Combat,2 of 2 mandatory,A,Merkava 3 Tank Platoon (2nd),MERKAVA 3,1,1,Tank,201א,20x40
formation,Merkava 3 Tank Company,א (Aleph),S2b,Combat,2 of 2 mandatory,A,Merkava 3 Tank Platoon (2nd),MERKAVA 3,2,2,Tank,202א,20x40
formation,Merkava 3 Tank Company,א (Aleph),S2b,Combat,2 of 2 mandatory,A,Merkava 3 Tank Platoon (2nd),MERKAVA 3,3,3,Tank,203א,20x40
formation,Merkava 3 Tank Company,א (Aleph),S3,Combat,1 (choice),A,Merkava 3 Tank Platoon,MERKAVA 3,1,1,Tank,301א,20x40
formation,Merkava 3 Tank Company,א (Aleph),S3,Combat,1 (choice),A,Merkava 3 Tank Platoon,MERKAVA 3,2,2,Tank,302א,20x40
formation,Merkava 3 Tank Company,א (Aleph),S3,Combat,1 (choice),A,Merkava 3 Tank Platoon,MERKAVA 3,3,3,Tank,303א,20x40
formation,Merkava 3 Tank Company,א (Aleph),S3,Combat,1 (choice),B,Merkava 2 Tank Platoon,MERKAVA 2,1,4,Tank,304א,20x40
formation,Merkava 3 Tank Company,א (Aleph),S3,Combat,1 (choice),B,Merkava 2 Tank Platoon,MERKAVA 2,2,5,Tank,305א,20x40
formation,Merkava 3 Tank Company,א (Aleph),S3,Combat,1 (choice),B,Merkava 2 Tank Platoon,MERKAVA 2,3,6,Tank,306א,20x40
formation,Merkava 3 Tank Company,א (Aleph),S3,Combat,1 (choice),C,Merkava 1 Tank Platoon,MERKAVA 1,1,7,Tank,307א,20x40
formation,Merkava 3 Tank Company,א (Aleph),S3,Combat,1 (choice),C,Merkava 1 Tank Platoon,MERKAVA 1,2,8,Tank,308א,20x40
formation,Merkava 3 Tank Company,א (Aleph),S3,Combat,1 (choice),C,Merkava 1 Tank Platoon,MERKAVA 1,3,9,Tank,309א,20x40
formation,Merkava 3 Tank Company,א (Aleph),S4,Combat,1,A,Merkava 3 Tank Platoon (3rd),MERKAVA 3,1,1,Tank,401א,20x40
formation,Merkava 3 Tank Company,א (Aleph),S4,Combat,1,A,Merkava 3 Tank Platoon (3rd),MERKAVA 3,2,2,Tank,402א,20x40
formation,Merkava 3 Tank Company,א (Aleph),S4,Combat,1,A,Merkava 3 Tank Platoon (3rd),MERKAVA 3,3,3,Tank,403א,20x40
formation,Merkava 3 Tank Company,א (Aleph),S5,Recce,0-1 (choice),A,Jeep Recce Platoon,JEEP,1,1,Recce,501א,20x30
formation,Merkava 3 Tank Company,א (Aleph),S5,Recce,0-1 (choice),A,Jeep Recce Platoon,JEEP,2,2,Recce,502א,20x30
formation,Merkava 3 Tank Company,א (Aleph),S5,Recce,0-1 (choice),A,Jeep Recce Platoon,JEEP,3,3,Recce,503א,20x30
formation,Merkava 3 Tank Company,א (Aleph),S5,Recce,0-1 (choice),B,M113 Recce Platoon,ZELDA,1,4,Recce,504א,20x30
formation,Merkava 3 Tank Company,א (Aleph),S5,Recce,0-1 (choice),B,M113 Recce Platoon,ZELDA,2,5,Recce,505א,20x30
formation,Merkava 3 Tank Company,א (Aleph),S5,Recce,0-1 (choice),B,M113 Recce Platoon,ZELDA,3,6,Recce,506א,20x30
formation,Merkava 3 Tank Company,א (Aleph),S5,Recce,0-1 (choice),B,M113 Recce Platoon,ZELDA,4,7,Recce,507א,20x30
formation,Merkava 3 Tank Company,א (Aleph),S5,Recce,0-1 (choice),C,Rabbi Recce Platoon,RABBI,1,8,Recce,508א,20x30
formation,Merkava 3 Tank Company,א (Aleph),S5,Recce,0-1 (choice),C,Rabbi Recce Platoon,RABBI,2,9,Recce,509א,20x30
formation,Merkava 3 Tank Company,א (Aleph),S5,Recce,0-1 (choice),C,Rabbi Recce Platoon,RABBI,3,10,Recce,510א,20x30
formation,Merkava 3 Tank Company,א (Aleph),S5,Recce,0-1 (choice),C,Rabbi Recce Platoon,UH-1,4,11,Transport heli,511א,20x40
formation,Merkava 3 Tank Company,א (Aleph),S5,Recce,0-1 (choice),C,Rabbi Recce Platoon,UH-1,5,12,Transport heli,512א,20x40
formation,Merkava 3 Tank Company,א (Aleph),S6,Infantry,0-1 (choice),A,Mech Infantry Platoon,GALIL,1,1,Galil rifle (M72 LAW),601א,40x20
formation,Merkava 3 Tank Company,א (Aleph),S6,Infantry,0-1 (choice),A,Mech Infantry Platoon,GALIL,2,2,Galil rifle (M72 LAW),602א,40x20
formation,Merkava 3 Tank Company,א (Aleph),S6,Infantry,0-1 (choice),A,Mech Infantry Platoon,GALIL,3,3,Galil rifle (M72 LAW),603א,40x20
formation,Merkava 3 Tank Company,א (Aleph),S6,Infantry,0-1 (choice),A,Mech Infantry Platoon,GALIL,4,4,Galil rifle (M72 LAW),604א,40x20
formation,Merkava 3 Tank Company,א (Aleph),S6,Infantry,0-1 (choice),A,Mech Infantry Platoon,FN MAG,5,5,FN MAG (M72 LAW),605א,20x20
formation,Merkava 3 Tank Company,א (Aleph),S6,Infantry,0-1 (choice),A,Mech Infantry Platoon,FN MAG,6,6,FN MAG (M72 LAW),606א,20x20
formation,Merkava 3 Tank Company,א (Aleph),S6,Infantry,0-1 (choice),A,Mech Infantry Platoon,FN MAG,7,7,FN MAG (M72 LAW),607א,20x20
formation,Merkava 3 Tank Company,א (Aleph),S6,Infantry,0-1 (choice),A,Mech Infantry Platoon,RPG-7,8,8,RPG-7 (or B-300),608א,20x20
formation,Merkava 3 Tank Company,א (Aleph),S6,Infantry,0-1 (choice),A,Mech Infantry Platoon,RPG-7,9,9,RPG-7 (or B-300),609א,20x20
formation,Merkava 3 Tank Company,א (Aleph),S6,Infantry,0-1 (choice),A,Mech Infantry Platoon,RPG-7,10,10,RPG-7 (or B-300),610א,20x20
formation,Merkava 3 Tank Company,א (Aleph),S6,Infantry,0-1 (choice),A,Mech Infantry Platoon,M47 DRAGON,11,11,M47 Dragon (or Dragon 2),611א,20x20
formation,Merkava 3 Tank Company,א (Aleph),S6,Infantry,0-1 (choice),A,Mech Infantry Platoon,52MM,12,12,52mm mortar,612א,20x20
formation,Merkava 3 Tank Company,א (Aleph),S6,Infantry,0-1 (choice),A,Mech Infantry Platoon,ZELDA,13,13,Transport (M113),613א,20x30
formation,Merkava 3 Tank Company,א (Aleph),S6,Infantry,0-1 (choice),A,Mech Infantry Platoon,ZELDA,14,14,Transport (M113),614א,20x30
formation,Merkava 3 Tank Company,א (Aleph),S6,Infantry,0-1 (choice),A,Mech Infantry Platoon,ZELDA,15,15,Transport (M113),615א,20x30
formation,Merkava 3 Tank Company,א (Aleph),S6,Infantry,0-1 (choice),A,Mech Infantry Platoon,ZELDA,16,16,Transport (M113),616א,20x30
formation,Merkava 3 Tank Company,א (Aleph),S6,Infantry,0-1 (choice),A,Mech Infantry Platoon,VAYZATA,17,17,Transport (Vayzata variant),617א,20x30
formation,Merkava 3 Tank Company,א (Aleph),S6,Infantry,0-1 (choice),A,Mech Infantry Platoon,VAYZATA,18,18,Transport (Vayzata variant),618א,20x30
formation,Merkava 3 Tank Company,א (Aleph),S6,Infantry,0-1 (choice),A,Mech Infantry Platoon,VAYZATA,19,19,Transport (Vayzata variant),619א,20x30
formation,Merkava 3 Tank Company,א (Aleph),S6,Infantry,0-1 (choice),A,Mech Infantry Platoon,VAYZATA,20,20,Transport (Vayzata variant),620א,20x30
formation,Merkava 3 Tank Company,א (Aleph),S6,Infantry,0-1 (choice),A,Mech Infantry Platoon,NAGMASH,21,21,Transport (Nagmasho't variant),621א,20x30
formation,Merkava 3 Tank Company,א (Aleph),S6,Infantry,0-1 (choice),A,Mech Infantry Platoon,NAGMASH,22,22,Transport (Nagmasho't variant),622א,20x30
formation,Merkava 3 Tank Company,א (Aleph),S6,Infantry,0-1 (choice),A,Mech Infantry Platoon,NAGMASH,23,23,Transport (Nagmasho't variant),623א,20x30
formation,Merkava 3 Tank Company,א (Aleph),S6,Infantry,0-1 (choice),A,Mech Infantry Platoon,NAGMASH,24,24,Transport (Nagmasho't variant),624א,20x30
formation,Merkava 3 Tank Company,א (Aleph),S6,Infantry,0-1 (choice),B,Reserve Infantry Platoon,GALIL,1,25,Galil rifle (M72 LAW) [Reserve],625א,40x20
formation,Merkava 3 Tank Company,א (Aleph),S6,Infantry,0-1 (choice),B,Reserve Infantry Platoon,GALIL,2,26,Galil rifle (M72 LAW) [Reserve],626א,40x20
formation,Merkava 3 Tank Company,א (Aleph),S6,Infantry,0-1 (choice),B,Reserve Infantry Platoon,GALIL,3,27,Galil rifle (M72 LAW) [Reserve],627א,40x20
formation,Merkava 3 Tank Company,א (Aleph),S6,Infantry,0-1 (choice),B,Reserve Infantry Platoon,GALIL,4,28,Galil rifle (M72 LAW) [Reserve],628א,40x20
formation,Merkava 3 Tank Company,א (Aleph),S6,Infantry,0-1 (choice),B,Reserve Infantry Platoon,FN MAG,5,29,FN MAG (M72 LAW) [Reserve],629א,20x20
formation,Merkava 3 Tank Company,א (Aleph),S6,Infantry,0-1 (choice),B,Reserve Infantry Platoon,FN MAG,6,30,FN MAG (M72 LAW) [Reserve],630א,20x20
formation,Merkava 3 Tank Company,א (Aleph),S6,Infantry,0-1 (choice),B,Reserve Infantry Platoon,FN MAG,7,31,FN MAG (M72 LAW) [Reserve],631א,20x20
formation,Merkava 3 Tank Company,א (Aleph),S6,Infantry,0-1 (choice),B,Reserve Infantry Platoon,RPG-7,8,32,RPG-7 [Reserve],632א,20x20
formation,Merkava 3 Tank Company,א (Aleph),S6,Infantry,0-1 (choice),B,Reserve Infantry Platoon,RPG-7,9,33,RPG-7 [Reserve],633א,20x20
formation,Merkava 3 Tank Company,א (Aleph),S6,Infantry,0-1 (choice),B,Reserve Infantry Platoon,RPG-7,10,34,RPG-7 [Reserve],634א,20x20
formation,Merkava 3 Tank Company,א (Aleph),S6,Infantry,0-1 (choice),B,Reserve Infantry Platoon,M47 DRAGON,11,35,M47 Dragon (or Dragon 2) [Reserve],635א,20x20
formation,Merkava 3 Tank Company,א (Aleph),S6,Infantry,0-1 (choice),B,Reserve Infantry Platoon,52MM,12,36,52mm mortar [Reserve],636א,20x20
formation,Merkava 3 Tank Company,א (Aleph),S6,Infantry,0-1 (choice),B,Reserve Infantry Platoon,ZELDA,13,37,Transport (Reserve M113),637א,20x30
formation,Merkava 3 Tank Company,א (Aleph),S6,Infantry,0-1 (choice),B,Reserve Infantry Platoon,ZELDA,14,38,Transport (Reserve M113),638א,20x30
formation,Merkava 3 Tank Company,א (Aleph),S6,Infantry,0-1 (choice),B,Reserve Infantry Platoon,ZELDA,15,39,Transport (Reserve M113),639א,20x30
formation,Merkava 3 Tank Company,א (Aleph),S6,Infantry,0-1 (choice),B,Reserve Infantry Platoon,ZELDA,16,40,Transport (Reserve M113),640א,20x30
formation,Merkava 3 Tank Company,ב (Bet),S1,HQ,1-2,A,Merkava 3 Tank Company HQ,MERKAVA 3,1,1,HQ Tank,001ב,20x40
formation,Merkava 3 Tank Company,ב (Bet),S1,HQ,1-2,A,Merkava 3 Tank Company HQ,MERKAVA 3,2,2,HQ Tank,002ב,20x40
formation,Merkava 3 Tank Company,ב (Bet),S2a,Combat,1 of 2 mandatory,A,Merkava 3 Tank Platoon (1st),MERKAVA 3,1,1,Tank,101ב,20x40
formation,Merkava 3 Tank Company,ב (Bet),S2a,Combat,1 of 2 mandatory,A,Merkava 3 Tank Platoon (1st),MERKAVA 3,2,2,Tank,102ב,20x40
formation,Merkava 3 Tank Company,ב (Bet),S2a,Combat,1 of 2 mandatory,A,Merkava 3 Tank Platoon (1st),MERKAVA 3,3,3,Tank,103ב,20x40
formation,Merkava 3 Tank Company,ב (Bet),S2b,Combat,2 of 2 mandatory,A,Merkava 3 Tank Platoon (2nd),MERKAVA 3,1,1,Tank,201ב,20x40
formation,Merkava 3 Tank Company,ב (Bet),S2b,Combat,2 of 2 mandatory,A,Merkava 3 Tank Platoon (2nd),MERKAVA 3,2,2,Tank,202ב,20x40
formation,Merkava 3 Tank Company,ב (Bet),S2b,Combat,2 of 2 mandatory,A,Merkava 3 Tank Platoon (2nd),MERKAVA 3,3,3,Tank,203ב,20x40
formation,Merkava 3 Tank Company,ב (Bet),S3,Combat,1 (choice),A,Merkava 3 Tank Platoon,MERKAVA 3,1,1,Tank,301ב,20x40
formation,Merkava 3 Tank Company,ב (Bet),S3,Combat,1 (choice),A,Merkava 3 Tank Platoon,MERKAVA 3,2,2,Tank,302ב,20x40
formation,Merkava 3 Tank Company,ב (Bet),S3,Combat,1 (choice),A,Merkava 3 Tank Platoon,MERKAVA 3,3,3,Tank,303ב,20x40
formation,Merkava 3 Tank Company,ב (Bet),S3,Combat,1 (choice),B,Merkava 2 Tank Platoon,MERKAVA 2,1,4,Tank,304ב,20x40
formation,Merkava 3 Tank Company,ב (Bet),S3,Combat,1 (choice),B,Merkava 2 Tank Platoon,MERKAVA 2,2,5,Tank,305ב,20x40
formation,Merkava 3 Tank Company,ב (Bet),S3,Combat,1 (choice),B,Merkava 2 Tank Platoon,MERKAVA 2,3,6,Tank,306ב,20x40
formation,Merkava 3 Tank Company,ב (Bet),S3,Combat,1 (choice),C,Merkava 1 Tank Platoon,MERKAVA 1,1,7,Tank,307ב,20x40
formation,Merkava 3 Tank Company,ב (Bet),S3,Combat,1 (choice),C,Merkava 1 Tank Platoon,MERKAVA 1,2,8,Tank,308ב,20x40
formation,Merkava 3 Tank Company,ב (Bet),S3,Combat,1 (choice),C,Merkava 1 Tank Platoon,MERKAVA 1,3,9,Tank,309ב,20x40
formation,Merkava 3 Tank Company,ב (Bet),S4,Combat,1,A,Merkava 3 Tank Platoon (3rd),MERKAVA 3,1,1,Tank,401ב,20x40
formation,Merkava 3 Tank Company,ב (Bet),S4,Combat,1,A,Merkava 3 Tank Platoon (3rd),MERKAVA 3,2,2,Tank,402ב,20x40
formation,Merkava 3 Tank Company,ב (Bet),S4,Combat,1,A,Merkava 3 Tank Platoon (3rd),MERKAVA 3,3,3,Tank,403ב,20x40
formation,Merkava 3 Tank Company,ב (Bet),S5,Recce,0-1 (choice),A,Jeep Recce Platoon,JEEP,1,1,Recce,501ב,20x30
formation,Merkava 3 Tank Company,ב (Bet),S5,Recce,0-1 (choice),A,Jeep Recce Platoon,JEEP,2,2,Recce,502ב,20x30
formation,Merkava 3 Tank Company,ב (Bet),S5,Recce,0-1 (choice),A,Jeep Recce Platoon,JEEP,3,3,Recce,503ב,20x30
formation,Merkava 3 Tank Company,ב (Bet),S5,Recce,0-1 (choice),B,M113 Recce Platoon,ZELDA,1,4,Recce,504ב,20x30
formation,Merkava 3 Tank Company,ב (Bet),S5,Recce,0-1 (choice),B,M113 Recce Platoon,ZELDA,2,5,Recce,505ב,20x30
formation,Merkava 3 Tank Company,ב (Bet),S5,Recce,0-1 (choice),B,M113 Recce Platoon,ZELDA,3,6,Recce,506ב,20x30
formation,Merkava 3 Tank Company,ב (Bet),S5,Recce,0-1 (choice),B,M113 Recce Platoon,ZELDA,4,7,Recce,507ב,20x30
formation,Merkava 3 Tank Company,ב (Bet),S5,Recce,0-1 (choice),C,Rabbi Recce Platoon,RABBI,1,8,Recce,508ב,20x30
formation,Merkava 3 Tank Company,ב (Bet),S5,Recce,0-1 (choice),C,Rabbi Recce Platoon,RABBI,2,9,Recce,509ב,20x30
formation,Merkava 3 Tank Company,ב (Bet),S5,Recce,0-1 (choice),C,Rabbi Recce Platoon,RABBI,3,10,Recce,510ב,20x30
formation,Merkava 3 Tank Company,ב (Bet),S5,Recce,0-1 (choice),C,Rabbi Recce Platoon,UH-1,4,11,Transport heli,511ב,20x40
formation,Merkava 3 Tank Company,ב (Bet),S5,Recce,0-1 (choice),C,Rabbi Recce Platoon,UH-1,5,12,Transport heli,512ב,20x40
formation,Merkava 3 Tank Company,ב (Bet),S6,Infantry,0-1 (choice),A,Mech Infantry Platoon,GALIL,1,1,Galil rifle (M72 LAW),601ב,40x20
formation,Merkava 3 Tank Company,ב (Bet),S6,Infantry,0-1 (choice),A,Mech Infantry Platoon,GALIL,2,2,Galil rifle (M72 LAW),602ב,40x20
formation,Merkava 3 Tank Company,ב (Bet),S6,Infantry,0-1 (choice),A,Mech Infantry Platoon,GALIL,3,3,Galil rifle (M72 LAW),603ב,40x20
formation,Merkava 3 Tank Company,ב (Bet),S6,Infantry,0-1 (choice),A,Mech Infantry Platoon,GALIL,4,4,Galil rifle (M72 LAW),604ב,40x20
formation,Merkava 3 Tank Company,ב (Bet),S6,Infantry,0-1 (choice),A,Mech Infantry Platoon,FN MAG,5,5,FN MAG (M72 LAW),605ב,20x20
formation,Merkava 3 Tank Company,ב (Bet),S6,Infantry,0-1 (choice),A,Mech Infantry Platoon,FN MAG,6,6,FN MAG (M72 LAW),606ב,20x20
formation,Merkava 3 Tank Company,ב (Bet),S6,Infantry,0-1 (choice),A,Mech Infantry Platoon,FN MAG,7,7,FN MAG (M72 LAW),607ב,20x20
formation,Merkava 3 Tank Company,ב (Bet),S6,Infantry,0-1 (choice),A,Mech Infantry Platoon,RPG-7,8,8,RPG-7 (or B-300),608ב,20x20
formation,Merkava 3 Tank Company,ב (Bet),S6,Infantry,0-1 (choice),A,Mech Infantry Platoon,RPG-7,9,9,RPG-7 (or B-300),609ב,20x20
formation,Merkava 3 Tank Company,ב (Bet),S6,Infantry,0-1 (choice),A,Mech Infantry Platoon,RPG-7,10,10,RPG-7 (or B-300),610ב,20x20
formation,Merkava 3 Tank Company,ב (Bet),S6,Infantry,0-1 (choice),A,Mech Infantry Platoon,M47 DRAGON,11,11,M47 Dragon (or Dragon 2),611ב,20x20
formation,Merkava 3 Tank Company,ב (Bet),S6,Infantry,0-1 (choice),A,Mech Infantry Platoon,52MM,12,12,52mm mortar,612ב,20x20
formation,Merkava 3 Tank Company,ב (Bet),S6,Infantry,0-1 (choice),A,Mech Infantry Platoon,ZELDA,13,13,Transport (M113),613ב,20x30
formation,Merkava 3 Tank Company,ב (Bet),S6,Infantry,0-1 (choice),A,Mech Infantry Platoon,ZELDA,14,14,Transport (M113),614ב,20x30
formation,Merkava 3 Tank Company,ב (Bet),S6,Infantry,0-1 (choice),A,Mech Infantry Platoon,ZELDA,15,15,Transport (M113),615ב,20x30
formation,Merkava 3 Tank Company,ב (Bet),S6,Infantry,0-1 (choice),A,Mech Infantry Platoon,ZELDA,16,16,Transport (M113),616ב,20x30
formation,Merkava 3 Tank Company,ב (Bet),S6,Infantry,0-1 (choice),A,Mech Infantry Platoon,VAYZATA,17,17,Transport (Vayzata variant),617ב,20x30
formation,Merkava 3 Tank Company,ב (Bet),S6,Infantry,0-1 (choice),A,Mech Infantry Platoon,VAYZATA,18,18,Transport (Vayzata variant),618ב,20x30
formation,Merkava 3 Tank Company,ב (Bet),S6,Infantry,0-1 (choice),A,Mech Infantry Platoon,VAYZATA,19,19,Transport (Vayzata variant),619ב,20x30
formation,Merkava 3 Tank Company,ב (Bet),S6,Infantry,0-1 (choice),A,Mech Infantry Platoon,VAYZATA,20,20,Transport (Vayzata variant),620ב,20x30
formation,Merkava 3 Tank Company,ב (Bet),S6,Infantry,0-1 (choice),A,Mech Infantry Platoon,NAGMASH,21,21,Transport (Nagmasho't variant),621ב,20x30
formation,Merkava 3 Tank Company,ב (Bet),S6,Infantry,0-1 (choice),A,Mech Infantry Platoon,NAGMASH,22,22,Transport (Nagmasho't variant),622ב,20x30
formation,Merkava 3 Tank Company,ב (Bet),S6,Infantry,0-1 (choice),A,Mech Infantry Platoon,NAGMASH,23,23,Transport (Nagmasho't variant),623ב,20x30
formation,Merkava 3 Tank Company,ב (Bet),S6,Infantry,0-1 (choice),A,Mech Infantry Platoon,NAGMASH,24,24,Transport (Nagmasho't variant),624ב,20x30
formation,Merkava 3 Tank Company,ב (Bet),S6,Infantry,0-1 (choice),B,Reserve Infantry Platoon,GALIL,1,25,Galil rifle (M72 LAW) [Reserve],625ב,40x20
formation,Merkava 3 Tank Company,ב (Bet),S6,Infantry,0-1 (choice),B,Reserve Infantry Platoon,GALIL,2,26,Galil rifle (M72 LAW) [Reserve],626ב,40x20
formation,Merkava 3 Tank Company,ב (Bet),S6,Infantry,0-1 (choice),B,Reserve Infantry Platoon,GALIL,3,27,Galil rifle (M72 LAW) [Reserve],627ב,40x20
formation,Merkava 3 Tank Company,ב (Bet),S6,Infantry,0-1 (choice),B,Reserve Infantry Platoon,GALIL,4,28,Galil rifle (M72 LAW) [Reserve],628ב,40x20
formation,Merkava 3 Tank Company,ב (Bet),S6,Infantry,0-1 (choice),B,Reserve Infantry Platoon,FN MAG,5,29,FN MAG (M72 LAW) [Reserve],629ב,20x20
formation,Merkava 3 Tank Company,ב (Bet),S6,Infantry,0-1 (choice),B,Reserve Infantry Platoon,FN MAG,6,30,FN MAG (M72 LAW) [Reserve],630ב,20x20
formation,Merkava 3 Tank Company,ב (Bet),S6,Infantry,0-1 (choice),B,Reserve Infantry Platoon,FN MAG,7,31,FN MAG (M72 LAW) [Reserve],631ב,20x20
formation,Merkava 3 Tank Company,ב (Bet),S6,Infantry,0-1 (choice),B,Reserve Infantry Platoon,RPG-7,8,32,RPG-7 [Reserve],632ב,20x20
formation,Merkava 3 Tank Company,ב (Bet),S6,Infantry,0-1 (choice),B,Reserve Infantry Platoon,RPG-7,9,33,RPG-7 [Reserve],633ב,20x20
formation,Merkava 3 Tank Company,ב (Bet),S6,Infantry,0-1 (choice),B,Reserve Infantry Platoon,RPG-7,10,34,RPG-7 [Reserve],634ב,20x20
formation,Merkava 3 Tank Company,ב (Bet),S6,Infantry,0-1 (choice),B,Reserve Infantry Platoon,M47 DRAGON,11,35,M47 Dragon (or Dragon 2) [Reserve],635ב,20x20
formation,Merkava 3 Tank Company,ב (Bet),S6,Infantry,0-1 (choice),B,Reserve Infantry Platoon,52MM,12,36,52mm mortar [Reserve],636ב,20x20
formation,Merkava 3 Tank Company,ב (Bet),S6,Infantry,0-1 (choice),B,Reserve Infantry Platoon,ZELDA,13,37,Transport (Reserve M113),637ב,20x30
formation,Merkava 3 Tank Company,ב (Bet),S6,Infantry,0-1 (choice),B,Reserve Infantry Platoon,ZELDA,14,38,Transport (Reserve M113),638ב,20x30
formation,Merkava 3 Tank Company,ב (Bet),S6,Infantry,0-1 (choice),B,Reserve Infantry Platoon,ZELDA,15,39,Transport (Reserve M113),639ב,20x30
formation,Merkava 3 Tank Company,ב (Bet),S6,Infantry,0-1 (choice),B,Reserve Infantry Platoon,ZELDA,16,40,Transport (Reserve M113),640ב,20x30
formation,Merkava 3 Tank Company,ג (Gimel),S1,HQ,1-2,A,Merkava 3 Tank Company HQ,MERKAVA 3,1,1,HQ Tank,001ג,20x40
formation,Merkava 3 Tank Company,ג (Gimel),S1,HQ,1-2,A,Merkava 3 Tank Company HQ,MERKAVA 3,2,2,HQ Tank,002ג,20x40
formation,Merkava 3 Tank Company,ג (Gimel),S2a,Combat,1 of 2 mandatory,A,Merkava 3 Tank Platoon (1st),MERKAVA 3,1,1,Tank,101ג,20x40
formation,Merkava 3 Tank Company,ג (Gimel),S2a,Combat,1 of 2 mandatory,A,Merkava 3 Tank Platoon (1st),MERKAVA 3,2,2,Tank,102ג,20x40
formation,Merkava 3 Tank Company,ג (Gimel),S2a,Combat,1 of 2 mandatory,A,Merkava 3 Tank Platoon (1st),MERKAVA 3,3,3,Tank,103ג,20x40
formation,Merkava 3 Tank Company,ג (Gimel),S2b,Combat,2 of 2 mandatory,A,Merkava 3 Tank Platoon (2nd),MERKAVA 3,1,1,Tank,201ג,20x40
formation,Merkava 3 Tank Company,ג (Gimel),S2b,Combat,2 of 2 mandatory,A,Merkava 3 Tank Platoon (2nd),MERKAVA 3,2,2,Tank,202ג,20x40
formation,Merkava 3 Tank Company,ג (Gimel),S2b,Combat,2 of 2 mandatory,A,Merkava 3 Tank Platoon (2nd),MERKAVA 3,3,3,Tank,203ג,20x40
formation,Merkava 3 Tank Company,ג (Gimel),S3,Combat,1 (choice),A,Merkava 3 Tank Platoon,MERKAVA 3,1,1,Tank,301ג,20x40
formation,Merkava 3 Tank Company,ג (Gimel),S3,Combat,1 (choice),A,Merkava 3 Tank Platoon,MERKAVA 3,2,2,Tank,302ג,20x40
formation,Merkava 3 Tank Company,ג (Gimel),S3,Combat,1 (choice),A,Merkava 3 Tank Platoon,MERKAVA 3,3,3,Tank,303ג,20x40
formation,Merkava 3 Tank Company,ג (Gimel),S3,Combat,1 (choice),B,Merkava 2 Tank Platoon,MERKAVA 2,1,4,Tank,304ג,20x40
formation,Merkava 3 Tank Company,ג (Gimel),S3,Combat,1 (choice),B,Merkava 2 Tank Platoon,MERKAVA 2,2,5,Tank,305ג,20x40
formation,Merkava 3 Tank Company,ג (Gimel),S3,Combat,1 (choice),B,Merkava 2 Tank Platoon,MERKAVA 2,3,6,Tank,306ג,20x40
formation,Merkava 3 Tank Company,ג (Gimel),S3,Combat,1 (choice),C,Merkava 1 Tank Platoon,MERKAVA 1,1,7,Tank,307ג,20x40
formation,Merkava 3 Tank Company,ג (Gimel),S3,Combat,1 (choice),C,Merkava 1 Tank Platoon,MERKAVA 1,2,8,Tank,308ג,20x40
formation,Merkava 3 Tank Company,ג (Gimel),S3,Combat,1 (choice),C,Merkava 1 Tank Platoon,MERKAVA 1,3,9,Tank,309ג,20x40
formation,Merkava 3 Tank Company,ג (Gimel),S4,Combat,1,A,Merkava 3 Tank Platoon (3rd),MERKAVA 3,1,1,Tank,401ג,20x40
formation,Merkava 3 Tank Company,ג (Gimel),S4,Combat,1,A,Merkava 3 Tank Platoon (3rd),MERKAVA 3,2,2,Tank,402ג,20x40
formation,Merkava 3 Tank Company,ג (Gimel),S4,Combat,1,A,Merkava 3 Tank Platoon (3rd),MERKAVA 3,3,3,Tank,403ג,20x40
formation,Merkava 3 Tank Company,ג (Gimel),S5,Recce,0-1 (choice),A,Jeep Recce Platoon,JEEP,1,1,Recce,501ג,20x30
formation,Merkava 3 Tank Company,ג (Gimel),S5,Recce,0-1 (choice),A,Jeep Recce Platoon,JEEP,2,2,Recce,502ג,20x30
formation,Merkava 3 Tank Company,ג (Gimel),S5,Recce,0-1 (choice),A,Jeep Recce Platoon,JEEP,3,3,Recce,503ג,20x30
formation,Merkava 3 Tank Company,ג (Gimel),S5,Recce,0-1 (choice),B,M113 Recce Platoon,ZELDA,1,4,Recce,504ג,20x30
formation,Merkava 3 Tank Company,ג (Gimel),S5,Recce,0-1 (choice),B,M113 Recce Platoon,ZELDA,2,5,Recce,505ג,20x30
formation,Merkava 3 Tank Company,ג (Gimel),S5,Recce,0-1 (choice),B,M113 Recce Platoon,ZELDA,3,6,Recce,506ג,20x30
formation,Merkava 3 Tank Company,ג (Gimel),S5,Recce,0-1 (choice),B,M113 Recce Platoon,ZELDA,4,7,Recce,507ג,20x30
formation,Merkava 3 Tank Company,ג (Gimel),S5,Recce,0-1 (choice),C,Rabbi Recce Platoon,RABBI,1,8,Recce,508ג,20x30
formation,Merkava 3 Tank Company,ג (Gimel),S5,Recce,0-1 (choice),C,Rabbi Recce Platoon,RABBI,2,9,Recce,509ג,20x30
formation,Merkava 3 Tank Company,ג (Gimel),S5,Recce,0-1 (choice),C,Rabbi Recce Platoon,RABBI,3,10,Recce,510ג,20x30
formation,Merkava 3 Tank Company,ג (Gimel),S5,Recce,0-1 (choice),C,Rabbi Recce Platoon,UH-1,4,11,Transport heli,511ג,20x40
formation,Merkava 3 Tank Company,ג (Gimel),S5,Recce,0-1 (choice),C,Rabbi Recce Platoon,UH-1,5,12,Transport heli,512ג,20x40
formation,Merkava 3 Tank Company,ג (Gimel),S6,Infantry,0-1 (choice),A,Mech Infantry Platoon,GALIL,1,1,Galil rifle (M72 LAW),601ג,40x20
formation,Merkava 3 Tank Company,ג (Gimel),S6,Infantry,0-1 (choice),A,Mech Infantry Platoon,GALIL,2,2,Galil rifle (M72 LAW),602ג,40x20
formation,Merkava 3 Tank Company,ג (Gimel),S6,Infantry,0-1 (choice),A,Mech Infantry Platoon,GALIL,3,3,Galil rifle (M72 LAW),603ג,40x20
formation,Merkava 3 Tank Company,ג (Gimel),S6,Infantry,0-1 (choice),A,Mech Infantry Platoon,GALIL,4,4,Galil rifle (M72 LAW),604ג,40x20
formation,Merkava 3 Tank Company,ג (Gimel),S6,Infantry,0-1 (choice),A,Mech Infantry Platoon,FN MAG,5,5,FN MAG (M72 LAW),605ג,20x20
formation,Merkava 3 Tank Company,ג (Gimel),S6,Infantry,0-1 (choice),A,Mech Infantry Platoon,FN MAG,6,6,FN MAG (M72 LAW),606ג,20x20
formation,Merkava 3 Tank Company,ג (Gimel),S6,Infantry,0-1 (choice),A,Mech Infantry Platoon,FN MAG,7,7,FN MAG (M72 LAW),607ג,20x20
formation,Merkava 3 Tank Company,ג (Gimel),S6,Infantry,0-1 (choice),A,Mech Infantry Platoon,RPG-7,8,8,RPG-7 (or B-300),608ג,20x20
formation,Merkava 3 Tank Company,ג (Gimel),S6,Infantry,0-1 (choice),A,Mech Infantry Platoon,RPG-7,9,9,RPG-7 (or B-300),609ג,20x20
formation,Merkava 3 Tank Company,ג (Gimel),S6,Infantry,0-1 (choice),A,Mech Infantry Platoon,RPG-7,10,10,RPG-7 (or B-300),610ג,20x20
formation,Merkava 3 Tank Company,ג (Gimel),S6,Infantry,0-1 (choice),A,Mech Infantry Platoon,M47 DRAGON,11,11,M47 Dragon (or Dragon 2),611ג,20x20
formation,Merkava 3 Tank Company,ג (Gimel),S6,Infantry,0-1 (choice),A,Mech Infantry Platoon,52MM,12,12,52mm mortar,612ג,20x20
formation,Merkava 3 Tank Company,ג (Gimel),S6,Infantry,0-1 (choice),A,Mech Infantry Platoon,ZELDA,13,13,Transport (M113),613ג,20x30
formation,Merkava 3 Tank Company,ג (Gimel),S6,Infantry,0-1 (choice),A,Mech Infantry Platoon,ZELDA,14,14,Transport (M113),614ג,20x30
formation,Merkava 3 Tank Company,ג (Gimel),S6,Infantry,0-1 (choice),A,Mech Infantry Platoon,ZELDA,15,15,Transport (M113),615ג,20x30
formation,Merkava 3 Tank Company,ג (Gimel),S6,Infantry,0-1 (choice),A,Mech Infantry Platoon,ZELDA,16,16,Transport (M113),616ג,20x30
formation,Merkava 3 Tank Company,ג (Gimel),S6,Infantry,0-1 (choice),A,Mech Infantry Platoon,VAYZATA,17,17,Transport (Vayzata variant),617ג,20x30
formation,Merkava 3 Tank Company,ג (Gimel),S6,Infantry,0-1 (choice),A,Mech Infantry Platoon,VAYZATA,18,18,Transport (Vayzata variant),618ג,20x30
formation,Merkava 3 Tank Company,ג (Gimel),S6,Infantry,0-1 (choice),A,Mech Infantry Platoon,VAYZATA,19,19,Transport (Vayzata variant),619ג,20x30
formation,Merkava 3 Tank Company,ג (Gimel),S6,Infantry,0-1 (choice),A,Mech Infantry Platoon,VAYZATA,20,20,Transport (Vayzata variant),620ג,20x30
formation,Merkava 3 Tank Company,ג (Gimel),S6,Infantry,0-1 (choice),A,Mech Infantry Platoon,NAGMASH,21,21,Transport (Nagmasho't variant),621ג,20x30
formation,Merkava 3 Tank Company,ג (Gimel),S6,Infantry,0-1 (choice),A,Mech Infantry Platoon,NAGMASH,22,22,Transport (Nagmasho't variant),622ג,20x30
formation,Merkava 3 Tank Company,ג (Gimel),S6,Infantry,0-1 (choice),A,Mech Infantry Platoon,NAGMASH,23,23,Transport (Nagmasho't variant),623ג,20x30
formation,Merkava 3 Tank Company,ג (Gimel),S6,Infantry,0-1 (choice),A,Mech Infantry Platoon,NAGMASH,24,24,Transport (Nagmasho't variant),624ג,20x30
formation,Merkava 3 Tank Company,ג (Gimel),S6,Infantry,0-1 (choice),B,Reserve Infantry Platoon,GALIL,1,25,Galil rifle (M72 LAW) [Reserve],625ג,40x20
formation,Merkava 3 Tank Company,ג (Gimel),S6,Infantry,0-1 (choice),B,Reserve Infantry Platoon,GALIL,2,26,Galil rifle (M72 LAW) [Reserve],626ג,40x20
formation,Merkava 3 Tank Company,ג (Gimel),S6,Infantry,0-1 (choice),B,Reserve Infantry Platoon,GALIL,3,27,Galil rifle (M72 LAW) [Reserve],627ג,40x20
formation,Merkava 3 Tank Company,ג (Gimel),S6,Infantry,0-1 (choice),B,Reserve Infantry Platoon,GALIL,4,28,Galil rifle (M72 LAW) [Reserve],628ג,40x20
formation,Merkava 3 Tank Company,ג (Gimel),S6,Infantry,0-1 (choice),B,Reserve Infantry Platoon,FN MAG,5,29,FN MAG (M72 LAW) [Reserve],629ג,20x20
formation,Merkava 3 Tank Company,ג (Gimel),S6,Infantry,0-1 (choice),B,Reserve Infantry Platoon,FN MAG,6,30,FN MAG (M72 LAW) [Reserve],630ג,20x20
formation,Merkava 3 Tank Company,ג (Gimel),S6,Infantry,0-1 (choice),B,Reserve Infantry Platoon,FN MAG,7,31,FN MAG (M72 LAW) [Reserve],631ג,20x20
formation,Merkava 3 Tank Company,ג (Gimel),S6,Infantry,0-1 (choice),B,Reserve Infantry Platoon,RPG-7,8,32,RPG-7 [Reserve],632ג,20x20
formation,Merkava 3 Tank Company,ג (Gimel),S6,Infantry,0-1 (choice),B,Reserve Infantry Platoon,RPG-7,9,33,RPG-7 [Reserve],633ג,20x20
formation,Merkava 3 Tank Company,ג (Gimel),S6,Infantry,0-1 (choice),B,Reserve Infantry Platoon,RPG-7,10,34,RPG-7 [Reserve],634ג,20x20
formation,Merkava 3 Tank Company,ג (Gimel),S6,Infantry,0-1 (choice),B,Reserve Infantry Platoon,M47 DRAGON,11,35,M47 Dragon (or Dragon 2) [Reserve],635ג,20x20
formation,Merkava 3 Tank Company,ג (Gimel),S6,Infantry,0-1 (choice),B,Reserve Infantry Platoon,52MM,12,36,52mm mortar [Reserve],636ג,20x20
formation,Merkava 3 Tank Company,ג (Gimel),S6,Infantry,0-1 (choice),B,Reserve Infantry Platoon,ZELDA,13,37,Transport (Reserve M113),637ג,20x30
formation,Merkava 3 Tank Company,ג (Gimel),S6,Infantry,0-1 (choice),B,Reserve Infantry Platoon,ZELDA,14,38,Transport (Reserve M113),638ג,20x30
formation,Merkava 3 Tank Company,ג (Gimel),S6,Infantry,0-1 (choice),B,Reserve Infantry Platoon,ZELDA,15,39,Transport (Reserve M113),639ג,20x30
formation,Merkava 3 Tank Company,ג (Gimel),S6,Infantry,0-1 (choice),B,Reserve Infantry Platoon,ZELDA,16,40,Transport (Reserve M113),640ג,20x30
formation,Merkava 2 Tank Company,ד (Dalet),S1,HQ,1-2,A,Merkava 2 Tank Company HQ,MERKAVA 2,1,1,HQ Tank,001ד,20x40
formation,Merkava 2 Tank Company,ד (Dalet),S1,HQ,1-2,A,Merkava 2 Tank Company HQ,MERKAVA 2,2,2,HQ Tank,002ד,20x40
formation,Merkava 2 Tank Company,ד (Dalet),S2a,Combat,1 of 2 mandatory,A,Merkava 2 Tank Platoon (1st),MERKAVA 2,1,1,Tank,101ד,20x40
formation,Merkava 2 Tank Company,ד (Dalet),S2a,Combat,1 of 2 mandatory,A,Merkava 2 Tank Platoon (1st),MERKAVA 2,2,2,Tank,102ד,20x40
formation,Merkava 2 Tank Company,ד (Dalet),S2a,Combat,1 of 2 mandatory,A,Merkava 2 Tank Platoon (1st),MERKAVA 2,3,3,Tank,103ד,20x40
formation,Merkava 2 Tank Company,ד (Dalet),S2b,Combat,2 of 2 mandatory,A,Merkava 2 Tank Platoon (2nd),MERKAVA 2,1,1,Tank,201ד,20x40
formation,Merkava 2 Tank Company,ד (Dalet),S2b,Combat,2 of 2 mandatory,A,Merkava 2 Tank Platoon (2nd),MERKAVA 2,2,2,Tank,202ד,20x40
formation,Merkava 2 Tank Company,ד (Dalet),S2b,Combat,2 of 2 mandatory,A,Merkava 2 Tank Platoon (2nd),MERKAVA 2,3,3,Tank,203ד,20x40
formation,Merkava 2 Tank Company,ד (Dalet),S3,Combat,1 (choice),A,Merkava 2 Tank Platoon,MERKAVA 2,1,1,Tank,301ד,20x40
formation,Merkava 2 Tank Company,ד (Dalet),S3,Combat,1 (choice),A,Merkava 2 Tank Platoon,MERKAVA 2,2,2,Tank,302ד,20x40
formation,Merkava 2 Tank Company,ד (Dalet),S3,Combat,1 (choice),A,Merkava 2 Tank Platoon,MERKAVA 2,3,3,Tank,303ד,20x40
formation,Merkava 2 Tank Company,ד (Dalet),S3,Combat,1 (choice),B,Merkava 1 Tank Platoon,MERKAVA 1,1,4,Tank,304ד,20x40
formation,Merkava 2 Tank Company,ד (Dalet),S3,Combat,1 (choice),B,Merkava 1 Tank Platoon,MERKAVA 1,2,5,Tank,305ד,20x40
formation,Merkava 2 Tank Company,ד (Dalet),S3,Combat,1 (choice),B,Merkava 1 Tank Platoon,MERKAVA 1,3,6,Tank,306ד,20x40
formation,Merkava 2 Tank Company,ד (Dalet),S3,Combat,1 (choice),C,Merkava 3 Tank Platoon,MERKAVA 3,1,7,Tank,307ד,20x40
formation,Merkava 2 Tank Company,ד (Dalet),S3,Combat,1 (choice),C,Merkava 3 Tank Platoon,MERKAVA 3,2,8,Tank,308ד,20x40
formation,Merkava 2 Tank Company,ד (Dalet),S3,Combat,1 (choice),C,Merkava 3 Tank Platoon,MERKAVA 3,3,9,Tank,309ד,20x40
formation,Merkava 2 Tank Company,ד (Dalet),S4,Combat,1,A,Merkava 2 Tank Platoon (3rd),MERKAVA 2,1,1,Tank,401ד,20x40
formation,Merkava 2 Tank Company,ד (Dalet),S4,Combat,1,A,Merkava 2 Tank Platoon (3rd),MERKAVA 2,2,2,Tank,402ד,20x40
formation,Merkava 2 Tank Company,ד (Dalet),S4,Combat,1,A,Merkava 2 Tank Platoon (3rd),MERKAVA 2,3,3,Tank,403ד,20x40
formation,Merkava 2 Tank Company,ד (Dalet),S5,Recce,0-1 (choice),A,Jeep Recce Platoon,JEEP,1,1,Recce,501ד,20x30
formation,Merkava 2 Tank Company,ד (Dalet),S5,Recce,0-1 (choice),A,Jeep Recce Platoon,JEEP,2,2,Recce,502ד,20x30
formation,Merkava 2 Tank Company,ד (Dalet),S5,Recce,0-1 (choice),A,Jeep Recce Platoon,JEEP,3,3,Recce,503ד,20x30
formation,Merkava 2 Tank Company,ד (Dalet),S5,Recce,0-1 (choice),B,M113 Recce Platoon,ZELDA,1,4,Recce,504ד,20x30
formation,Merkava 2 Tank Company,ד (Dalet),S5,Recce,0-1 (choice),B,M113 Recce Platoon,ZELDA,2,5,Recce,505ד,20x30
formation,Merkava 2 Tank Company,ד (Dalet),S5,Recce,0-1 (choice),B,M113 Recce Platoon,ZELDA,3,6,Recce,506ד,20x30
formation,Merkava 2 Tank Company,ד (Dalet),S5,Recce,0-1 (choice),B,M113 Recce Platoon,ZELDA,4,7,Recce,507ד,20x30
formation,Merkava 2 Tank Company,ד (Dalet),S5,Recce,0-1 (choice),C,Rabbi Recce Platoon,RABBI,1,8,Recce,508ד,20x30
formation,Merkava 2 Tank Company,ד (Dalet),S5,Recce,0-1 (choice),C,Rabbi Recce Platoon,RABBI,2,9,Recce,509ד,20x30
formation,Merkava 2 Tank Company,ד (Dalet),S5,Recce,0-1 (choice),C,Rabbi Recce Platoon,RABBI,3,10,Recce,510ד,20x30
formation,Merkava 2 Tank Company,ד (Dalet),S5,Recce,0-1 (choice),C,Rabbi Recce Platoon,UH-1,4,11,Transport heli,511ד,20x40
formation,Merkava 2 Tank Company,ד (Dalet),S5,Recce,0-1 (choice),C,Rabbi Recce Platoon,UH-1,5,12,Transport heli,512ד,20x40
formation,Merkava 2 Tank Company,ד (Dalet),S6,Infantry,0-1 (choice),A,Mech Infantry Platoon,GALIL,1,1,Galil rifle (M72 LAW),601ד,40x20
formation,Merkava 2 Tank Company,ד (Dalet),S6,Infantry,0-1 (choice),A,Mech Infantry Platoon,GALIL,2,2,Galil rifle (M72 LAW),602ד,40x20
formation,Merkava 2 Tank Company,ד (Dalet),S6,Infantry,0-1 (choice),A,Mech Infantry Platoon,GALIL,3,3,Galil rifle (M72 LAW),603ד,40x20
formation,Merkava 2 Tank Company,ד (Dalet),S6,Infantry,0-1 (choice),A,Mech Infantry Platoon,GALIL,4,4,Galil rifle (M72 LAW),604ד,40x20
formation,Merkava 2 Tank Company,ד (Dalet),S6,Infantry,0-1 (choice),A,Mech Infantry Platoon,FN MAG,5,5,FN MAG (M72 LAW),605ד,20x20
formation,Merkava 2 Tank Company,ד (Dalet),S6,Infantry,0-1 (choice),A,Mech Infantry Platoon,FN MAG,6,6,FN MAG (M72 LAW),606ד,20x20
formation,Merkava 2 Tank Company,ד (Dalet),S6,Infantry,0-1 (choice),A,Mech Infantry Platoon,FN MAG,7,7,FN MAG (M72 LAW),607ד,20x20
formation,Merkava 2 Tank Company,ד (Dalet),S6,Infantry,0-1 (choice),A,Mech Infantry Platoon,RPG-7,8,8,RPG-7 (or B-300),608ד,20x20
formation,Merkava 2 Tank Company,ד (Dalet),S6,Infantry,0-1 (choice),A,Mech Infantry Platoon,RPG-7,9,9,RPG-7 (or B-300),609ד,20x20
formation,Merkava 2 Tank Company,ד (Dalet),S6,Infantry,0-1 (choice),A,Mech Infantry Platoon,RPG-7,10,10,RPG-7 (or B-300),610ד,20x20
formation,Merkava 2 Tank Company,ד (Dalet),S6,Infantry,0-1 (choice),A,Mech Infantry Platoon,M47 DRAGON,11,11,M47 Dragon (or Dragon 2),611ד,20x20
formation,Merkava 2 Tank Company,ד (Dalet),S6,Infantry,0-1 (choice),A,Mech Infantry Platoon,52MM,12,12,52mm mortar,612ד,20x20
formation,Merkava 2 Tank Company,ד (Dalet),S6,Infantry,0-1 (choice),A,Mech Infantry Platoon,ZELDA,13,13,Transport (M113),613ד,20x30
formation,Merkava 2 Tank Company,ד (Dalet),S6,Infantry,0-1 (choice),A,Mech Infantry Platoon,ZELDA,14,14,Transport (M113),614ד,20x30
formation,Merkava 2 Tank Company,ד (Dalet),S6,Infantry,0-1 (choice),A,Mech Infantry Platoon,ZELDA,15,15,Transport (M113),615ד,20x30
formation,Merkava 2 Tank Company,ד (Dalet),S6,Infantry,0-1 (choice),A,Mech Infantry Platoon,ZELDA,16,16,Transport (M113),616ד,20x30
formation,Merkava 2 Tank Company,ד (Dalet),S6,Infantry,0-1 (choice),A,Mech Infantry Platoon,VAYZATA,17,17,Transport (Vayzata variant),617ד,20x30
formation,Merkava 2 Tank Company,ד (Dalet),S6,Infantry,0-1 (choice),A,Mech Infantry Platoon,VAYZATA,18,18,Transport (Vayzata variant),618ד,20x30
formation,Merkava 2 Tank Company,ד (Dalet),S6,Infantry,0-1 (choice),A,Mech Infantry Platoon,VAYZATA,19,19,Transport (Vayzata variant),619ד,20x30
formation,Merkava 2 Tank Company,ד (Dalet),S6,Infantry,0-1 (choice),A,Mech Infantry Platoon,VAYZATA,20,20,Transport (Vayzata variant),620ד,20x30
formation,Merkava 2 Tank Company,ד (Dalet),S6,Infantry,0-1 (choice),A,Mech Infantry Platoon,NAGMASH,21,21,Transport (Nagmasho't variant),621ד,20x30
formation,Merkava 2 Tank Company,ד (Dalet),S6,Infantry,0-1 (choice),A,Mech Infantry Platoon,NAGMASH,22,22,Transport (Nagmasho't variant),622ד,20x30
formation,Merkava 2 Tank Company,ד (Dalet),S6,Infantry,0-1 (choice),A,Mech Infantry Platoon,NAGMASH,23,23,Transport (Nagmasho't variant),623ד,20x30
formation,Merkava 2 Tank Company,ד (Dalet),S6,Infantry,0-1 (choice),A,Mech Infantry Platoon,NAGMASH,24,24,Transport (Nagmasho't variant),624ד,20x30
formation,Merkava 2 Tank Company,ד (Dalet),S6,Infantry,0-1 (choice),B,Reserve Infantry Platoon,GALIL,1,25,Galil rifle (M72 LAW) [Reserve],625ד,40x20
formation,Merkava 2 Tank Company,ד (Dalet),S6,Infantry,0-1 (choice),B,Reserve Infantry Platoon,GALIL,2,26,Galil rifle (M72 LAW) [Reserve],626ד,40x20
formation,Merkava 2 Tank Company,ד (Dalet),S6,Infantry,0-1 (choice),B,Reserve Infantry Platoon,GALIL,3,27,Galil rifle (M72 LAW) [Reserve],627ד,40x20
formation,Merkava 2 Tank Company,ד (Dalet),S6,Infantry,0-1 (choice),B,Reserve Infantry Platoon,GALIL,4,28,Galil rifle (M72 LAW) [Reserve],628ד,40x20
formation,Merkava 2 Tank Company,ד (Dalet),S6,Infantry,0-1 (choice),B,Reserve Infantry Platoon,FN MAG,5,29,FN MAG (M72 LAW) [Reserve],629ד,20x20
formation,Merkava 2 Tank Company,ד (Dalet),S6,Infantry,0-1 (choice),B,Reserve Infantry Platoon,FN MAG,6,30,FN MAG (M72 LAW) [Reserve],630ד,20x20
formation,Merkava 2 Tank Company,ד (Dalet),S6,Infantry,0-1 (choice),B,Reserve Infantry Platoon,FN MAG,7,31,FN MAG (M72 LAW) [Reserve],631ד,20x20
formation,Merkava 2 Tank Company,ד (Dalet),S6,Infantry,0-1 (choice),B,Reserve Infantry Platoon,RPG-7,8,32,RPG-7 [Reserve],632ד,20x20
formation,Merkava 2 Tank Company,ד (Dalet),S6,Infantry,0-1 (choice),B,Reserve Infantry Platoon,RPG-7,9,33,RPG-7 [Reserve],633ד,20x20
formation,Merkava 2 Tank Company,ד (Dalet),S6,Infantry,0-1 (choice),B,Reserve Infantry Platoon,RPG-7,10,34,RPG-7 [Reserve],634ד,20x20
formation,Merkava 2 Tank Company,ד (Dalet),S6,Infantry,0-1 (choice),B,Reserve Infantry Platoon,M47 DRAGON,11,35,M47 Dragon (or Dragon 2) [Reserve],635ד,20x20
formation,Merkava 2 Tank Company,ד (Dalet),S6,Infantry,0-1 (choice),B,Reserve Infantry Platoon,52MM,12,36,52mm mortar [Reserve],636ד,20x20
formation,Merkava 2 Tank Company,ד (Dalet),S6,Infantry,0-1 (choice),B,Reserve Infantry Platoon,ZELDA,13,37,Transport (Reserve M113),637ד,20x30
formation,Merkava 2 Tank Company,ד (Dalet),S6,Infantry,0-1 (choice),B,Reserve Infantry Platoon,ZELDA,14,38,Transport (Reserve M113),638ד,20x30
formation,Merkava 2 Tank Company,ד (Dalet),S6,Infantry,0-1 (choice),B,Reserve Infantry Platoon,ZELDA,15,39,Transport (Reserve M113),639ד,20x30
formation,Merkava 2 Tank Company,ד (Dalet),S6,Infantry,0-1 (choice),B,Reserve Infantry Platoon,ZELDA,16,40,Transport (Reserve M113),640ד,20x30
formation,Merkava 2 Tank Company,ה (He),S1,HQ,1-2,A,Merkava 2 Tank Company HQ,MERKAVA 2,1,1,HQ Tank,001ה,20x40
formation,Merkava 2 Tank Company,ה (He),S1,HQ,1-2,A,Merkava 2 Tank Company HQ,MERKAVA 2,2,2,HQ Tank,002ה,20x40
formation,Merkava 2 Tank Company,ה (He),S2a,Combat,1 of 2 mandatory,A,Merkava 2 Tank Platoon (1st),MERKAVA 2,1,1,Tank,101ה,20x40
formation,Merkava 2 Tank Company,ה (He),S2a,Combat,1 of 2 mandatory,A,Merkava 2 Tank Platoon (1st),MERKAVA 2,2,2,Tank,102ה,20x40
formation,Merkava 2 Tank Company,ה (He),S2a,Combat,1 of 2 mandatory,A,Merkava 2 Tank Platoon (1st),MERKAVA 2,3,3,Tank,103ה,20x40
formation,Merkava 2 Tank Company,ה (He),S2b,Combat,2 of 2 mandatory,A,Merkava 2 Tank Platoon (2nd),MERKAVA 2,1,1,Tank,201ה,20x40
formation,Merkava 2 Tank Company,ה (He),S2b,Combat,2 of 2 mandatory,A,Merkava 2 Tank Platoon (2nd),MERKAVA 2,2,2,Tank,202ה,20x40
formation,Merkava 2 Tank Company,ה (He),S2b,Combat,2 of 2 mandatory,A,Merkava 2 Tank Platoon (2nd),MERKAVA 2,3,3,Tank,203ה,20x40
formation,Merkava 2 Tank Company,ה (He),S3,Combat,1 (choice),A,Merkava 2 Tank Platoon,MERKAVA 2,1,1,Tank,301ה,20x40
formation,Merkava 2 Tank Company,ה (He),S3,Combat,1 (choice),A,Merkava 2 Tank Platoon,MERKAVA 2,2,2,Tank,302ה,20x40
formation,Merkava 2 Tank Company,ה (He),S3,Combat,1 (choice),A,Merkava 2 Tank Platoon,MERKAVA 2,3,3,Tank,303ה,20x40
formation,Merkava 2 Tank Company,ה (He),S3,Combat,1 (choice),B,Merkava 1 Tank Platoon,MERKAVA 1,1,4,Tank,304ה,20x40
formation,Merkava 2 Tank Company,ה (He),S3,Combat,1 (choice),B,Merkava 1 Tank Platoon,MERKAVA 1,2,5,Tank,305ה,20x40
formation,Merkava 2 Tank Company,ה (He),S3,Combat,1 (choice),B,Merkava 1 Tank Platoon,MERKAVA 1,3,6,Tank,306ה,20x40
formation,Merkava 2 Tank Company,ה (He),S3,Combat,1 (choice),C,Merkava 3 Tank Platoon,MERKAVA 3,1,7,Tank,307ה,20x40
formation,Merkava 2 Tank Company,ה (He),S3,Combat,1 (choice),C,Merkava 3 Tank Platoon,MERKAVA 3,2,8,Tank,308ה,20x40
formation,Merkava 2 Tank Company,ה (He),S3,Combat,1 (choice),C,Merkava 3 Tank Platoon,MERKAVA 3,3,9,Tank,309ה,20x40
formation,Merkava 2 Tank Company,ה (He),S4,Combat,1,A,Merkava 2 Tank Platoon (3rd),MERKAVA 2,1,1,Tank,401ה,20x40
formation,Merkava 2 Tank Company,ה (He),S4,Combat,1,A,Merkava 2 Tank Platoon (3rd),MERKAVA 2,2,2,Tank,402ה,20x40
formation,Merkava 2 Tank Company,ה (He),S4,Combat,1,A,Merkava 2 Tank Platoon (3rd),MERKAVA 2,3,3,Tank,403ה,20x40
formation,Merkava 2 Tank Company,ה (He),S5,Recce,0-1 (choice),A,Jeep Recce Platoon,JEEP,1,1,Recce,501ה,20x30
formation,Merkava 2 Tank Company,ה (He),S5,Recce,0-1 (choice),A,Jeep Recce Platoon,JEEP,2,2,Recce,502ה,20x30
formation,Merkava 2 Tank Company,ה (He),S5,Recce,0-1 (choice),A,Jeep Recce Platoon,JEEP,3,3,Recce,503ה,20x30
formation,Merkava 2 Tank Company,ה (He),S5,Recce,0-1 (choice),B,M113 Recce Platoon,ZELDA,1,4,Recce,504ה,20x30
formation,Merkava 2 Tank Company,ה (He),S5,Recce,0-1 (choice),B,M113 Recce Platoon,ZELDA,2,5,Recce,505ה,20x30
formation,Merkava 2 Tank Company,ה (He),S5,Recce,0-1 (choice),B,M113 Recce Platoon,ZELDA,3,6,Recce,506ה,20x30
formation,Merkava 2 Tank Company,ה (He),S5,Recce,0-1 (choice),B,M113 Recce Platoon,ZELDA,4,7,Recce,507ה,20x30
formation,Merkava 2 Tank Company,ה (He),S5,Recce,0-1 (choice),C,Rabbi Recce Platoon,RABBI,1,8,Recce,508ה,20x30
formation,Merkava 2 Tank Company,ה (He),S5,Recce,0-1 (choice),C,Rabbi Recce Platoon,RABBI,2,9,Recce,509ה,20x30
formation,Merkava 2 Tank Company,ה (He),S5,Recce,0-1 (choice),C,Rabbi Recce Platoon,RABBI,3,10,Recce,510ה,20x30
formation,Merkava 2 Tank Company,ה (He),S5,Recce,0-1 (choice),C,Rabbi Recce Platoon,UH-1,4,11,Transport heli,511ה,20x40
formation,Merkava 2 Tank Company,ה (He),S5,Recce,0-1 (choice),C,Rabbi Recce Platoon,UH-1,5,12,Transport heli,512ה,20x40
formation,Merkava 2 Tank Company,ה (He),S6,Infantry,0-1 (choice),A,Mech Infantry Platoon,GALIL,1,1,Galil rifle (M72 LAW),601ה,40x20
formation,Merkava 2 Tank Company,ה (He),S6,Infantry,0-1 (choice),A,Mech Infantry Platoon,GALIL,2,2,Galil rifle (M72 LAW),602ה,40x20
formation,Merkava 2 Tank Company,ה (He),S6,Infantry,0-1 (choice),A,Mech Infantry Platoon,GALIL,3,3,Galil rifle (M72 LAW),603ה,40x20
formation,Merkava 2 Tank Company,ה (He),S6,Infantry,0-1 (choice),A,Mech Infantry Platoon,GALIL,4,4,Galil rifle (M72 LAW),604ה,40x20
formation,Merkava 2 Tank Company,ה (He),S6,Infantry,0-1 (choice),A,Mech Infantry Platoon,FN MAG,5,5,FN MAG (M72 LAW),605ה,20x20
formation,Merkava 2 Tank Company,ה (He),S6,Infantry,0-1 (choice),A,Mech Infantry Platoon,FN MAG,6,6,FN MAG (M72 LAW),606ה,20x20
formation,Merkava 2 Tank Company,ה (He),S6,Infantry,0-1 (choice),A,Mech Infantry Platoon,FN MAG,7,7,FN MAG (M72 LAW),607ה,20x20
formation,Merkava 2 Tank Company,ה (He),S6,Infantry,0-1 (choice),A,Mech Infantry Platoon,RPG-7,8,8,RPG-7 (or B-300),608ה,20x20
formation,Merkava 2 Tank Company,ה (He),S6,Infantry,0-1 (choice),A,Mech Infantry Platoon,RPG-7,9,9,RPG-7 (or B-300),609ה,20x20
formation,Merkava 2 Tank Company,ה (He),S6,Infantry,0-1 (choice),A,Mech Infantry Platoon,RPG-7,10,10,RPG-7 (or B-300),610ה,20x20
formation,Merkava 2 Tank Company,ה (He),S6,Infantry,0-1 (choice),A,Mech Infantry Platoon,M47 DRAGON,11,11,M47 Dragon (or Dragon 2),611ה,20x20
formation,Merkava 2 Tank Company,ה (He),S6,Infantry,0-1 (choice),A,Mech Infantry Platoon,52MM,12,12,52mm mortar,612ה,20x20
formation,Merkava 2 Tank Company,ה (He),S6,Infantry,0-1 (choice),A,Mech Infantry Platoon,ZELDA,13,13,Transport (M113),613ה,20x30
formation,Merkava 2 Tank Company,ה (He),S6,Infantry,0-1 (choice),A,Mech Infantry Platoon,ZELDA,14,14,Transport (M113),614ה,20x30
formation,Merkava 2 Tank Company,ה (He),S6,Infantry,0-1 (choice),A,Mech Infantry Platoon,ZELDA,15,15,Transport (M113),615ה,20x30
formation,Merkava 2 Tank Company,ה (He),S6,Infantry,0-1 (choice),A,Mech Infantry Platoon,ZELDA,16,16,Transport (M113),616ה,20x30
formation,Merkava 2 Tank Company,ה (He),S6,Infantry,0-1 (choice),A,Mech Infantry Platoon,VAYZATA,17,17,Transport (Vayzata variant),617ה,20x30
formation,Merkava 2 Tank Company,ה (He),S6,Infantry,0-1 (choice),A,Mech Infantry Platoon,VAYZATA,18,18,Transport (Vayzata variant),618ה,20x30
formation,Merkava 2 Tank Company,ה (He),S6,Infantry,0-1 (choice),A,Mech Infantry Platoon,VAYZATA,19,19,Transport (Vayzata variant),619ה,20x30
formation,Merkava 2 Tank Company,ה (He),S6,Infantry,0-1 (choice),A,Mech Infantry Platoon,VAYZATA,20,20,Transport (Vayzata variant),620ה,20x30
formation,Merkava 2 Tank Company,ה (He),S6,Infantry,0-1 (choice),A,Mech Infantry Platoon,NAGMASH,21,21,Transport (Nagmasho't variant),621ה,20x30
formation,Merkava 2 Tank Company,ה (He),S6,Infantry,0-1 (choice),A,Mech Infantry Platoon,NAGMASH,22,22,Transport (Nagmasho't variant),622ה,20x30
formation,Merkava 2 Tank Company,ה (He),S6,Infantry,0-1 (choice),A,Mech Infantry Platoon,NAGMASH,23,23,Transport (Nagmasho't variant),623ה,20x30
formation,Merkava 2 Tank Company,ה (He),S6,Infantry,0-1 (choice),A,Mech Infantry Platoon,NAGMASH,24,24,Transport (Nagmasho't variant),624ה,20x30
formation,Merkava 2 Tank Company,ה (He),S6,Infantry,0-1 (choice),B,Reserve Infantry Platoon,GALIL,1,25,Galil rifle (M72 LAW) [Reserve],625ה,40x20
formation,Merkava 2 Tank Company,ה (He),S6,Infantry,0-1 (choice),B,Reserve Infantry Platoon,GALIL,2,26,Galil rifle (M72 LAW) [Reserve],626ה,40x20
formation,Merkava 2 Tank Company,ה (He),S6,Infantry,0-1 (choice),B,Reserve Infantry Platoon,GALIL,3,27,Galil rifle (M72 LAW) [Reserve],627ה,40x20
formation,Merkava 2 Tank Company,ה (He),S6,Infantry,0-1 (choice),B,Reserve Infantry Platoon,GALIL,4,28,Galil rifle (M72 LAW) [Reserve],628ה,40x20
formation,Merkava 2 Tank Company,ה (He),S6,Infantry,0-1 (choice),B,Reserve Infantry Platoon,FN MAG,5,29,FN MAG (M72 LAW) [Reserve],629ה,20x20
formation,Merkava 2 Tank Company,ה (He),S6,Infantry,0-1 (choice),B,Reserve Infantry Platoon,FN MAG,6,30,FN MAG (M72 LAW) [Reserve],630ה,20x20
formation,Merkava 2 Tank Company,ה (He),S6,Infantry,0-1 (choice),B,Reserve Infantry Platoon,FN MAG,7,31,FN MAG (M72 LAW) [Reserve],631ה,20x20
formation,Merkava 2 Tank Company,ה (He),S6,Infantry,0-1 (choice),B,Reserve Infantry Platoon,RPG-7,8,32,RPG-7 [Reserve],632ה,20x20
formation,Merkava 2 Tank Company,ה (He),S6,Infantry,0-1 (choice),B,Reserve Infantry Platoon,RPG-7,9,33,RPG-7 [Reserve],633ה,20x20
formation,Merkava 2 Tank Company,ה (He),S6,Infantry,0-1 (choice),B,Reserve Infantry Platoon,RPG-7,10,34,RPG-7 [Reserve],634ה,20x20
formation,Merkava 2 Tank Company,ה (He),S6,Infantry,0-1 (choice),B,Reserve Infantry Platoon,M47 DRAGON,11,35,M47 Dragon (or Dragon 2) [Reserve],635ה,20x20
formation,Merkava 2 Tank Company,ה (He),S6,Infantry,0-1 (choice),B,Reserve Infantry Platoon,52MM,12,36,52mm mortar [Reserve],636ה,20x20
formation,Merkava 2 Tank Company,ה (He),S6,Infantry,0-1 (choice),B,Reserve Infantry Platoon,ZELDA,13,37,Transport (Reserve M113),637ה,20x30
formation,Merkava 2 Tank Company,ה (He),S6,Infantry,0-1 (choice),B,Reserve Infantry Platoon,ZELDA,14,38,Transport (Reserve M113),638ה,20x30
formation,Merkava 2 Tank Company,ה (He),S6,Infantry,0-1 (choice),B,Reserve Infantry Platoon,ZELDA,15,39,Transport (Reserve M113),639ה,20x30
formation,Merkava 2 Tank Company,ה (He),S6,Infantry,0-1 (choice),B,Reserve Infantry Platoon,ZELDA,16,40,Transport (Reserve M113),640ה,20x30
formation,Merkava 2 Tank Company,ו (Vav),S1,HQ,1-2,A,Merkava 2 Tank Company HQ,MERKAVA 2,1,1,HQ Tank,001ו,20x40
formation,Merkava 2 Tank Company,ו (Vav),S1,HQ,1-2,A,Merkava 2 Tank Company HQ,MERKAVA 2,2,2,HQ Tank,002ו,20x40
formation,Merkava 2 Tank Company,ו (Vav),S2a,Combat,1 of 2 mandatory,A,Merkava 2 Tank Platoon (1st),MERKAVA 2,1,1,Tank,101ו,20x40
formation,Merkava 2 Tank Company,ו (Vav),S2a,Combat,1 of 2 mandatory,A,Merkava 2 Tank Platoon (1st),MERKAVA 2,2,2,Tank,102ו,20x40
formation,Merkava 2 Tank Company,ו (Vav),S2a,Combat,1 of 2 mandatory,A,Merkava 2 Tank Platoon (1st),MERKAVA 2,3,3,Tank,103ו,20x40
formation,Merkava 2 Tank Company,ו (Vav),S2b,Combat,2 of 2 mandatory,A,Merkava 2 Tank Platoon (2nd),MERKAVA 2,1,1,Tank,201ו,20x40
formation,Merkava 2 Tank Company,ו (Vav),S2b,Combat,2 of 2 mandatory,A,Merkava 2 Tank Platoon (2nd),MERKAVA 2,2,2,Tank,202ו,20x40
formation,Merkava 2 Tank Company,ו (Vav),S2b,Combat,2 of 2 mandatory,A,Merkava 2 Tank Platoon (2nd),MERKAVA 2,3,3,Tank,203ו,20x40
formation,Merkava 2 Tank Company,ו (Vav),S3,Combat,1 (choice),A,Merkava 2 Tank Platoon,MERKAVA 2,1,1,Tank,301ו,20x40
formation,Merkava 2 Tank Company,ו (Vav),S3,Combat,1 (choice),A,Merkava 2 Tank Platoon,MERKAVA 2,2,2,Tank,302ו,20x40
formation,Merkava 2 Tank Company,ו (Vav),S3,Combat,1 (choice),A,Merkava 2 Tank Platoon,MERKAVA 2,3,3,Tank,303ו,20x40
formation,Merkava 2 Tank Company,ו (Vav),S3,Combat,1 (choice),B,Merkava 1 Tank Platoon,MERKAVA 1,1,4,Tank,304ו,20x40
formation,Merkava 2 Tank Company,ו (Vav),S3,Combat,1 (choice),B,Merkava 1 Tank Platoon,MERKAVA 1,2,5,Tank,305ו,20x40
formation,Merkava 2 Tank Company,ו (Vav),S3,Combat,1 (choice),B,Merkava 1 Tank Platoon,MERKAVA 1,3,6,Tank,306ו,20x40
formation,Merkava 2 Tank Company,ו (Vav),S3,Combat,1 (choice),C,Merkava 3 Tank Platoon,MERKAVA 3,1,7,Tank,307ו,20x40
formation,Merkava 2 Tank Company,ו (Vav),S3,Combat,1 (choice),C,Merkava 3 Tank Platoon,MERKAVA 3,2,8,Tank,308ו,20x40
formation,Merkava 2 Tank Company,ו (Vav),S3,Combat,1 (choice),C,Merkava 3 Tank Platoon,MERKAVA 3,3,9,Tank,309ו,20x40
formation,Merkava 2 Tank Company,ו (Vav),S4,Combat,1,A,Merkava 2 Tank Platoon (3rd),MERKAVA 2,1,1,Tank,401ו,20x40
formation,Merkava 2 Tank Company,ו (Vav),S4,Combat,1,A,Merkava 2 Tank Platoon (3rd),MERKAVA 2,2,2,Tank,402ו,20x40
formation,Merkava 2 Tank Company,ו (Vav),S4,Combat,1,A,Merkava 2 Tank Platoon (3rd),MERKAVA 2,3,3,Tank,403ו,20x40
formation,Merkava 2 Tank Company,ו (Vav),S5,Recce,0-1 (choice),A,Jeep Recce Platoon,JEEP,1,1,Recce,501ו,20x30
formation,Merkava 2 Tank Company,ו (Vav),S5,Recce,0-1 (choice),A,Jeep Recce Platoon,JEEP,2,2,Recce,502ו,20x30
formation,Merkava 2 Tank Company,ו (Vav),S5,Recce,0-1 (choice),A,Jeep Recce Platoon,JEEP,3,3,Recce,503ו,20x30
formation,Merkava 2 Tank Company,ו (Vav),S5,Recce,0-1 (choice),B,M113 Recce Platoon,ZELDA,1,4,Recce,504ו,20x30
formation,Merkava 2 Tank Company,ו (Vav),S5,Recce,0-1 (choice),B,M113 Recce Platoon,ZELDA,2,5,Recce,505ו,20x30
formation,Merkava 2 Tank Company,ו (Vav),S5,Recce,0-1 (choice),B,M113 Recce Platoon,ZELDA,3,6,Recce,506ו,20x30
formation,Merkava 2 Tank Company,ו (Vav),S5,Recce,0-1 (choice),B,M113 Recce Platoon,ZELDA,4,7,Recce,507ו,20x30
formation,Merkava 2 Tank Company,ו (Vav),S5,Recce,0-1 (choice),C,Rabbi Recce Platoon,RABBI,1,8,Recce,508ו,20x30
formation,Merkava 2 Tank Company,ו (Vav),S5,Recce,0-1 (choice),C,Rabbi Recce Platoon,RABBI,2,9,Recce,509ו,20x30
formation,Merkava 2 Tank Company,ו (Vav),S5,Recce,0-1 (choice),C,Rabbi Recce Platoon,RABBI,3,10,Recce,510ו,20x30
formation,Merkava 2 Tank Company,ו (Vav),S5,Recce,0-1 (choice),C,Rabbi Recce Platoon,UH-1,4,11,Transport heli,511ו,20x40
formation,Merkava 2 Tank Company,ו (Vav),S5,Recce,0-1 (choice),C,Rabbi Recce Platoon,UH-1,5,12,Transport heli,512ו,20x40
formation,Merkava 2 Tank Company,ו (Vav),S6,Infantry,0-1 (choice),A,Mech Infantry Platoon,GALIL,1,1,Galil rifle (M72 LAW),601ו,40x20
formation,Merkava 2 Tank Company,ו (Vav),S6,Infantry,0-1 (choice),A,Mech Infantry Platoon,GALIL,2,2,Galil rifle (M72 LAW),602ו,40x20
formation,Merkava 2 Tank Company,ו (Vav),S6,Infantry,0-1 (choice),A,Mech Infantry Platoon,GALIL,3,3,Galil rifle (M72 LAW),603ו,40x20
formation,Merkava 2 Tank Company,ו (Vav),S6,Infantry,0-1 (choice),A,Mech Infantry Platoon,GALIL,4,4,Galil rifle (M72 LAW),604ו,40x20
formation,Merkava 2 Tank Company,ו (Vav),S6,Infantry,0-1 (choice),A,Mech Infantry Platoon,FN MAG,5,5,FN MAG (M72 LAW),605ו,20x20
formation,Merkava 2 Tank Company,ו (Vav),S6,Infantry,0-1 (choice),A,Mech Infantry Platoon,FN MAG,6,6,FN MAG (M72 LAW),606ו,20x20
formation,Merkava 2 Tank Company,ו (Vav),S6,Infantry,0-1 (choice),A,Mech Infantry Platoon,FN MAG,7,7,FN MAG (M72 LAW),607ו,20x20
formation,Merkava 2 Tank Company,ו (Vav),S6,Infantry,0-1 (choice),A,Mech Infantry Platoon,RPG-7,8,8,RPG-7 (or B-300),608ו,20x20
formation,Merkava 2 Tank Company,ו (Vav),S6,Infantry,0-1 (choice),A,Mech Infantry Platoon,RPG-7,9,9,RPG-7 (or B-300),609ו,20x20
formation,Merkava 2 Tank Company,ו (Vav),S6,Infantry,0-1 (choice),A,Mech Infantry Platoon,RPG-7,10,10,RPG-7 (or B-300),610ו,20x20
formation,Merkava 2 Tank Company,ו (Vav),S6,Infantry,0-1 (choice),A,Mech Infantry Platoon,M47 DRAGON,11,11,M47 Dragon (or Dragon 2),611ו,20x20
formation,Merkava 2 Tank Company,ו (Vav),S6,Infantry,0-1 (choice),A,Mech Infantry Platoon,52MM,12,12,52mm mortar,612ו,20x20
formation,Merkava 2 Tank Company,ו (Vav),S6,Infantry,0-1 (choice),A,Mech Infantry Platoon,ZELDA,13,13,Transport (M113),613ו,20x30
formation,Merkava 2 Tank Company,ו (Vav),S6,Infantry,0-1 (choice),A,Mech Infantry Platoon,ZELDA,14,14,Transport (M113),614ו,20x30
formation,Merkava 2 Tank Company,ו (Vav),S6,Infantry,0-1 (choice),A,Mech Infantry Platoon,ZELDA,15,15,Transport (M113),615ו,20x30
formation,Merkava 2 Tank Company,ו (Vav),S6,Infantry,0-1 (choice),A,Mech Infantry Platoon,ZELDA,16,16,Transport (M113),616ו,20x30
formation,Merkava 2 Tank Company,ו (Vav),S6,Infantry,0-1 (choice),A,Mech Infantry Platoon,VAYZATA,17,17,Transport (Vayzata variant),617ו,20x30
formation,Merkava 2 Tank Company,ו (Vav),S6,Infantry,0-1 (choice),A,Mech Infantry Platoon,VAYZATA,18,18,Transport (Vayzata variant),618ו,20x30
formation,Merkava 2 Tank Company,ו (Vav),S6,Infantry,0-1 (choice),A,Mech Infantry Platoon,VAYZATA,19,19,Transport (Vayzata variant),619ו,20x30
formation,Merkava 2 Tank Company,ו (Vav),S6,Infantry,0-1 (choice),A,Mech Infantry Platoon,VAYZATA,20,20,Transport (Vayzata variant),620ו,20x30
formation,Merkava 2 Tank Company,ו (Vav),S6,Infantry,0-1 (choice),A,Mech Infantry Platoon,NAGMASH,21,21,Transport (Nagmasho't variant),621ו,20x30
formation,Merkava 2 Tank Company,ו (Vav),S6,Infantry,0-1 (choice),A,Mech Infantry Platoon,NAGMASH,22,22,Transport (Nagmasho't variant),622ו,20x30
formation,Merkava 2 Tank Company,ו (Vav),S6,Infantry,0-1 (choice),A,Mech Infantry Platoon,NAGMASH,23,23,Transport (Nagmasho't variant),623ו,20x30
formation,Merkava 2 Tank Company,ו (Vav),S6,Infantry,0-1 (choice),A,Mech Infantry Platoon,NAGMASH,24,24,Transport (Nagmasho't variant),624ו,20x30
formation,Merkava 2 Tank Company,ו (Vav),S6,Infantry,0-1 (choice),B,Reserve Infantry Platoon,GALIL,1,25,Galil rifle (M72 LAW) [Reserve],625ו,40x20
formation,Merkava 2 Tank Company,ו (Vav),S6,Infantry,0-1 (choice),B,Reserve Infantry Platoon,GALIL,2,26,Galil rifle (M72 LAW) [Reserve],626ו,40x20
formation,Merkava 2 Tank Company,ו (Vav),S6,Infantry,0-1 (choice),B,Reserve Infantry Platoon,GALIL,3,27,Galil rifle (M72 LAW) [Reserve],627ו,40x20
formation,Merkava 2 Tank Company,ו (Vav),S6,Infantry,0-1 (choice),B,Reserve Infantry Platoon,GALIL,4,28,Galil rifle (M72 LAW) [Reserve],628ו,40x20
formation,Merkava 2 Tank Company,ו (Vav),S6,Infantry,0-1 (choice),B,Reserve Infantry Platoon,FN MAG,5,29,FN MAG (M72 LAW) [Reserve],629ו,20x20
formation,Merkava 2 Tank Company,ו (Vav),S6,Infantry,0-1 (choice),B,Reserve Infantry Platoon,FN MAG,6,30,FN MAG (M72 LAW) [Reserve],630ו,20x20
formation,Merkava 2 Tank Company,ו (Vav),S6,Infantry,0-1 (choice),B,Reserve Infantry Platoon,FN MAG,7,31,FN MAG (M72 LAW) [Reserve],631ו,20x20
formation,Merkava 2 Tank Company,ו (Vav),S6,Infantry,0-1 (choice),B,Reserve Infantry Platoon,RPG-7,8,32,RPG-7 [Reserve],632ו,20x20
formation,Merkava 2 Tank Company,ו (Vav),S6,Infantry,0-1 (choice),B,Reserve Infantry Platoon,RPG-7,9,33,RPG-7 [Reserve],633ו,20x20
formation,Merkava 2 Tank Company,ו (Vav),S6,Infantry,0-1 (choice),B,Reserve Infantry Platoon,RPG-7,10,34,RPG-7 [Reserve],634ו,20x20
formation,Merkava 2 Tank Company,ו (Vav),S6,Infantry,0-1 (choice),B,Reserve Infantry Platoon,M47 DRAGON,11,35,M47 Dragon (or Dragon 2) [Reserve],635ו,20x20
formation,Merkava 2 Tank Company,ו (Vav),S6,Infantry,0-1 (choice),B,Reserve Infantry Platoon,52MM,12,36,52mm mortar [Reserve],636ו,20x20
formation,Merkava 2 Tank Company,ו (Vav),S6,Infantry,0-1 (choice),B,Reserve Infantry Platoon,ZELDA,13,37,Transport (Reserve M113),637ו,20x30
formation,Merkava 2 Tank Company,ו (Vav),S6,Infantry,0-1 (choice),B,Reserve Infantry Platoon,ZELDA,14,38,Transport (Reserve M113),638ו,20x30
formation,Merkava 2 Tank Company,ו (Vav),S6,Infantry,0-1 (choice),B,Reserve Infantry Platoon,ZELDA,15,39,Transport (Reserve M113),639ו,20x30
formation,Merkava 2 Tank Company,ו (Vav),S6,Infantry,0-1 (choice),B,Reserve Infantry Platoon,ZELDA,16,40,Transport (Reserve M113),640ו,20x30
formation,Merkava 1 Tank Company,ז (Zayin),S1,HQ,1-2,A,Merkava 1 Tank Company HQ,MERKAVA 1,1,1,HQ Tank,001ז,20x40
formation,Merkava 1 Tank Company,ז (Zayin),S1,HQ,1-2,A,Merkava 1 Tank Company HQ,MERKAVA 1,2,2,HQ Tank,002ז,20x40
formation,Merkava 1 Tank Company,ז (Zayin),S2a,Combat,1 of 2 mandatory,A,Merkava 1 Tank Platoon (1st),MERKAVA 1,1,1,Tank,101ז,20x40
formation,Merkava 1 Tank Company,ז (Zayin),S2a,Combat,1 of 2 mandatory,A,Merkava 1 Tank Platoon (1st),MERKAVA 1,2,2,Tank,102ז,20x40
formation,Merkava 1 Tank Company,ז (Zayin),S2a,Combat,1 of 2 mandatory,A,Merkava 1 Tank Platoon (1st),MERKAVA 1,3,3,Tank,103ז,20x40
formation,Merkava 1 Tank Company,ז (Zayin),S2b,Combat,2 of 2 mandatory,A,Merkava 1 Tank Platoon (2nd),MERKAVA 1,1,1,Tank,201ז,20x40
formation,Merkava 1 Tank Company,ז (Zayin),S2b,Combat,2 of 2 mandatory,A,Merkava 1 Tank Platoon (2nd),MERKAVA 1,2,2,Tank,202ז,20x40
formation,Merkava 1 Tank Company,ז (Zayin),S2b,Combat,2 of 2 mandatory,A,Merkava 1 Tank Platoon (2nd),MERKAVA 1,3,3,Tank,203ז,20x40
formation,Merkava 1 Tank Company,ז (Zayin),S3,Combat,1 (choice),A,Merkava 1 Tank Platoon,MERKAVA 1,1,1,Tank,301ז,20x40
formation,Merkava 1 Tank Company,ז (Zayin),S3,Combat,1 (choice),A,Merkava 1 Tank Platoon,MERKAVA 1,2,2,Tank,302ז,20x40
formation,Merkava 1 Tank Company,ז (Zayin),S3,Combat,1 (choice),A,Merkava 1 Tank Platoon,MERKAVA 1,3,3,Tank,303ז,20x40
formation,Merkava 1 Tank Company,ז (Zayin),S3,Combat,1 (choice),B,Merkava 2 Tank Platoon,MERKAVA 2,1,4,Tank,304ז,20x40
formation,Merkava 1 Tank Company,ז (Zayin),S3,Combat,1 (choice),B,Merkava 2 Tank Platoon,MERKAVA 2,2,5,Tank,305ז,20x40
formation,Merkava 1 Tank Company,ז (Zayin),S3,Combat,1 (choice),B,Merkava 2 Tank Platoon,MERKAVA 2,3,6,Tank,306ז,20x40
formation,Merkava 1 Tank Company,ז (Zayin),S3,Combat,1 (choice),C,Merkava 3 Tank Platoon,MERKAVA 3,1,7,Tank,307ז,20x40
formation,Merkava 1 Tank Company,ז (Zayin),S3,Combat,1 (choice),C,Merkava 3 Tank Platoon,MERKAVA 3,2,8,Tank,308ז,20x40
formation,Merkava 1 Tank Company,ז (Zayin),S3,Combat,1 (choice),C,Merkava 3 Tank Platoon,MERKAVA 3,3,9,Tank,309ז,20x40
formation,Merkava 1 Tank Company,ז (Zayin),S4,Combat,1,A,Merkava 1 Tank Platoon (3rd),MERKAVA 1,1,1,Tank,401ז,20x40
formation,Merkava 1 Tank Company,ז (Zayin),S4,Combat,1,A,Merkava 1 Tank Platoon (3rd),MERKAVA 1,2,2,Tank,402ז,20x40
formation,Merkava 1 Tank Company,ז (Zayin),S4,Combat,1,A,Merkava 1 Tank Platoon (3rd),MERKAVA 1,3,3,Tank,403ז,20x40
formation,Merkava 1 Tank Company,ז (Zayin),S5,Recce,0-1 (choice),A,Jeep Recce Platoon,JEEP,1,1,Recce,501ז,20x30
formation,Merkava 1 Tank Company,ז (Zayin),S5,Recce,0-1 (choice),A,Jeep Recce Platoon,JEEP,2,2,Recce,502ז,20x30
formation,Merkava 1 Tank Company,ז (Zayin),S5,Recce,0-1 (choice),A,Jeep Recce Platoon,JEEP,3,3,Recce,503ז,20x30
formation,Merkava 1 Tank Company,ז (Zayin),S5,Recce,0-1 (choice),B,M113 Recce Platoon,ZELDA,1,4,Recce,504ז,20x30
formation,Merkava 1 Tank Company,ז (Zayin),S5,Recce,0-1 (choice),B,M113 Recce Platoon,ZELDA,2,5,Recce,505ז,20x30
formation,Merkava 1 Tank Company,ז (Zayin),S5,Recce,0-1 (choice),B,M113 Recce Platoon,ZELDA,3,6,Recce,506ז,20x30
formation,Merkava 1 Tank Company,ז (Zayin),S5,Recce,0-1 (choice),B,M113 Recce Platoon,ZELDA,4,7,Recce,507ז,20x30
formation,Merkava 1 Tank Company,ז (Zayin),S5,Recce,0-1 (choice),C,Rabbi Recce Platoon,RABBI,1,8,Recce,508ז,20x30
formation,Merkava 1 Tank Company,ז (Zayin),S5,Recce,0-1 (choice),C,Rabbi Recce Platoon,RABBI,2,9,Recce,509ז,20x30
formation,Merkava 1 Tank Company,ז (Zayin),S5,Recce,0-1 (choice),C,Rabbi Recce Platoon,RABBI,3,10,Recce,510ז,20x30
formation,Merkava 1 Tank Company,ז (Zayin),S5,Recce,0-1 (choice),C,Rabbi Recce Platoon,UH-1,4,11,Transport heli,511ז,20x40
formation,Merkava 1 Tank Company,ז (Zayin),S5,Recce,0-1 (choice),C,Rabbi Recce Platoon,UH-1,5,12,Transport heli,512ז,20x40
formation,Merkava 1 Tank Company,ז (Zayin),S6,Infantry,0-1 (choice),A,Mech Infantry Platoon,GALIL,1,1,Galil rifle (M72 LAW),601ז,40x20
formation,Merkava 1 Tank Company,ז (Zayin),S6,Infantry,0-1 (choice),A,Mech Infantry Platoon,GALIL,2,2,Galil rifle (M72 LAW),602ז,40x20
formation,Merkava 1 Tank Company,ז (Zayin),S6,Infantry,0-1 (choice),A,Mech Infantry Platoon,GALIL,3,3,Galil rifle (M72 LAW),603ז,40x20
formation,Merkava 1 Tank Company,ז (Zayin),S6,Infantry,0-1 (choice),A,Mech Infantry Platoon,GALIL,4,4,Galil rifle (M72 LAW),604ז,40x20
formation,Merkava 1 Tank Company,ז (Zayin),S6,Infantry,0-1 (choice),A,Mech Infantry Platoon,FN MAG,5,5,FN MAG (M72 LAW),605ז,20x20
formation,Merkava 1 Tank Company,ז (Zayin),S6,Infantry,0-1 (choice),A,Mech Infantry Platoon,FN MAG,6,6,FN MAG (M72 LAW),606ז,20x20
formation,Merkava 1 Tank Company,ז (Zayin),S6,Infantry,0-1 (choice),A,Mech Infantry Platoon,FN MAG,7,7,FN MAG (M72 LAW),607ז,20x20
formation,Merkava 1 Tank Company,ז (Zayin),S6,Infantry,0-1 (choice),A,Mech Infantry Platoon,RPG-7,8,8,RPG-7 (or B-300),608ז,20x20
formation,Merkava 1 Tank Company,ז (Zayin),S6,Infantry,0-1 (choice),A,Mech Infantry Platoon,RPG-7,9,9,RPG-7 (or B-300),609ז,20x20
formation,Merkava 1 Tank Company,ז (Zayin),S6,Infantry,0-1 (choice),A,Mech Infantry Platoon,RPG-7,10,10,RPG-7 (or B-300),610ז,20x20
formation,Merkava 1 Tank Company,ז (Zayin),S6,Infantry,0-1 (choice),A,Mech Infantry Platoon,M47 DRAGON,11,11,M47 Dragon (or Dragon 2),611ז,20x20
formation,Merkava 1 Tank Company,ז (Zayin),S6,Infantry,0-1 (choice),A,Mech Infantry Platoon,52MM,12,12,52mm mortar,612ז,20x20
formation,Merkava 1 Tank Company,ז (Zayin),S6,Infantry,0-1 (choice),A,Mech Infantry Platoon,ZELDA,13,13,Transport (M113),613ז,20x30
formation,Merkava 1 Tank Company,ז (Zayin),S6,Infantry,0-1 (choice),A,Mech Infantry Platoon,ZELDA,14,14,Transport (M113),614ז,20x30
formation,Merkava 1 Tank Company,ז (Zayin),S6,Infantry,0-1 (choice),A,Mech Infantry Platoon,ZELDA,15,15,Transport (M113),615ז,20x30
formation,Merkava 1 Tank Company,ז (Zayin),S6,Infantry,0-1 (choice),A,Mech Infantry Platoon,ZELDA,16,16,Transport (M113),616ז,20x30
formation,Merkava 1 Tank Company,ז (Zayin),S6,Infantry,0-1 (choice),A,Mech Infantry Platoon,VAYZATA,17,17,Transport (Vayzata variant),617ז,20x30
formation,Merkava 1 Tank Company,ז (Zayin),S6,Infantry,0-1 (choice),A,Mech Infantry Platoon,VAYZATA,18,18,Transport (Vayzata variant),618ז,20x30
formation,Merkava 1 Tank Company,ז (Zayin),S6,Infantry,0-1 (choice),A,Mech Infantry Platoon,VAYZATA,19,19,Transport (Vayzata variant),619ז,20x30
formation,Merkava 1 Tank Company,ז (Zayin),S6,Infantry,0-1 (choice),A,Mech Infantry Platoon,VAYZATA,20,20,Transport (Vayzata variant),620ז,20x30
formation,Merkava 1 Tank Company,ז (Zayin),S6,Infantry,0-1 (choice),A,Mech Infantry Platoon,NAGMASH,21,21,Transport (Nagmasho't variant),621ז,20x30
formation,Merkava 1 Tank Company,ז (Zayin),S6,Infantry,0-1 (choice),A,Mech Infantry Platoon,NAGMASH,22,22,Transport (Nagmasho't variant),622ז,20x30
formation,Merkava 1 Tank Company,ז (Zayin),S6,Infantry,0-1 (choice),A,Mech Infantry Platoon,NAGMASH,23,23,Transport (Nagmasho't variant),623ז,20x30
formation,Merkava 1 Tank Company,ז (Zayin),S6,Infantry,0-1 (choice),A,Mech Infantry Platoon,NAGMASH,24,24,Transport (Nagmasho't variant),624ז,20x30
formation,Merkava 1 Tank Company,ז (Zayin),S6,Infantry,0-1 (choice),B,Reserve Infantry Platoon,GALIL,1,25,Galil rifle (M72 LAW) [Reserve],625ז,40x20
formation,Merkava 1 Tank Company,ז (Zayin),S6,Infantry,0-1 (choice),B,Reserve Infantry Platoon,GALIL,2,26,Galil rifle (M72 LAW) [Reserve],626ז,40x20
formation,Merkava 1 Tank Company,ז (Zayin),S6,Infantry,0-1 (choice),B,Reserve Infantry Platoon,GALIL,3,27,Galil rifle (M72 LAW) [Reserve],627ז,40x20
formation,Merkava 1 Tank Company,ז (Zayin),S6,Infantry,0-1 (choice),B,Reserve Infantry Platoon,GALIL,4,28,Galil rifle (M72 LAW) [Reserve],628ז,40x20
formation,Merkava 1 Tank Company,ז (Zayin),S6,Infantry,0-1 (choice),B,Reserve Infantry Platoon,FN MAG,5,29,FN MAG (M72 LAW) [Reserve],629ז,20x20
formation,Merkava 1 Tank Company,ז (Zayin),S6,Infantry,0-1 (choice),B,Reserve Infantry Platoon,FN MAG,6,30,FN MAG (M72 LAW) [Reserve],630ז,20x20
formation,Merkava 1 Tank Company,ז (Zayin),S6,Infantry,0-1 (choice),B,Reserve Infantry Platoon,FN MAG,7,31,FN MAG (M72 LAW) [Reserve],631ז,20x20
formation,Merkava 1 Tank Company,ז (Zayin),S6,Infantry,0-1 (choice),B,Reserve Infantry Platoon,RPG-7,8,32,RPG-7 [Reserve],632ז,20x20
formation,Merkava 1 Tank Company,ז (Zayin),S6,Infantry,0-1 (choice),B,Reserve Infantry Platoon,RPG-7,9,33,RPG-7 [Reserve],633ז,20x20
formation,Merkava 1 Tank Company,ז (Zayin),S6,Infantry,0-1 (choice),B,Reserve Infantry Platoon,RPG-7,10,34,RPG-7 [Reserve],634ז,20x20
formation,Merkava 1 Tank Company,ז (Zayin),S6,Infantry,0-1 (choice),B,Reserve Infantry Platoon,M47 DRAGON,11,35,M47 Dragon (or Dragon 2) [Reserve],635ז,20x20
formation,Merkava 1 Tank Company,ז (Zayin),S6,Infantry,0-1 (choice),B,Reserve Infantry Platoon,52MM,12,36,52mm mortar [Reserve],636ז,20x20
formation,Merkava 1 Tank Company,ז (Zayin),S6,Infantry,0-1 (choice),B,Reserve Infantry Platoon,ZELDA,13,37,Transport (Reserve M113),637ז,20x30
formation,Merkava 1 Tank Company,ז (Zayin),S6,Infantry,0-1 (choice),B,Reserve Infantry Platoon,ZELDA,14,38,Transport (Reserve M113),638ז,20x30
formation,Merkava 1 Tank Company,ז (Zayin),S6,Infantry,0-1 (choice),B,Reserve Infantry Platoon,ZELDA,15,39,Transport (Reserve M113),639ז,20x30
formation,Merkava 1 Tank Company,ז (Zayin),S6,Infantry,0-1 (choice),B,Reserve Infantry Platoon,ZELDA,16,40,Transport (Reserve M113),640ז,20x30
formation,Merkava 1 Tank Company,ח (Het),S1,HQ,1-2,A,Merkava 1 Tank Company HQ,MERKAVA 1,1,1,HQ Tank,001ח,20x40
formation,Merkava 1 Tank Company,ח (Het),S1,HQ,1-2,A,Merkava 1 Tank Company HQ,MERKAVA 1,2,2,HQ Tank,002ח,20x40
formation,Merkava 1 Tank Company,ח (Het),S2a,Combat,1 of 2 mandatory,A,Merkava 1 Tank Platoon (1st),MERKAVA 1,1,1,Tank,101ח,20x40
formation,Merkava 1 Tank Company,ח (Het),S2a,Combat,1 of 2 mandatory,A,Merkava 1 Tank Platoon (1st),MERKAVA 1,2,2,Tank,102ח,20x40
formation,Merkava 1 Tank Company,ח (Het),S2a,Combat,1 of 2 mandatory,A,Merkava 1 Tank Platoon (1st),MERKAVA 1,3,3,Tank,103ח,20x40
formation,Merkava 1 Tank Company,ח (Het),S2b,Combat,2 of 2 mandatory,A,Merkava 1 Tank Platoon (2nd),MERKAVA 1,1,1,Tank,201ח,20x40
formation,Merkava 1 Tank Company,ח (Het),S2b,Combat,2 of 2 mandatory,A,Merkava 1 Tank Platoon (2nd),MERKAVA 1,2,2,Tank,202ח,20x40
formation,Merkava 1 Tank Company,ח (Het),S2b,Combat,2 of 2 mandatory,A,Merkava 1 Tank Platoon (2nd),MERKAVA 1,3,3,Tank,203ח,20x40
formation,Merkava 1 Tank Company,ח (Het),S3,Combat,1 (choice),A,Merkava 1 Tank Platoon,MERKAVA 1,1,1,Tank,301ח,20x40
formation,Merkava 1 Tank Company,ח (Het),S3,Combat,1 (choice),A,Merkava 1 Tank Platoon,MERKAVA 1,2,2,Tank,302ח,20x40
formation,Merkava 1 Tank Company,ח (Het),S3,Combat,1 (choice),A,Merkava 1 Tank Platoon,MERKAVA 1,3,3,Tank,303ח,20x40
formation,Merkava 1 Tank Company,ח (Het),S3,Combat,1 (choice),B,Merkava 2 Tank Platoon,MERKAVA 2,1,4,Tank,304ח,20x40
formation,Merkava 1 Tank Company,ח (Het),S3,Combat,1 (choice),B,Merkava 2 Tank Platoon,MERKAVA 2,2,5,Tank,305ח,20x40
formation,Merkava 1 Tank Company,ח (Het),S3,Combat,1 (choice),B,Merkava 2 Tank Platoon,MERKAVA 2,3,6,Tank,306ח,20x40
formation,Merkava 1 Tank Company,ח (Het),S3,Combat,1 (choice),C,Merkava 3 Tank Platoon,MERKAVA 3,1,7,Tank,307ח,20x40
formation,Merkava 1 Tank Company,ח (Het),S3,Combat,1 (choice),C,Merkava 3 Tank Platoon,MERKAVA 3,2,8,Tank,308ח,20x40
formation,Merkava 1 Tank Company,ח (Het),S3,Combat,1 (choice),C,Merkava 3 Tank Platoon,MERKAVA 3,3,9,Tank,309ח,20x40
formation,Merkava 1 Tank Company,ח (Het),S4,Combat,1,A,Merkava 1 Tank Platoon (3rd),MERKAVA 1,1,1,Tank,401ח,20x40
formation,Merkava 1 Tank Company,ח (Het),S4,Combat,1,A,Merkava 1 Tank Platoon (3rd),MERKAVA 1,2,2,Tank,402ח,20x40
formation,Merkava 1 Tank Company,ח (Het),S4,Combat,1,A,Merkava 1 Tank Platoon (3rd),MERKAVA 1,3,3,Tank,403ח,20x40
formation,Merkava 1 Tank Company,ח (Het),S5,Recce,0-1 (choice),A,Jeep Recce Platoon,JEEP,1,1,Recce,501ח,20x30
formation,Merkava 1 Tank Company,ח (Het),S5,Recce,0-1 (choice),A,Jeep Recce Platoon,JEEP,2,2,Recce,502ח,20x30
formation,Merkava 1 Tank Company,ח (Het),S5,Recce,0-1 (choice),A,Jeep Recce Platoon,JEEP,3,3,Recce,503ח,20x30
formation,Merkava 1 Tank Company,ח (Het),S5,Recce,0-1 (choice),B,M113 Recce Platoon,ZELDA,1,4,Recce,504ח,20x30
formation,Merkava 1 Tank Company,ח (Het),S5,Recce,0-1 (choice),B,M113 Recce Platoon,ZELDA,2,5,Recce,505ח,20x30
formation,Merkava 1 Tank Company,ח (Het),S5,Recce,0-1 (choice),B,M113 Recce Platoon,ZELDA,3,6,Recce,506ח,20x30
formation,Merkava 1 Tank Company,ח (Het),S5,Recce,0-1 (choice),B,M113 Recce Platoon,ZELDA,4,7,Recce,507ח,20x30
formation,Merkava 1 Tank Company,ח (Het),S5,Recce,0-1 (choice),C,Rabbi Recce Platoon,RABBI,1,8,Recce,508ח,20x30
formation,Merkava 1 Tank Company,ח (Het),S5,Recce,0-1 (choice),C,Rabbi Recce Platoon,RABBI,2,9,Recce,509ח,20x30
formation,Merkava 1 Tank Company,ח (Het),S5,Recce,0-1 (choice),C,Rabbi Recce Platoon,RABBI,3,10,Recce,510ח,20x30
formation,Merkava 1 Tank Company,ח (Het),S5,Recce,0-1 (choice),C,Rabbi Recce Platoon,UH-1,4,11,Transport heli,511ח,20x40
formation,Merkava 1 Tank Company,ח (Het),S5,Recce,0-1 (choice),C,Rabbi Recce Platoon,UH-1,5,12,Transport heli,512ח,20x40
formation,Merkava 1 Tank Company,ח (Het),S6,Infantry,0-1 (choice),A,Mech Infantry Platoon,GALIL,1,1,Galil rifle (M72 LAW),601ח,40x20
formation,Merkava 1 Tank Company,ח (Het),S6,Infantry,0-1 (choice),A,Mech Infantry Platoon,GALIL,2,2,Galil rifle (M72 LAW),602ח,40x20
formation,Merkava 1 Tank Company,ח (Het),S6,Infantry,0-1 (choice),A,Mech Infantry Platoon,GALIL,3,3,Galil rifle (M72 LAW),603ח,40x20
formation,Merkava 1 Tank Company,ח (Het),S6,Infantry,0-1 (choice),A,Mech Infantry Platoon,GALIL,4,4,Galil rifle (M72 LAW),604ח,40x20
formation,Merkava 1 Tank Company,ח (Het),S6,Infantry,0-1 (choice),A,Mech Infantry Platoon,FN MAG,5,5,FN MAG (M72 LAW),605ח,20x20
formation,Merkava 1 Tank Company,ח (Het),S6,Infantry,0-1 (choice),A,Mech Infantry Platoon,FN MAG,6,6,FN MAG (M72 LAW),606ח,20x20
formation,Merkava 1 Tank Company,ח (Het),S6,Infantry,0-1 (choice),A,Mech Infantry Platoon,FN MAG,7,7,FN MAG (M72 LAW),607ח,20x20
formation,Merkava 1 Tank Company,ח (Het),S6,Infantry,0-1 (choice),A,Mech Infantry Platoon,RPG-7,8,8,RPG-7 (or B-300),608ח,20x20
formation,Merkava 1 Tank Company,ח (Het),S6,Infantry,0-1 (choice),A,Mech Infantry Platoon,RPG-7,9,9,RPG-7 (or B-300),609ח,20x20
formation,Merkava 1 Tank Company,ח (Het),S6,Infantry,0-1 (choice),A,Mech Infantry Platoon,RPG-7,10,10,RPG-7 (or B-300),610ח,20x20
formation,Merkava 1 Tank Company,ח (Het),S6,Infantry,0-1 (choice),A,Mech Infantry Platoon,M47 DRAGON,11,11,M47 Dragon (or Dragon 2),611ח,20x20
formation,Merkava 1 Tank Company,ח (Het),S6,Infantry,0-1 (choice),A,Mech Infantry Platoon,52MM,12,12,52mm mortar,612ח,20x20
formation,Merkava 1 Tank Company,ח (Het),S6,Infantry,0-1 (choice),A,Mech Infantry Platoon,ZELDA,13,13,Transport (M113),613ח,20x30
formation,Merkava 1 Tank Company,ח (Het),S6,Infantry,0-1 (choice),A,Mech Infantry Platoon,ZELDA,14,14,Transport (M113),614ח,20x30
formation,Merkava 1 Tank Company,ח (Het),S6,Infantry,0-1 (choice),A,Mech Infantry Platoon,ZELDA,15,15,Transport (M113),615ח,20x30
formation,Merkava 1 Tank Company,ח (Het),S6,Infantry,0-1 (choice),A,Mech Infantry Platoon,ZELDA,16,16,Transport (M113),616ח,20x30
formation,Merkava 1 Tank Company,ח (Het),S6,Infantry,0-1 (choice),A,Mech Infantry Platoon,VAYZATA,17,17,Transport (Vayzata variant),617ח,20x30
formation,Merkava 1 Tank Company,ח (Het),S6,Infantry,0-1 (choice),A,Mech Infantry Platoon,VAYZATA,18,18,Transport (Vayzata variant),618ח,20x30
formation,Merkava 1 Tank Company,ח (Het),S6,Infantry,0-1 (choice),A,Mech Infantry Platoon,VAYZATA,19,19,Transport (Vayzata variant),619ח,20x30
formation,Merkava 1 Tank Company,ח (Het),S6,Infantry,0-1 (choice),A,Mech Infantry Platoon,VAYZATA,20,20,Transport (Vayzata variant),620ח,20x30
formation,Merkava 1 Tank Company,ח (Het),S6,Infantry,0-1 (choice),A,Mech Infantry Platoon,NAGMASH,21,21,Transport (Nagmasho't variant),621ח,20x30
formation,Merkava 1 Tank Company,ח (Het),S6,Infantry,0-1 (choice),A,Mech Infantry Platoon,NAGMASH,22,22,Transport (Nagmasho't variant),622ח,20x30
formation,Merkava 1 Tank Company,ח (Het),S6,Infantry,0-1 (choice),A,Mech Infantry Platoon,NAGMASH,23,23,Transport (Nagmasho't variant),623ח,20x30
formation,Merkava 1 Tank Company,ח (Het),S6,Infantry,0-1 (choice),A,Mech Infantry Platoon,NAGMASH,24,24,Transport (Nagmasho't variant),624ח,20x30
formation,Merkava 1 Tank Company,ח (Het),S6,Infantry,0-1 (choice),B,Reserve Infantry Platoon,GALIL,1,25,Galil rifle (M72 LAW) [Reserve],625ח,40x20
formation,Merkava 1 Tank Company,ח (Het),S6,Infantry,0-1 (choice),B,Reserve Infantry Platoon,GALIL,2,26,Galil rifle (M72 LAW) [Reserve],626ח,40x20
formation,Merkava 1 Tank Company,ח (Het),S6,Infantry,0-1 (choice),B,Reserve Infantry Platoon,GALIL,3,27,Galil rifle (M72 LAW) [Reserve],627ח,40x20
formation,Merkava 1 Tank Company,ח (Het),S6,Infantry,0-1 (choice),B,Reserve Infantry Platoon,GALIL,4,28,Galil rifle (M72 LAW) [Reserve],628ח,40x20
formation,Merkava 1 Tank Company,ח (Het),S6,Infantry,0-1 (choice),B,Reserve Infantry Platoon,FN MAG,5,29,FN MAG (M72 LAW) [Reserve],629ח,20x20
formation,Merkava 1 Tank Company,ח (Het),S6,Infantry,0-1 (choice),B,Reserve Infantry Platoon,FN MAG,6,30,FN MAG (M72 LAW) [Reserve],630ח,20x20
formation,Merkava 1 Tank Company,ח (Het),S6,Infantry,0-1 (choice),B,Reserve Infantry Platoon,FN MAG,7,31,FN MAG (M72 LAW) [Reserve],631ח,20x20
formation,Merkava 1 Tank Company,ח (Het),S6,Infantry,0-1 (choice),B,Reserve Infantry Platoon,RPG-7,8,32,RPG-7 [Reserve],632ח,20x20
formation,Merkava 1 Tank Company,ח (Het),S6,Infantry,0-1 (choice),B,Reserve Infantry Platoon,RPG-7,9,33,RPG-7 [Reserve],633ח,20x20
formation,Merkava 1 Tank Company,ח (Het),S6,Infantry,0-1 (choice),B,Reserve Infantry Platoon,RPG-7,10,34,RPG-7 [Reserve],634ח,20x20
formation,Merkava 1 Tank Company,ח (Het),S6,Infantry,0-1 (choice),B,Reserve Infantry Platoon,M47 DRAGON,11,35,M47 Dragon (or Dragon 2) [Reserve],635ח,20x20
formation,Merkava 1 Tank Company,ח (Het),S6,Infantry,0-1 (choice),B,Reserve Infantry Platoon,52MM,12,36,52mm mortar [Reserve],636ח,20x20
formation,Merkava 1 Tank Company,ח (Het),S6,Infantry,0-1 (choice),B,Reserve Infantry Platoon,ZELDA,13,37,Transport (Reserve M113),637ח,20x30
formation,Merkava 1 Tank Company,ח (Het),S6,Infantry,0-1 (choice),B,Reserve Infantry Platoon,ZELDA,14,38,Transport (Reserve M113),638ח,20x30
formation,Merkava 1 Tank Company,ח (Het),S6,Infantry,0-1 (choice),B,Reserve Infantry Platoon,ZELDA,15,39,Transport (Reserve M113),639ח,20x30
formation,Merkava 1 Tank Company,ח (Het),S6,Infantry,0-1 (choice),B,Reserve Infantry Platoon,ZELDA,16,40,Transport (Reserve M113),640ח,20x30
formation,Merkava 1 Tank Company,ט (Tet),S1,HQ,1-2,A,Merkava 1 Tank Company HQ,MERKAVA 1,1,1,HQ Tank,001ט,20x40
formation,Merkava 1 Tank Company,ט (Tet),S1,HQ,1-2,A,Merkava 1 Tank Company HQ,MERKAVA 1,2,2,HQ Tank,002ט,20x40
formation,Merkava 1 Tank Company,ט (Tet),S2a,Combat,1 of 2 mandatory,A,Merkava 1 Tank Platoon (1st),MERKAVA 1,1,1,Tank,101ט,20x40
formation,Merkava 1 Tank Company,ט (Tet),S2a,Combat,1 of 2 mandatory,A,Merkava 1 Tank Platoon (1st),MERKAVA 1,2,2,Tank,102ט,20x40
formation,Merkava 1 Tank Company,ט (Tet),S2a,Combat,1 of 2 mandatory,A,Merkava 1 Tank Platoon (1st),MERKAVA 1,3,3,Tank,103ט,20x40
formation,Merkava 1 Tank Company,ט (Tet),S2b,Combat,2 of 2 mandatory,A,Merkava 1 Tank Platoon (2nd),MERKAVA 1,1,1,Tank,201ט,20x40
formation,Merkava 1 Tank Company,ט (Tet),S2b,Combat,2 of 2 mandatory,A,Merkava 1 Tank Platoon (2nd),MERKAVA 1,2,2,Tank,202ט,20x40
formation,Merkava 1 Tank Company,ט (Tet),S2b,Combat,2 of 2 mandatory,A,Merkava 1 Tank Platoon (2nd),MERKAVA 1,3,3,Tank,203ט,20x40
formation,Merkava 1 Tank Company,ט (Tet),S3,Combat,1 (choice),A,Merkava 1 Tank Platoon,MERKAVA 1,1,1,Tank,301ט,20x40
formation,Merkava 1 Tank Company,ט (Tet),S3,Combat,1 (choice),A,Merkava 1 Tank Platoon,MERKAVA 1,2,2,Tank,302ט,20x40
formation,Merkava 1 Tank Company,ט (Tet),S3,Combat,1 (choice),A,Merkava 1 Tank Platoon,MERKAVA 1,3,3,Tank,303ט,20x40
formation,Merkava 1 Tank Company,ט (Tet),S3,Combat,1 (choice),B,Merkava 2 Tank Platoon,MERKAVA 2,1,4,Tank,304ט,20x40
formation,Merkava 1 Tank Company,ט (Tet),S3,Combat,1 (choice),B,Merkava 2 Tank Platoon,MERKAVA 2,2,5,Tank,305ט,20x40
formation,Merkava 1 Tank Company,ט (Tet),S3,Combat,1 (choice),B,Merkava 2 Tank Platoon,MERKAVA 2,3,6,Tank,306ט,20x40
formation,Merkava 1 Tank Company,ט (Tet),S3,Combat,1 (choice),C,Merkava 3 Tank Platoon,MERKAVA 3,1,7,Tank,307ט,20x40
formation,Merkava 1 Tank Company,ט (Tet),S3,Combat,1 (choice),C,Merkava 3 Tank Platoon,MERKAVA 3,2,8,Tank,308ט,20x40
formation,Merkava 1 Tank Company,ט (Tet),S3,Combat,1 (choice),C,Merkava 3 Tank Platoon,MERKAVA 3,3,9,Tank,309ט,20x40
formation,Merkava 1 Tank Company,ט (Tet),S4,Combat,1,A,Merkava 1 Tank Platoon (3rd),MERKAVA 1,1,1,Tank,401ט,20x40
formation,Merkava 1 Tank Company,ט (Tet),S4,Combat,1,A,Merkava 1 Tank Platoon (3rd),MERKAVA 1,2,2,Tank,402ט,20x40
formation,Merkava 1 Tank Company,ט (Tet),S4,Combat,1,A,Merkava 1 Tank Platoon (3rd),MERKAVA 1,3,3,Tank,403ט,20x40
formation,Merkava 1 Tank Company,ט (Tet),S5,Recce,0-1 (choice),A,Jeep Recce Platoon,JEEP,1,1,Recce,501ט,20x30
formation,Merkava 1 Tank Company,ט (Tet),S5,Recce,0-1 (choice),A,Jeep Recce Platoon,JEEP,2,2,Recce,502ט,20x30
formation,Merkava 1 Tank Company,ט (Tet),S5,Recce,0-1 (choice),A,Jeep Recce Platoon,JEEP,3,3,Recce,503ט,20x30
formation,Merkava 1 Tank Company,ט (Tet),S5,Recce,0-1 (choice),B,M113 Recce Platoon,ZELDA,1,4,Recce,504ט,20x30
formation,Merkava 1 Tank Company,ט (Tet),S5,Recce,0-1 (choice),B,M113 Recce Platoon,ZELDA,2,5,Recce,505ט,20x30
formation,Merkava 1 Tank Company,ט (Tet),S5,Recce,0-1 (choice),B,M113 Recce Platoon,ZELDA,3,6,Recce,506ט,20x30
formation,Merkava 1 Tank Company,ט (Tet),S5,Recce,0-1 (choice),B,M113 Recce Platoon,ZELDA,4,7,Recce,507ט,20x30
formation,Merkava 1 Tank Company,ט (Tet),S5,Recce,0-1 (choice),C,Rabbi Recce Platoon,RABBI,1,8,Recce,508ט,20x30
formation,Merkava 1 Tank Company,ט (Tet),S5,Recce,0-1 (choice),C,Rabbi Recce Platoon,RABBI,2,9,Recce,509ט,20x30
formation,Merkava 1 Tank Company,ט (Tet),S5,Recce,0-1 (choice),C,Rabbi Recce Platoon,RABBI,3,10,Recce,510ט,20x30
formation,Merkava 1 Tank Company,ט (Tet),S5,Recce,0-1 (choice),C,Rabbi Recce Platoon,UH-1,4,11,Transport heli,511ט,20x40
formation,Merkava 1 Tank Company,ט (Tet),S5,Recce,0-1 (choice),C,Rabbi Recce Platoon,UH-1,5,12,Transport heli,512ט,20x40
formation,Merkava 1 Tank Company,ט (Tet),S6,Infantry,0-1 (choice),A,Mech Infantry Platoon,GALIL,1,1,Galil rifle (M72 LAW),601ט,40x20
formation,Merkava 1 Tank Company,ט (Tet),S6,Infantry,0-1 (choice),A,Mech Infantry Platoon,GALIL,2,2,Galil rifle (M72 LAW),602ט,40x20
formation,Merkava 1 Tank Company,ט (Tet),S6,Infantry,0-1 (choice),A,Mech Infantry Platoon,GALIL,3,3,Galil rifle (M72 LAW),603ט,40x20
formation,Merkava 1 Tank Company,ט (Tet),S6,Infantry,0-1 (choice),A,Mech Infantry Platoon,GALIL,4,4,Galil rifle (M72 LAW),604ט,40x20
formation,Merkava 1 Tank Company,ט (Tet),S6,Infantry,0-1 (choice),A,Mech Infantry Platoon,FN MAG,5,5,FN MAG (M72 LAW),605ט,20x20
formation,Merkava 1 Tank Company,ט (Tet),S6,Infantry,0-1 (choice),A,Mech Infantry Platoon,FN MAG,6,6,FN MAG (M72 LAW),606ט,20x20
formation,Merkava 1 Tank Company,ט (Tet),S6,Infantry,0-1 (choice),A,Mech Infantry Platoon,FN MAG,7,7,FN MAG (M72 LAW),607ט,20x20
formation,Merkava 1 Tank Company,ט (Tet),S6,Infantry,0-1 (choice),A,Mech Infantry Platoon,RPG-7,8,8,RPG-7 (or B-300),608ט,20x20
formation,Merkava 1 Tank Company,ט (Tet),S6,Infantry,0-1 (choice),A,Mech Infantry Platoon,RPG-7,9,9,RPG-7 (or B-300),609ט,20x20
formation,Merkava 1 Tank Company,ט (Tet),S6,Infantry,0-1 (choice),A,Mech Infantry Platoon,RPG-7,10,10,RPG-7 (or B-300),610ט,20x20
formation,Merkava 1 Tank Company,ט (Tet),S6,Infantry,0-1 (choice),A,Mech Infantry Platoon,M47 DRAGON,11,11,M47 Dragon (or Dragon 2),611ט,20x20
formation,Merkava 1 Tank Company,ט (Tet),S6,Infantry,0-1 (choice),A,Mech Infantry Platoon,52MM,12,12,52mm mortar,612ט,20x20
formation,Merkava 1 Tank Company,ט (Tet),S6,Infantry,0-1 (choice),A,Mech Infantry Platoon,ZELDA,13,13,Transport (M113),613ט,20x30
formation,Merkava 1 Tank Company,ט (Tet),S6,Infantry,0-1 (choice),A,Mech Infantry Platoon,ZELDA,14,14,Transport (M113),614ט,20x30
formation,Merkava 1 Tank Company,ט (Tet),S6,Infantry,0-1 (choice),A,Mech Infantry Platoon,ZELDA,15,15,Transport (M113),615ט,20x30
formation,Merkava 1 Tank Company,ט (Tet),S6,Infantry,0-1 (choice),A,Mech Infantry Platoon,ZELDA,16,16,Transport (M113),616ט,20x30
formation,Merkava 1 Tank Company,ט (Tet),S6,Infantry,0-1 (choice),A,Mech Infantry Platoon,VAYZATA,17,17,Transport (Vayzata variant),617ט,20x30
formation,Merkava 1 Tank Company,ט (Tet),S6,Infantry,0-1 (choice),A,Mech Infantry Platoon,VAYZATA,18,18,Transport (Vayzata variant),618ט,20x30
formation,Merkava 1 Tank Company,ט (Tet),S6,Infantry,0-1 (choice),A,Mech Infantry Platoon,VAYZATA,19,19,Transport (Vayzata variant),619ט,20x30
formation,Merkava 1 Tank Company,ט (Tet),S6,Infantry,0-1 (choice),A,Mech Infantry Platoon,VAYZATA,20,20,Transport (Vayzata variant),620ט,20x30
formation,Merkava 1 Tank Company,ט (Tet),S6,Infantry,0-1 (choice),A,Mech Infantry Platoon,NAGMASH,21,21,Transport (Nagmasho't variant),621ט,20x30
formation,Merkava 1 Tank Company,ט (Tet),S6,Infantry,0-1 (choice),A,Mech Infantry Platoon,NAGMASH,22,22,Transport (Nagmasho't variant),622ט,20x30
formation,Merkava 1 Tank Company,ט (Tet),S6,Infantry,0-1 (choice),A,Mech Infantry Platoon,NAGMASH,23,23,Transport (Nagmasho't variant),623ט,20x30
formation,Merkava 1 Tank Company,ט (Tet),S6,Infantry,0-1 (choice),A,Mech Infantry Platoon,NAGMASH,24,24,Transport (Nagmasho't variant),624ט,20x30
formation,Merkava 1 Tank Company,ט (Tet),S6,Infantry,0-1 (choice),B,Reserve Infantry Platoon,GALIL,1,25,Galil rifle (M72 LAW) [Reserve],625ט,40x20
formation,Merkava 1 Tank Company,ט (Tet),S6,Infantry,0-1 (choice),B,Reserve Infantry Platoon,GALIL,2,26,Galil rifle (M72 LAW) [Reserve],626ט,40x20
formation,Merkava 1 Tank Company,ט (Tet),S6,Infantry,0-1 (choice),B,Reserve Infantry Platoon,GALIL,3,27,Galil rifle (M72 LAW) [Reserve],627ט,40x20
formation,Merkava 1 Tank Company,ט (Tet),S6,Infantry,0-1 (choice),B,Reserve Infantry Platoon,GALIL,4,28,Galil rifle (M72 LAW) [Reserve],628ט,40x20
formation,Merkava 1 Tank Company,ט (Tet),S6,Infantry,0-1 (choice),B,Reserve Infantry Platoon,FN MAG,5,29,FN MAG (M72 LAW) [Reserve],629ט,20x20
formation,Merkava 1 Tank Company,ט (Tet),S6,Infantry,0-1 (choice),B,Reserve Infantry Platoon,FN MAG,6,30,FN MAG (M72 LAW) [Reserve],630ט,20x20
formation,Merkava 1 Tank Company,ט (Tet),S6,Infantry,0-1 (choice),B,Reserve Infantry Platoon,FN MAG,7,31,FN MAG (M72 LAW) [Reserve],631ט,20x20
formation,Merkava 1 Tank Company,ט (Tet),S6,Infantry,0-1 (choice),B,Reserve Infantry Platoon,RPG-7,8,32,RPG-7 [Reserve],632ט,20x20
formation,Merkava 1 Tank Company,ט (Tet),S6,Infantry,0-1 (choice),B,Reserve Infantry Platoon,RPG-7,9,33,RPG-7 [Reserve],633ט,20x20
formation,Merkava 1 Tank Company,ט (Tet),S6,Infantry,0-1 (choice),B,Reserve Infantry Platoon,RPG-7,10,34,RPG-7 [Reserve],634ט,20x20
formation,Merkava 1 Tank Company,ט (Tet),S6,Infantry,0-1 (choice),B,Reserve Infantry Platoon,M47 DRAGON,11,35,M47 Dragon (or Dragon 2) [Reserve],635ט,20x20
formation,Merkava 1 Tank Company,ט (Tet),S6,Infantry,0-1 (choice),B,Reserve Infantry Platoon,52MM,12,36,52mm mortar [Reserve],636ט,20x20
formation,Merkava 1 Tank Company,ט (Tet),S6,Infantry,0-1 (choice),B,Reserve Infantry Platoon,ZELDA,13,37,Transport (Reserve M113),637ט,20x30
formation,Merkava 1 Tank Company,ט (Tet),S6,Infantry,0-1 (choice),B,Reserve Infantry Platoon,ZELDA,14,38,Transport (Reserve M113),638ט,20x30
formation,Merkava 1 Tank Company,ט (Tet),S6,Infantry,0-1 (choice),B,Reserve Infantry Platoon,ZELDA,15,39,Transport (Reserve M113),639ט,20x30
formation,Merkava 1 Tank Company,ט (Tet),S6,Infantry,0-1 (choice),B,Reserve Infantry Platoon,ZELDA,16,40,Transport (Reserve M113),640ט,20x30
formation,Magach 6 Tank Company,י (Yod),S1,HQ,1-2 (assumed),A,Magach 6 Tank Company HQ,MAGACH 6,1,1,HQ Tank,001י,20x40
formation,Magach 6 Tank Company,י (Yod),S1,HQ,1-2 (assumed),A,Magach 6 Tank Company HQ,MAGACH 6,2,2,HQ Tank,002י,20x40
formation,Magach 6 Tank Company,י (Yod),S2a,Combat,1 of 3,A,Magach 6 Tank Platoon (1st),MAGACH 6,1,1,Tank,101י,20x40
formation,Magach 6 Tank Company,י (Yod),S2a,Combat,1 of 3,A,Magach 6 Tank Platoon (1st),MAGACH 6,2,2,Tank,102י,20x40
formation,Magach 6 Tank Company,י (Yod),S2a,Combat,1 of 3,A,Magach 6 Tank Platoon (1st),MAGACH 6,3,3,Tank,103י,20x40
formation,Magach 6 Tank Company,י (Yod),S2a,Combat,1 of 3,B,Magach 6 (Blazer) Tank Platoon (1st),MAGACH 6 BLAZER,1,4,Tank,104י,20x40
formation,Magach 6 Tank Company,י (Yod),S2a,Combat,1 of 3,B,Magach 6 (Blazer) Tank Platoon (1st),MAGACH 6 BLAZER,2,5,Tank,105י,20x40
formation,Magach 6 Tank Company,י (Yod),S2a,Combat,1 of 3,B,Magach 6 (Blazer) Tank Platoon (1st),MAGACH 6 BLAZER,3,6,Tank,106י,20x40
formation,Magach 6 Tank Company,י (Yod),S2b,Combat,2 of 3,A,Magach 6 Tank Platoon (2nd),MAGACH 6,1,1,Tank,201י,20x40
formation,Magach 6 Tank Company,י (Yod),S2b,Combat,2 of 3,A,Magach 6 Tank Platoon (2nd),MAGACH 6,2,2,Tank,202י,20x40
formation,Magach 6 Tank Company,י (Yod),S2b,Combat,2 of 3,A,Magach 6 Tank Platoon (2nd),MAGACH 6,3,3,Tank,203י,20x40
formation,Magach 6 Tank Company,י (Yod),S2b,Combat,2 of 3,B,Magach 6 (Blazer) Tank Platoon (2nd),MAGACH 6 BLAZER,1,4,Tank,204י,20x40
formation,Magach 6 Tank Company,י (Yod),S2b,Combat,2 of 3,B,Magach 6 (Blazer) Tank Platoon (2nd),MAGACH 6 BLAZER,2,5,Tank,205י,20x40
formation,Magach 6 Tank Company,י (Yod),S2b,Combat,2 of 3,B,Magach 6 (Blazer) Tank Platoon (2nd),MAGACH 6 BLAZER,3,6,Tank,206י,20x40
formation,Magach 6 Tank Company,י (Yod),S2c,Combat,3 of 3,A,Magach 6 Tank Platoon (3rd),MAGACH 6,1,1,Tank,301י,20x40
formation,Magach 6 Tank Company,י (Yod),S2c,Combat,3 of 3,A,Magach 6 Tank Platoon (3rd),MAGACH 6,2,2,Tank,302י,20x40
formation,Magach 6 Tank Company,י (Yod),S2c,Combat,3 of 3,A,Magach 6 Tank Platoon (3rd),MAGACH 6,3,3,Tank,303י,20x40
formation,Magach 6 Tank Company,י (Yod),S2c,Combat,3 of 3,B,Magach 6 (Blazer) Tank Platoon (3rd),MAGACH 6 BLAZER,1,4,Tank,304י,20x40
formation,Magach 6 Tank Company,י (Yod),S2c,Combat,3 of 3,B,Magach 6 (Blazer) Tank Platoon (3rd),MAGACH 6 BLAZER,2,5,Tank,305י,20x40
formation,Magach 6 Tank Company,י (Yod),S2c,Combat,3 of 3,B,Magach 6 (Blazer) Tank Platoon (3rd),MAGACH 6 BLAZER,3,6,Tank,306י,20x40
formation,Magach 6 Tank Company,י (Yod),S3,Recce,0-1 (choice),A,Jeep Recce Platoon,JEEP,1,1,Recce,401י,20x30
formation,Magach 6 Tank Company,י (Yod),S3,Recce,0-1 (choice),A,Jeep Recce Platoon,JEEP,2,2,Recce,402י,20x30
formation,Magach 6 Tank Company,י (Yod),S3,Recce,0-1 (choice),A,Jeep Recce Platoon,JEEP,3,3,Recce,403י,20x30
formation,Magach 6 Tank Company,י (Yod),S3,Recce,0-1 (choice),B,M113 Recce Platoon,ZELDA,1,4,Recce,404י,20x30
formation,Magach 6 Tank Company,י (Yod),S3,Recce,0-1 (choice),B,M113 Recce Platoon,ZELDA,2,5,Recce,405י,20x30
formation,Magach 6 Tank Company,י (Yod),S3,Recce,0-1 (choice),B,M113 Recce Platoon,ZELDA,3,6,Recce,406י,20x30
formation,Magach 6 Tank Company,י (Yod),S3,Recce,0-1 (choice),B,M113 Recce Platoon,ZELDA,4,7,Recce,407י,20x30
formation,Magach 6 Tank Company,י (Yod),S3,Recce,0-1 (choice),C,Rabbi Recce Platoon,RABBI,1,8,Recce,408י,20x30
formation,Magach 6 Tank Company,י (Yod),S3,Recce,0-1 (choice),C,Rabbi Recce Platoon,RABBI,2,9,Recce,409י,20x30
formation,Magach 6 Tank Company,י (Yod),S3,Recce,0-1 (choice),C,Rabbi Recce Platoon,RABBI,3,10,Recce,410י,20x30
formation,Magach 6 Tank Company,י (Yod),S3,Recce,0-1 (choice),C,Rabbi Recce Platoon,UH-1,4,11,Transport heli,411י,20x40
formation,Magach 6 Tank Company,י (Yod),S3,Recce,0-1 (choice),C,Rabbi Recce Platoon,UH-1,5,12,Transport heli,412י,20x40
formation,Magach 6 Tank Company,י (Yod),S4,Infantry,0-1 (choice),A,Mech Infantry Platoon,GALIL,1,1,Galil rifle (M72 LAW),501י,40x20
formation,Magach 6 Tank Company,י (Yod),S4,Infantry,0-1 (choice),A,Mech Infantry Platoon,GALIL,2,2,Galil rifle (M72 LAW),502י,40x20
formation,Magach 6 Tank Company,י (Yod),S4,Infantry,0-1 (choice),A,Mech Infantry Platoon,GALIL,3,3,Galil rifle (M72 LAW),503י,40x20
formation,Magach 6 Tank Company,י (Yod),S4,Infantry,0-1 (choice),A,Mech Infantry Platoon,GALIL,4,4,Galil rifle (M72 LAW),504י,40x20
formation,Magach 6 Tank Company,י (Yod),S4,Infantry,0-1 (choice),A,Mech Infantry Platoon,FN MAG,5,5,FN MAG (M72 LAW),505י,20x20
formation,Magach 6 Tank Company,י (Yod),S4,Infantry,0-1 (choice),A,Mech Infantry Platoon,FN MAG,6,6,FN MAG (M72 LAW),506י,20x20
formation,Magach 6 Tank Company,י (Yod),S4,Infantry,0-1 (choice),A,Mech Infantry Platoon,FN MAG,7,7,FN MAG (M72 LAW),507י,20x20
formation,Magach 6 Tank Company,י (Yod),S4,Infantry,0-1 (choice),A,Mech Infantry Platoon,RPG-7,8,8,RPG-7 (or B-300),508י,20x20
formation,Magach 6 Tank Company,י (Yod),S4,Infantry,0-1 (choice),A,Mech Infantry Platoon,RPG-7,9,9,RPG-7 (or B-300),509י,20x20
formation,Magach 6 Tank Company,י (Yod),S4,Infantry,0-1 (choice),A,Mech Infantry Platoon,RPG-7,10,10,RPG-7 (or B-300),510י,20x20
formation,Magach 6 Tank Company,י (Yod),S4,Infantry,0-1 (choice),A,Mech Infantry Platoon,M47 DRAGON,11,11,M47 Dragon (or Dragon 2),511י,20x20
formation,Magach 6 Tank Company,י (Yod),S4,Infantry,0-1 (choice),A,Mech Infantry Platoon,52MM,12,12,52mm mortar,512י,20x20
formation,Magach 6 Tank Company,י (Yod),S4,Infantry,0-1 (choice),A,Mech Infantry Platoon,ZELDA,13,13,Transport (M113),513י,20x30
formation,Magach 6 Tank Company,י (Yod),S4,Infantry,0-1 (choice),A,Mech Infantry Platoon,ZELDA,14,14,Transport (M113),514י,20x30
formation,Magach 6 Tank Company,י (Yod),S4,Infantry,0-1 (choice),A,Mech Infantry Platoon,ZELDA,15,15,Transport (M113),515י,20x30
formation,Magach 6 Tank Company,י (Yod),S4,Infantry,0-1 (choice),A,Mech Infantry Platoon,ZELDA,16,16,Transport (M113),516י,20x30
formation,Magach 6 Tank Company,י (Yod),S4,Infantry,0-1 (choice),A,Mech Infantry Platoon,VAYZATA,17,17,Transport (Vayzata variant),517י,20x30
formation,Magach 6 Tank Company,י (Yod),S4,Infantry,0-1 (choice),A,Mech Infantry Platoon,VAYZATA,18,18,Transport (Vayzata variant),518י,20x30
formation,Magach 6 Tank Company,י (Yod),S4,Infantry,0-1 (choice),A,Mech Infantry Platoon,VAYZATA,19,19,Transport (Vayzata variant),519י,20x30
formation,Magach 6 Tank Company,י (Yod),S4,Infantry,0-1 (choice),A,Mech Infantry Platoon,VAYZATA,20,20,Transport (Vayzata variant),520י,20x30
formation,Magach 6 Tank Company,י (Yod),S4,Infantry,0-1 (choice),A,Mech Infantry Platoon,NAGMASH,21,21,Transport (Nagmasho't variant),521י,20x30
formation,Magach 6 Tank Company,י (Yod),S4,Infantry,0-1 (choice),A,Mech Infantry Platoon,NAGMASH,22,22,Transport (Nagmasho't variant),522י,20x30
formation,Magach 6 Tank Company,י (Yod),S4,Infantry,0-1 (choice),A,Mech Infantry Platoon,NAGMASH,23,23,Transport (Nagmasho't variant),523י,20x30
formation,Magach 6 Tank Company,י (Yod),S4,Infantry,0-1 (choice),A,Mech Infantry Platoon,NAGMASH,24,24,Transport (Nagmasho't variant),524י,20x30
formation,Magach 6 Tank Company,י (Yod),S4,Infantry,0-1 (choice),B,Reserve Infantry Platoon,GALIL,1,25,Galil rifle (M72 LAW) [Reserve],525י,40x20
formation,Magach 6 Tank Company,י (Yod),S4,Infantry,0-1 (choice),B,Reserve Infantry Platoon,GALIL,2,26,Galil rifle (M72 LAW) [Reserve],526י,40x20
formation,Magach 6 Tank Company,י (Yod),S4,Infantry,0-1 (choice),B,Reserve Infantry Platoon,GALIL,3,27,Galil rifle (M72 LAW) [Reserve],527י,40x20
formation,Magach 6 Tank Company,י (Yod),S4,Infantry,0-1 (choice),B,Reserve Infantry Platoon,GALIL,4,28,Galil rifle (M72 LAW) [Reserve],528י,40x20
formation,Magach 6 Tank Company,י (Yod),S4,Infantry,0-1 (choice),B,Reserve Infantry Platoon,FN MAG,5,29,FN MAG (M72 LAW) [Reserve],529י,20x20
formation,Magach 6 Tank Company,י (Yod),S4,Infantry,0-1 (choice),B,Reserve Infantry Platoon,FN MAG,6,30,FN MAG (M72 LAW) [Reserve],530י,20x20
formation,Magach 6 Tank Company,י (Yod),S4,Infantry,0-1 (choice),B,Reserve Infantry Platoon,FN MAG,7,31,FN MAG (M72 LAW) [Reserve],531י,20x20
formation,Magach 6 Tank Company,י (Yod),S4,Infantry,0-1 (choice),B,Reserve Infantry Platoon,RPG-7,8,32,RPG-7 [Reserve],532י,20x20
formation,Magach 6 Tank Company,י (Yod),S4,Infantry,0-1 (choice),B,Reserve Infantry Platoon,RPG-7,9,33,RPG-7 [Reserve],533י,20x20
formation,Magach 6 Tank Company,י (Yod),S4,Infantry,0-1 (choice),B,Reserve Infantry Platoon,RPG-7,10,34,RPG-7 [Reserve],534י,20x20
formation,Magach 6 Tank Company,י (Yod),S4,Infantry,0-1 (choice),B,Reserve Infantry Platoon,M47 DRAGON,11,35,M47 Dragon (or Dragon 2) [Reserve],535י,20x20
formation,Magach 6 Tank Company,י (Yod),S4,Infantry,0-1 (choice),B,Reserve Infantry Platoon,52MM,12,36,52mm mortar [Reserve],536י,20x20
formation,Magach 6 Tank Company,י (Yod),S4,Infantry,0-1 (choice),B,Reserve Infantry Platoon,ZELDA,13,37,Transport (Reserve M113),537י,20x30
formation,Magach 6 Tank Company,י (Yod),S4,Infantry,0-1 (choice),B,Reserve Infantry Platoon,ZELDA,14,38,Transport (Reserve M113),538י,20x30
formation,Magach 6 Tank Company,י (Yod),S4,Infantry,0-1 (choice),B,Reserve Infantry Platoon,ZELDA,15,39,Transport (Reserve M113),539י,20x30
formation,Magach 6 Tank Company,י (Yod),S4,Infantry,0-1 (choice),B,Reserve Infantry Platoon,ZELDA,16,40,Transport (Reserve M113),540י,20x30
formation,Magach 6 Tank Company,כ (Kaf),S1,HQ,1-2 (assumed),A,Magach 6 Tank Company HQ,MAGACH 6,1,1,HQ Tank,001כ,20x40
formation,Magach 6 Tank Company,כ (Kaf),S1,HQ,1-2 (assumed),A,Magach 6 Tank Company HQ,MAGACH 6,2,2,HQ Tank,002כ,20x40
formation,Magach 6 Tank Company,כ (Kaf),S2a,Combat,1 of 3,A,Magach 6 Tank Platoon (1st),MAGACH 6,1,1,Tank,101כ,20x40
formation,Magach 6 Tank Company,כ (Kaf),S2a,Combat,1 of 3,A,Magach 6 Tank Platoon (1st),MAGACH 6,2,2,Tank,102כ,20x40
formation,Magach 6 Tank Company,כ (Kaf),S2a,Combat,1 of 3,A,Magach 6 Tank Platoon (1st),MAGACH 6,3,3,Tank,103כ,20x40
formation,Magach 6 Tank Company,כ (Kaf),S2a,Combat,1 of 3,B,Magach 6 (Blazer) Tank Platoon (1st),MAGACH 6 BLAZER,1,4,Tank,104כ,20x40
formation,Magach 6 Tank Company,כ (Kaf),S2a,Combat,1 of 3,B,Magach 6 (Blazer) Tank Platoon (1st),MAGACH 6 BLAZER,2,5,Tank,105כ,20x40
formation,Magach 6 Tank Company,כ (Kaf),S2a,Combat,1 of 3,B,Magach 6 (Blazer) Tank Platoon (1st),MAGACH 6 BLAZER,3,6,Tank,106כ,20x40
formation,Magach 6 Tank Company,כ (Kaf),S2b,Combat,2 of 3,A,Magach 6 Tank Platoon (2nd),MAGACH 6,1,1,Tank,201כ,20x40
formation,Magach 6 Tank Company,כ (Kaf),S2b,Combat,2 of 3,A,Magach 6 Tank Platoon (2nd),MAGACH 6,2,2,Tank,202כ,20x40
formation,Magach 6 Tank Company,כ (Kaf),S2b,Combat,2 of 3,A,Magach 6 Tank Platoon (2nd),MAGACH 6,3,3,Tank,203כ,20x40
formation,Magach 6 Tank Company,כ (Kaf),S2b,Combat,2 of 3,B,Magach 6 (Blazer) Tank Platoon (2nd),MAGACH 6 BLAZER,1,4,Tank,204כ,20x40
formation,Magach 6 Tank Company,כ (Kaf),S2b,Combat,2 of 3,B,Magach 6 (Blazer) Tank Platoon (2nd),MAGACH 6 BLAZER,2,5,Tank,205כ,20x40
formation,Magach 6 Tank Company,כ (Kaf),S2b,Combat,2 of 3,B,Magach 6 (Blazer) Tank Platoon (2nd),MAGACH 6 BLAZER,3,6,Tank,206כ,20x40
formation,Magach 6 Tank Company,כ (Kaf),S2c,Combat,3 of 3,A,Magach 6 Tank Platoon (3rd),MAGACH 6,1,1,Tank,301כ,20x40
formation,Magach 6 Tank Company,כ (Kaf),S2c,Combat,3 of 3,A,Magach 6 Tank Platoon (3rd),MAGACH 6,2,2,Tank,302כ,20x40
formation,Magach 6 Tank Company,כ (Kaf),S2c,Combat,3 of 3,A,Magach 6 Tank Platoon (3rd),MAGACH 6,3,3,Tank,303כ,20x40
formation,Magach 6 Tank Company,כ (Kaf),S2c,Combat,3 of 3,B,Magach 6 (Blazer) Tank Platoon (3rd),MAGACH 6 BLAZER,1,4,Tank,304כ,20x40
formation,Magach 6 Tank Company,כ (Kaf),S2c,Combat,3 of 3,B,Magach 6 (Blazer) Tank Platoon (3rd),MAGACH 6 BLAZER,2,5,Tank,305כ,20x40
formation,Magach 6 Tank Company,כ (Kaf),S2c,Combat,3 of 3,B,Magach 6 (Blazer) Tank Platoon (3rd),MAGACH 6 BLAZER,3,6,Tank,306כ,20x40
formation,Magach 6 Tank Company,כ (Kaf),S3,Recce,0-1 (choice),A,Jeep Recce Platoon,JEEP,1,1,Recce,401כ,20x30
formation,Magach 6 Tank Company,כ (Kaf),S3,Recce,0-1 (choice),A,Jeep Recce Platoon,JEEP,2,2,Recce,402כ,20x30
formation,Magach 6 Tank Company,כ (Kaf),S3,Recce,0-1 (choice),A,Jeep Recce Platoon,JEEP,3,3,Recce,403כ,20x30
formation,Magach 6 Tank Company,כ (Kaf),S3,Recce,0-1 (choice),B,M113 Recce Platoon,ZELDA,1,4,Recce,404כ,20x30
formation,Magach 6 Tank Company,כ (Kaf),S3,Recce,0-1 (choice),B,M113 Recce Platoon,ZELDA,2,5,Recce,405כ,20x30
formation,Magach 6 Tank Company,כ (Kaf),S3,Recce,0-1 (choice),B,M113 Recce Platoon,ZELDA,3,6,Recce,406כ,20x30
formation,Magach 6 Tank Company,כ (Kaf),S3,Recce,0-1 (choice),B,M113 Recce Platoon,ZELDA,4,7,Recce,407כ,20x30
formation,Magach 6 Tank Company,כ (Kaf),S3,Recce,0-1 (choice),C,Rabbi Recce Platoon,RABBI,1,8,Recce,408כ,20x30
formation,Magach 6 Tank Company,כ (Kaf),S3,Recce,0-1 (choice),C,Rabbi Recce Platoon,RABBI,2,9,Recce,409כ,20x30
formation,Magach 6 Tank Company,כ (Kaf),S3,Recce,0-1 (choice),C,Rabbi Recce Platoon,RABBI,3,10,Recce,410כ,20x30
formation,Magach 6 Tank Company,כ (Kaf),S3,Recce,0-1 (choice),C,Rabbi Recce Platoon,UH-1,4,11,Transport heli,411כ,20x40
formation,Magach 6 Tank Company,כ (Kaf),S3,Recce,0-1 (choice),C,Rabbi Recce Platoon,UH-1,5,12,Transport heli,412כ,20x40
formation,Magach 6 Tank Company,כ (Kaf),S4,Infantry,0-1 (choice),A,Mech Infantry Platoon,GALIL,1,1,Galil rifle (M72 LAW),501כ,40x20
formation,Magach 6 Tank Company,כ (Kaf),S4,Infantry,0-1 (choice),A,Mech Infantry Platoon,GALIL,2,2,Galil rifle (M72 LAW),502כ,40x20
formation,Magach 6 Tank Company,כ (Kaf),S4,Infantry,0-1 (choice),A,Mech Infantry Platoon,GALIL,3,3,Galil rifle (M72 LAW),503כ,40x20
formation,Magach 6 Tank Company,כ (Kaf),S4,Infantry,0-1 (choice),A,Mech Infantry Platoon,GALIL,4,4,Galil rifle (M72 LAW),504כ,40x20
formation,Magach 6 Tank Company,כ (Kaf),S4,Infantry,0-1 (choice),A,Mech Infantry Platoon,FN MAG,5,5,FN MAG (M72 LAW),505כ,20x20
formation,Magach 6 Tank Company,כ (Kaf),S4,Infantry,0-1 (choice),A,Mech Infantry Platoon,FN MAG,6,6,FN MAG (M72 LAW),506כ,20x20
formation,Magach 6 Tank Company,כ (Kaf),S4,Infantry,0-1 (choice),A,Mech Infantry Platoon,FN MAG,7,7,FN MAG (M72 LAW),507כ,20x20
formation,Magach 6 Tank Company,כ (Kaf),S4,Infantry,0-1 (choice),A,Mech Infantry Platoon,RPG-7,8,8,RPG-7 (or B-300),508כ,20x20
formation,Magach 6 Tank Company,כ (Kaf),S4,Infantry,0-1 (choice),A,Mech Infantry Platoon,RPG-7,9,9,RPG-7 (or B-300),509כ,20x20
formation,Magach 6 Tank Company,כ (Kaf),S4,Infantry,0-1 (choice),A,Mech Infantry Platoon,RPG-7,10,10,RPG-7 (or B-300),510כ,20x20
formation,Magach 6 Tank Company,כ (Kaf),S4,Infantry,0-1 (choice),A,Mech Infantry Platoon,M47 DRAGON,11,11,M47 Dragon (or Dragon 2),511כ,20x20
formation,Magach 6 Tank Company,כ (Kaf),S4,Infantry,0-1 (choice),A,Mech Infantry Platoon,52MM,12,12,52mm mortar,512כ,20x20
formation,Magach 6 Tank Company,כ (Kaf),S4,Infantry,0-1 (choice),A,Mech Infantry Platoon,ZELDA,13,13,Transport (M113),513כ,20x30
formation,Magach 6 Tank Company,כ (Kaf),S4,Infantry,0-1 (choice),A,Mech Infantry Platoon,ZELDA,14,14,Transport (M113),514כ,20x30
formation,Magach 6 Tank Company,כ (Kaf),S4,Infantry,0-1 (choice),A,Mech Infantry Platoon,ZELDA,15,15,Transport (M113),515כ,20x30
formation,Magach 6 Tank Company,כ (Kaf),S4,Infantry,0-1 (choice),A,Mech Infantry Platoon,ZELDA,16,16,Transport (M113),516כ,20x30
formation,Magach 6 Tank Company,כ (Kaf),S4,Infantry,0-1 (choice),A,Mech Infantry Platoon,VAYZATA,17,17,Transport (Vayzata variant),517כ,20x30
formation,Magach 6 Tank Company,כ (Kaf),S4,Infantry,0-1 (choice),A,Mech Infantry Platoon,VAYZATA,18,18,Transport (Vayzata variant),518כ,20x30
formation,Magach 6 Tank Company,כ (Kaf),S4,Infantry,0-1 (choice),A,Mech Infantry Platoon,VAYZATA,19,19,Transport (Vayzata variant),519כ,20x30
formation,Magach 6 Tank Company,כ (Kaf),S4,Infantry,0-1 (choice),A,Mech Infantry Platoon,VAYZATA,20,20,Transport (Vayzata variant),520כ,20x30
formation,Magach 6 Tank Company,כ (Kaf),S4,Infantry,0-1 (choice),A,Mech Infantry Platoon,NAGMASH,21,21,Transport (Nagmasho't variant),521כ,20x30
formation,Magach 6 Tank Company,כ (Kaf),S4,Infantry,0-1 (choice),A,Mech Infantry Platoon,NAGMASH,22,22,Transport (Nagmasho't variant),522כ,20x30
formation,Magach 6 Tank Company,כ (Kaf),S4,Infantry,0-1 (choice),A,Mech Infantry Platoon,NAGMASH,23,23,Transport (Nagmasho't variant),523כ,20x30
formation,Magach 6 Tank Company,כ (Kaf),S4,Infantry,0-1 (choice),A,Mech Infantry Platoon,NAGMASH,24,24,Transport (Nagmasho't variant),524כ,20x30
formation,Magach 6 Tank Company,כ (Kaf),S4,Infantry,0-1 (choice),B,Reserve Infantry Platoon,GALIL,1,25,Galil rifle (M72 LAW) [Reserve],525כ,40x20
formation,Magach 6 Tank Company,כ (Kaf),S4,Infantry,0-1 (choice),B,Reserve Infantry Platoon,GALIL,2,26,Galil rifle (M72 LAW) [Reserve],526כ,40x20
formation,Magach 6 Tank Company,כ (Kaf),S4,Infantry,0-1 (choice),B,Reserve Infantry Platoon,GALIL,3,27,Galil rifle (M72 LAW) [Reserve],527כ,40x20
formation,Magach 6 Tank Company,כ (Kaf),S4,Infantry,0-1 (choice),B,Reserve Infantry Platoon,GALIL,4,28,Galil rifle (M72 LAW) [Reserve],528כ,40x20
formation,Magach 6 Tank Company,כ (Kaf),S4,Infantry,0-1 (choice),B,Reserve Infantry Platoon,FN MAG,5,29,FN MAG (M72 LAW) [Reserve],529כ,20x20
formation,Magach 6 Tank Company,כ (Kaf),S4,Infantry,0-1 (choice),B,Reserve Infantry Platoon,FN MAG,6,30,FN MAG (M72 LAW) [Reserve],530כ,20x20
formation,Magach 6 Tank Company,כ (Kaf),S4,Infantry,0-1 (choice),B,Reserve Infantry Platoon,FN MAG,7,31,FN MAG (M72 LAW) [Reserve],531כ,20x20
formation,Magach 6 Tank Company,כ (Kaf),S4,Infantry,0-1 (choice),B,Reserve Infantry Platoon,RPG-7,8,32,RPG-7 [Reserve],532כ,20x20
formation,Magach 6 Tank Company,כ (Kaf),S4,Infantry,0-1 (choice),B,Reserve Infantry Platoon,RPG-7,9,33,RPG-7 [Reserve],533כ,20x20
formation,Magach 6 Tank Company,כ (Kaf),S4,Infantry,0-1 (choice),B,Reserve Infantry Platoon,RPG-7,10,34,RPG-7 [Reserve],534כ,20x20
formation,Magach 6 Tank Company,כ (Kaf),S4,Infantry,0-1 (choice),B,Reserve Infantry Platoon,M47 DRAGON,11,35,M47 Dragon (or Dragon 2) [Reserve],535כ,20x20
formation,Magach 6 Tank Company,כ (Kaf),S4,Infantry,0-1 (choice),B,Reserve Infantry Platoon,52MM,12,36,52mm mortar [Reserve],536כ,20x20
formation,Magach 6 Tank Company,כ (Kaf),S4,Infantry,0-1 (choice),B,Reserve Infantry Platoon,ZELDA,13,37,Transport (Reserve M113),537כ,20x30
formation,Magach 6 Tank Company,כ (Kaf),S4,Infantry,0-1 (choice),B,Reserve Infantry Platoon,ZELDA,14,38,Transport (Reserve M113),538כ,20x30
formation,Magach 6 Tank Company,כ (Kaf),S4,Infantry,0-1 (choice),B,Reserve Infantry Platoon,ZELDA,15,39,Transport (Reserve M113),539כ,20x30
formation,Magach 6 Tank Company,כ (Kaf),S4,Infantry,0-1 (choice),B,Reserve Infantry Platoon,ZELDA,16,40,Transport (Reserve M113),540כ,20x30
formation,Magach 6 Tank Company,ל (Lamed),S1,HQ,1-2 (assumed),A,Magach 6 Tank Company HQ,MAGACH 6,1,1,HQ Tank,001ל,20x40
formation,Magach 6 Tank Company,ל (Lamed),S1,HQ,1-2 (assumed),A,Magach 6 Tank Company HQ,MAGACH 6,2,2,HQ Tank,002ל,20x40
formation,Magach 6 Tank Company,ל (Lamed),S2a,Combat,1 of 3,A,Magach 6 Tank Platoon (1st),MAGACH 6,1,1,Tank,101ל,20x40
formation,Magach 6 Tank Company,ל (Lamed),S2a,Combat,1 of 3,A,Magach 6 Tank Platoon (1st),MAGACH 6,2,2,Tank,102ל,20x40
formation,Magach 6 Tank Company,ל (Lamed),S2a,Combat,1 of 3,A,Magach 6 Tank Platoon (1st),MAGACH 6,3,3,Tank,103ל,20x40
formation,Magach 6 Tank Company,ל (Lamed),S2a,Combat,1 of 3,B,Magach 6 (Blazer) Tank Platoon (1st),MAGACH 6 BLAZER,1,4,Tank,104ל,20x40
formation,Magach 6 Tank Company,ל (Lamed),S2a,Combat,1 of 3,B,Magach 6 (Blazer) Tank Platoon (1st),MAGACH 6 BLAZER,2,5,Tank,105ל,20x40
formation,Magach 6 Tank Company,ל (Lamed),S2a,Combat,1 of 3,B,Magach 6 (Blazer) Tank Platoon (1st),MAGACH 6 BLAZER,3,6,Tank,106ל,20x40
formation,Magach 6 Tank Company,ל (Lamed),S2b,Combat,2 of 3,A,Magach 6 Tank Platoon (2nd),MAGACH 6,1,1,Tank,201ל,20x40
formation,Magach 6 Tank Company,ל (Lamed),S2b,Combat,2 of 3,A,Magach 6 Tank Platoon (2nd),MAGACH 6,2,2,Tank,202ל,20x40
formation,Magach 6 Tank Company,ל (Lamed),S2b,Combat,2 of 3,A,Magach 6 Tank Platoon (2nd),MAGACH 6,3,3,Tank,203ל,20x40
formation,Magach 6 Tank Company,ל (Lamed),S2b,Combat,2 of 3,B,Magach 6 (Blazer) Tank Platoon (2nd),MAGACH 6 BLAZER,1,4,Tank,204ל,20x40
formation,Magach 6 Tank Company,ל (Lamed),S2b,Combat,2 of 3,B,Magach 6 (Blazer) Tank Platoon (2nd),MAGACH 6 BLAZER,2,5,Tank,205ל,20x40
formation,Magach 6 Tank Company,ל (Lamed),S2b,Combat,2 of 3,B,Magach 6 (Blazer) Tank Platoon (2nd),MAGACH 6 BLAZER,3,6,Tank,206ל,20x40
formation,Magach 6 Tank Company,ל (Lamed),S2c,Combat,3 of 3,A,Magach 6 Tank Platoon (3rd),MAGACH 6,1,1,Tank,301ל,20x40
formation,Magach 6 Tank Company,ל (Lamed),S2c,Combat,3 of 3,A,Magach 6 Tank Platoon (3rd),MAGACH 6,2,2,Tank,302ל,20x40
formation,Magach 6 Tank Company,ל (Lamed),S2c,Combat,3 of 3,A,Magach 6 Tank Platoon (3rd),MAGACH 6,3,3,Tank,303ל,20x40
formation,Magach 6 Tank Company,ל (Lamed),S2c,Combat,3 of 3,B,Magach 6 (Blazer) Tank Platoon (3rd),MAGACH 6 BLAZER,1,4,Tank,304ל,20x40
formation,Magach 6 Tank Company,ל (Lamed),S2c,Combat,3 of 3,B,Magach 6 (Blazer) Tank Platoon (3rd),MAGACH 6 BLAZER,2,5,Tank,305ל,20x40
formation,Magach 6 Tank Company,ל (Lamed),S2c,Combat,3 of 3,B,Magach 6 (Blazer) Tank Platoon (3rd),MAGACH 6 BLAZER,3,6,Tank,306ל,20x40
formation,Magach 6 Tank Company,ל (Lamed),S3,Recce,0-1 (choice),A,Jeep Recce Platoon,JEEP,1,1,Recce,401ל,20x30
formation,Magach 6 Tank Company,ל (Lamed),S3,Recce,0-1 (choice),A,Jeep Recce Platoon,JEEP,2,2,Recce,402ל,20x30
formation,Magach 6 Tank Company,ל (Lamed),S3,Recce,0-1 (choice),A,Jeep Recce Platoon,JEEP,3,3,Recce,403ל,20x30
formation,Magach 6 Tank Company,ל (Lamed),S3,Recce,0-1 (choice),B,M113 Recce Platoon,ZELDA,1,4,Recce,404ל,20x30
formation,Magach 6 Tank Company,ל (Lamed),S3,Recce,0-1 (choice),B,M113 Recce Platoon,ZELDA,2,5,Recce,405ל,20x30
formation,Magach 6 Tank Company,ל (Lamed),S3,Recce,0-1 (choice),B,M113 Recce Platoon,ZELDA,3,6,Recce,406ל,20x30
formation,Magach 6 Tank Company,ל (Lamed),S3,Recce,0-1 (choice),B,M113 Recce Platoon,ZELDA,4,7,Recce,407ל,20x30
formation,Magach 6 Tank Company,ל (Lamed),S3,Recce,0-1 (choice),C,Rabbi Recce Platoon,RABBI,1,8,Recce,408ל,20x30
formation,Magach 6 Tank Company,ל (Lamed),S3,Recce,0-1 (choice),C,Rabbi Recce Platoon,RABBI,2,9,Recce,409ל,20x30
formation,Magach 6 Tank Company,ל (Lamed),S3,Recce,0-1 (choice),C,Rabbi Recce Platoon,RABBI,3,10,Recce,410ל,20x30
formation,Magach 6 Tank Company,ל (Lamed),S3,Recce,0-1 (choice),C,Rabbi Recce Platoon,UH-1,4,11,Transport heli,411ל,20x40
formation,Magach 6 Tank Company,ל (Lamed),S3,Recce,0-1 (choice),C,Rabbi Recce Platoon,UH-1,5,12,Transport heli,412ל,20x40
formation,Magach 6 Tank Company,ל (Lamed),S4,Infantry,0-1 (choice),A,Mech Infantry Platoon,GALIL,1,1,Galil rifle (M72 LAW),501ל,40x20
formation,Magach 6 Tank Company,ל (Lamed),S4,Infantry,0-1 (choice),A,Mech Infantry Platoon,GALIL,2,2,Galil rifle (M72 LAW),502ל,40x20
formation,Magach 6 Tank Company,ל (Lamed),S4,Infantry,0-1 (choice),A,Mech Infantry Platoon,GALIL,3,3,Galil rifle (M72 LAW),503ל,40x20
formation,Magach 6 Tank Company,ל (Lamed),S4,Infantry,0-1 (choice),A,Mech Infantry Platoon,GALIL,4,4,Galil rifle (M72 LAW),504ל,40x20
formation,Magach 6 Tank Company,ל (Lamed),S4,Infantry,0-1 (choice),A,Mech Infantry Platoon,FN MAG,5,5,FN MAG (M72 LAW),505ל,20x20
formation,Magach 6 Tank Company,ל (Lamed),S4,Infantry,0-1 (choice),A,Mech Infantry Platoon,FN MAG,6,6,FN MAG (M72 LAW),506ל,20x20
formation,Magach 6 Tank Company,ל (Lamed),S4,Infantry,0-1 (choice),A,Mech Infantry Platoon,FN MAG,7,7,FN MAG (M72 LAW),507ל,20x20
formation,Magach 6 Tank Company,ל (Lamed),S4,Infantry,0-1 (choice),A,Mech Infantry Platoon,RPG-7,8,8,RPG-7 (or B-300),508ל,20x20
formation,Magach 6 Tank Company,ל (Lamed),S4,Infantry,0-1 (choice),A,Mech Infantry Platoon,RPG-7,9,9,RPG-7 (or B-300),509ל,20x20
formation,Magach 6 Tank Company,ל (Lamed),S4,Infantry,0-1 (choice),A,Mech Infantry Platoon,RPG-7,10,10,RPG-7 (or B-300),510ל,20x20
formation,Magach 6 Tank Company,ל (Lamed),S4,Infantry,0-1 (choice),A,Mech Infantry Platoon,M47 DRAGON,11,11,M47 Dragon (or Dragon 2),511ל,20x20
formation,Magach 6 Tank Company,ל (Lamed),S4,Infantry,0-1 (choice),A,Mech Infantry Platoon,52MM,12,12,52mm mortar,512ל,20x20
formation,Magach 6 Tank Company,ל (Lamed),S4,Infantry,0-1 (choice),A,Mech Infantry Platoon,ZELDA,13,13,Transport (M113),513ל,20x30
formation,Magach 6 Tank Company,ל (Lamed),S4,Infantry,0-1 (choice),A,Mech Infantry Platoon,ZELDA,14,14,Transport (M113),514ל,20x30
formation,Magach 6 Tank Company,ל (Lamed),S4,Infantry,0-1 (choice),A,Mech Infantry Platoon,ZELDA,15,15,Transport (M113),515ל,20x30
formation,Magach 6 Tank Company,ל (Lamed),S4,Infantry,0-1 (choice),A,Mech Infantry Platoon,ZELDA,16,16,Transport (M113),516ל,20x30
formation,Magach 6 Tank Company,ל (Lamed),S4,Infantry,0-1 (choice),A,Mech Infantry Platoon,VAYZATA,17,17,Transport (Vayzata variant),517ל,20x30
formation,Magach 6 Tank Company,ל (Lamed),S4,Infantry,0-1 (choice),A,Mech Infantry Platoon,VAYZATA,18,18,Transport (Vayzata variant),518ל,20x30
formation,Magach 6 Tank Company,ל (Lamed),S4,Infantry,0-1 (choice),A,Mech Infantry Platoon,VAYZATA,19,19,Transport (Vayzata variant),519ל,20x30
formation,Magach 6 Tank Company,ל (Lamed),S4,Infantry,0-1 (choice),A,Mech Infantry Platoon,VAYZATA,20,20,Transport (Vayzata variant),520ל,20x30
formation,Magach 6 Tank Company,ל (Lamed),S4,Infantry,0-1 (choice),A,Mech Infantry Platoon,NAGMASH,21,21,Transport (Nagmasho't variant),521ל,20x30
formation,Magach 6 Tank Company,ל (Lamed),S4,Infantry,0-1 (choice),A,Mech Infantry Platoon,NAGMASH,22,22,Transport (Nagmasho't variant),522ל,20x30
formation,Magach 6 Tank Company,ל (Lamed),S4,Infantry,0-1 (choice),A,Mech Infantry Platoon,NAGMASH,23,23,Transport (Nagmasho't variant),523ל,20x30
formation,Magach 6 Tank Company,ל (Lamed),S4,Infantry,0-1 (choice),A,Mech Infantry Platoon,NAGMASH,24,24,Transport (Nagmasho't variant),524ל,20x30
formation,Magach 6 Tank Company,ל (Lamed),S4,Infantry,0-1 (choice),B,Reserve Infantry Platoon,GALIL,1,25,Galil rifle (M72 LAW) [Reserve],525ל,40x20
formation,Magach 6 Tank Company,ל (Lamed),S4,Infantry,0-1 (choice),B,Reserve Infantry Platoon,GALIL,2,26,Galil rifle (M72 LAW) [Reserve],526ל,40x20
formation,Magach 6 Tank Company,ל (Lamed),S4,Infantry,0-1 (choice),B,Reserve Infantry Platoon,GALIL,3,27,Galil rifle (M72 LAW) [Reserve],527ל,40x20
formation,Magach 6 Tank Company,ל (Lamed),S4,Infantry,0-1 (choice),B,Reserve Infantry Platoon,GALIL,4,28,Galil rifle (M72 LAW) [Reserve],528ל,40x20
formation,Magach 6 Tank Company,ל (Lamed),S4,Infantry,0-1 (choice),B,Reserve Infantry Platoon,FN MAG,5,29,FN MAG (M72 LAW) [Reserve],529ל,20x20
formation,Magach 6 Tank Company,ל (Lamed),S4,Infantry,0-1 (choice),B,Reserve Infantry Platoon,FN MAG,6,30,FN MAG (M72 LAW) [Reserve],530ל,20x20
formation,Magach 6 Tank Company,ל (Lamed),S4,Infantry,0-1 (choice),B,Reserve Infantry Platoon,FN MAG,7,31,FN MAG (M72 LAW) [Reserve],531ל,20x20
formation,Magach 6 Tank Company,ל (Lamed),S4,Infantry,0-1 (choice),B,Reserve Infantry Platoon,RPG-7,8,32,RPG-7 [Reserve],532ל,20x20
formation,Magach 6 Tank Company,ל (Lamed),S4,Infantry,0-1 (choice),B,Reserve Infantry Platoon,RPG-7,9,33,RPG-7 [Reserve],533ל,20x20
formation,Magach 6 Tank Company,ל (Lamed),S4,Infantry,0-1 (choice),B,Reserve Infantry Platoon,RPG-7,10,34,RPG-7 [Reserve],534ל,20x20
formation,Magach 6 Tank Company,ל (Lamed),S4,Infantry,0-1 (choice),B,Reserve Infantry Platoon,M47 DRAGON,11,35,M47 Dragon (or Dragon 2) [Reserve],535ל,20x20
formation,Magach 6 Tank Company,ל (Lamed),S4,Infantry,0-1 (choice),B,Reserve Infantry Platoon,52MM,12,36,52mm mortar [Reserve],536ל,20x20
formation,Magach 6 Tank Company,ל (Lamed),S4,Infantry,0-1 (choice),B,Reserve Infantry Platoon,ZELDA,13,37,Transport (Reserve M113),537ל,20x30
formation,Magach 6 Tank Company,ל (Lamed),S4,Infantry,0-1 (choice),B,Reserve Infantry Platoon,ZELDA,14,38,Transport (Reserve M113),538ל,20x30
formation,Magach 6 Tank Company,ל (Lamed),S4,Infantry,0-1 (choice),B,Reserve Infantry Platoon,ZELDA,15,39,Transport (Reserve M113),539ל,20x30
formation,Magach 6 Tank Company,ל (Lamed),S4,Infantry,0-1 (choice),B,Reserve Infantry Platoon,ZELDA,16,40,Transport (Reserve M113),540ל,20x30
formation,Sho't (Blazer) Tank Company,מ (Mem),S1,HQ,1-2,A,Sho't (Blazer) Tank Company HQ,SHO'T BLAZER,1,1,HQ Tank,001מ,20x40
formation,Sho't (Blazer) Tank Company,מ (Mem),S1,HQ,1-2,A,Sho't (Blazer) Tank Company HQ,SHO'T BLAZER,2,2,HQ Tank,002מ,20x40
formation,Sho't (Blazer) Tank Company,מ (Mem),S2a,Combat,1 of 3,A,Sho't (Blazer) Tank Platoon (1st),SHO'T BLAZER,1,1,Tank,101מ,20x40
formation,Sho't (Blazer) Tank Company,מ (Mem),S2a,Combat,1 of 3,A,Sho't (Blazer) Tank Platoon (1st),SHO'T BLAZER,2,2,Tank,102מ,20x40
formation,Sho't (Blazer) Tank Company,מ (Mem),S2a,Combat,1 of 3,A,Sho't (Blazer) Tank Platoon (1st),SHO'T BLAZER,3,3,Tank,103מ,20x40
formation,Sho't (Blazer) Tank Company,מ (Mem),S2b,Combat,2 of 3,A,Sho't (Blazer) Tank Platoon (2nd),SHO'T BLAZER,1,1,Tank,201מ,20x40
formation,Sho't (Blazer) Tank Company,מ (Mem),S2b,Combat,2 of 3,A,Sho't (Blazer) Tank Platoon (2nd),SHO'T BLAZER,2,2,Tank,202מ,20x40
formation,Sho't (Blazer) Tank Company,מ (Mem),S2b,Combat,2 of 3,A,Sho't (Blazer) Tank Platoon (2nd),SHO'T BLAZER,3,3,Tank,203מ,20x40
formation,Sho't (Blazer) Tank Company,מ (Mem),S2c,Combat,3 of 3,A,Sho't (Blazer) Tank Platoon (3rd),SHO'T BLAZER,1,1,Tank,301מ,20x40
formation,Sho't (Blazer) Tank Company,מ (Mem),S2c,Combat,3 of 3,A,Sho't (Blazer) Tank Platoon (3rd),SHO'T BLAZER,2,2,Tank,302מ,20x40
formation,Sho't (Blazer) Tank Company,מ (Mem),S2c,Combat,3 of 3,A,Sho't (Blazer) Tank Platoon (3rd),SHO'T BLAZER,3,3,Tank,303מ,20x40
formation,Sho't (Blazer) Tank Company,מ (Mem),S3,Recce,0-1 (choice),A,Jeep Recce Platoon,JEEP,1,1,Recce,401מ,20x30
formation,Sho't (Blazer) Tank Company,מ (Mem),S3,Recce,0-1 (choice),A,Jeep Recce Platoon,JEEP,2,2,Recce,402מ,20x30
formation,Sho't (Blazer) Tank Company,מ (Mem),S3,Recce,0-1 (choice),A,Jeep Recce Platoon,JEEP,3,3,Recce,403מ,20x30
formation,Sho't (Blazer) Tank Company,מ (Mem),S3,Recce,0-1 (choice),B,M113 Recce Platoon,ZELDA,1,4,Recce,404מ,20x30
formation,Sho't (Blazer) Tank Company,מ (Mem),S3,Recce,0-1 (choice),B,M113 Recce Platoon,ZELDA,2,5,Recce,405מ,20x30
formation,Sho't (Blazer) Tank Company,מ (Mem),S3,Recce,0-1 (choice),B,M113 Recce Platoon,ZELDA,3,6,Recce,406מ,20x30
formation,Sho't (Blazer) Tank Company,מ (Mem),S3,Recce,0-1 (choice),B,M113 Recce Platoon,ZELDA,4,7,Recce,407מ,20x30
formation,Sho't (Blazer) Tank Company,מ (Mem),S3,Recce,0-1 (choice),C,Rabbi Recce Platoon,RABBI,1,8,Recce,408מ,20x30
formation,Sho't (Blazer) Tank Company,מ (Mem),S3,Recce,0-1 (choice),C,Rabbi Recce Platoon,RABBI,2,9,Recce,409מ,20x30
formation,Sho't (Blazer) Tank Company,מ (Mem),S3,Recce,0-1 (choice),C,Rabbi Recce Platoon,RABBI,3,10,Recce,410מ,20x30
formation,Sho't (Blazer) Tank Company,מ (Mem),S3,Recce,0-1 (choice),C,Rabbi Recce Platoon,UH-1,4,11,Transport heli,411מ,20x40
formation,Sho't (Blazer) Tank Company,מ (Mem),S3,Recce,0-1 (choice),C,Rabbi Recce Platoon,UH-1,5,12,Transport heli,412מ,20x40
formation,Sho't (Blazer) Tank Company,מ (Mem),S4,Infantry,0-1 (choice),A,Mech Infantry Platoon,GALIL,1,1,Galil rifle (M72 LAW),501מ,40x20
formation,Sho't (Blazer) Tank Company,מ (Mem),S4,Infantry,0-1 (choice),A,Mech Infantry Platoon,GALIL,2,2,Galil rifle (M72 LAW),502מ,40x20
formation,Sho't (Blazer) Tank Company,מ (Mem),S4,Infantry,0-1 (choice),A,Mech Infantry Platoon,GALIL,3,3,Galil rifle (M72 LAW),503מ,40x20
formation,Sho't (Blazer) Tank Company,מ (Mem),S4,Infantry,0-1 (choice),A,Mech Infantry Platoon,GALIL,4,4,Galil rifle (M72 LAW),504מ,40x20
formation,Sho't (Blazer) Tank Company,מ (Mem),S4,Infantry,0-1 (choice),A,Mech Infantry Platoon,FN MAG,5,5,FN MAG (M72 LAW),505מ,20x20
formation,Sho't (Blazer) Tank Company,מ (Mem),S4,Infantry,0-1 (choice),A,Mech Infantry Platoon,FN MAG,6,6,FN MAG (M72 LAW),506מ,20x20
formation,Sho't (Blazer) Tank Company,מ (Mem),S4,Infantry,0-1 (choice),A,Mech Infantry Platoon,FN MAG,7,7,FN MAG (M72 LAW),507מ,20x20
formation,Sho't (Blazer) Tank Company,מ (Mem),S4,Infantry,0-1 (choice),A,Mech Infantry Platoon,RPG-7,8,8,RPG-7 (or B-300),508מ,20x20
formation,Sho't (Blazer) Tank Company,מ (Mem),S4,Infantry,0-1 (choice),A,Mech Infantry Platoon,RPG-7,9,9,RPG-7 (or B-300),509מ,20x20
formation,Sho't (Blazer) Tank Company,מ (Mem),S4,Infantry,0-1 (choice),A,Mech Infantry Platoon,RPG-7,10,10,RPG-7 (or B-300),510מ,20x20
formation,Sho't (Blazer) Tank Company,מ (Mem),S4,Infantry,0-1 (choice),A,Mech Infantry Platoon,M47 DRAGON,11,11,M47 Dragon (or Dragon 2),511מ,20x20
formation,Sho't (Blazer) Tank Company,מ (Mem),S4,Infantry,0-1 (choice),A,Mech Infantry Platoon,52MM,12,12,52mm mortar,512מ,20x20
formation,Sho't (Blazer) Tank Company,מ (Mem),S4,Infantry,0-1 (choice),A,Mech Infantry Platoon,ZELDA,13,13,Transport (M113),513מ,20x30
formation,Sho't (Blazer) Tank Company,מ (Mem),S4,Infantry,0-1 (choice),A,Mech Infantry Platoon,ZELDA,14,14,Transport (M113),514מ,20x30
formation,Sho't (Blazer) Tank Company,מ (Mem),S4,Infantry,0-1 (choice),A,Mech Infantry Platoon,ZELDA,15,15,Transport (M113),515מ,20x30
formation,Sho't (Blazer) Tank Company,מ (Mem),S4,Infantry,0-1 (choice),A,Mech Infantry Platoon,ZELDA,16,16,Transport (M113),516מ,20x30
formation,Sho't (Blazer) Tank Company,מ (Mem),S4,Infantry,0-1 (choice),A,Mech Infantry Platoon,VAYZATA,17,17,Transport (Vayzata variant),517מ,20x30
formation,Sho't (Blazer) Tank Company,מ (Mem),S4,Infantry,0-1 (choice),A,Mech Infantry Platoon,VAYZATA,18,18,Transport (Vayzata variant),518מ,20x30
formation,Sho't (Blazer) Tank Company,מ (Mem),S4,Infantry,0-1 (choice),A,Mech Infantry Platoon,VAYZATA,19,19,Transport (Vayzata variant),519מ,20x30
formation,Sho't (Blazer) Tank Company,מ (Mem),S4,Infantry,0-1 (choice),A,Mech Infantry Platoon,VAYZATA,20,20,Transport (Vayzata variant),520מ,20x30
formation,Sho't (Blazer) Tank Company,מ (Mem),S4,Infantry,0-1 (choice),A,Mech Infantry Platoon,NAGMASH,21,21,Transport (Nagmasho't variant),521מ,20x30
formation,Sho't (Blazer) Tank Company,מ (Mem),S4,Infantry,0-1 (choice),A,Mech Infantry Platoon,NAGMASH,22,22,Transport (Nagmasho't variant),522מ,20x30
formation,Sho't (Blazer) Tank Company,מ (Mem),S4,Infantry,0-1 (choice),A,Mech Infantry Platoon,NAGMASH,23,23,Transport (Nagmasho't variant),523מ,20x30
formation,Sho't (Blazer) Tank Company,מ (Mem),S4,Infantry,0-1 (choice),A,Mech Infantry Platoon,NAGMASH,24,24,Transport (Nagmasho't variant),524מ,20x30
formation,Sho't (Blazer) Tank Company,מ (Mem),S4,Infantry,0-1 (choice),B,Reserve Infantry Platoon,GALIL,1,25,Galil rifle (M72 LAW) [Reserve],525מ,40x20
formation,Sho't (Blazer) Tank Company,מ (Mem),S4,Infantry,0-1 (choice),B,Reserve Infantry Platoon,GALIL,2,26,Galil rifle (M72 LAW) [Reserve],526מ,40x20
formation,Sho't (Blazer) Tank Company,מ (Mem),S4,Infantry,0-1 (choice),B,Reserve Infantry Platoon,GALIL,3,27,Galil rifle (M72 LAW) [Reserve],527מ,40x20
formation,Sho't (Blazer) Tank Company,מ (Mem),S4,Infantry,0-1 (choice),B,Reserve Infantry Platoon,GALIL,4,28,Galil rifle (M72 LAW) [Reserve],528מ,40x20
formation,Sho't (Blazer) Tank Company,מ (Mem),S4,Infantry,0-1 (choice),B,Reserve Infantry Platoon,FN MAG,5,29,FN MAG (M72 LAW) [Reserve],529מ,20x20
formation,Sho't (Blazer) Tank Company,מ (Mem),S4,Infantry,0-1 (choice),B,Reserve Infantry Platoon,FN MAG,6,30,FN MAG (M72 LAW) [Reserve],530מ,20x20
formation,Sho't (Blazer) Tank Company,מ (Mem),S4,Infantry,0-1 (choice),B,Reserve Infantry Platoon,FN MAG,7,31,FN MAG (M72 LAW) [Reserve],531מ,20x20
formation,Sho't (Blazer) Tank Company,מ (Mem),S4,Infantry,0-1 (choice),B,Reserve Infantry Platoon,RPG-7,8,32,RPG-7 [Reserve],532מ,20x20
formation,Sho't (Blazer) Tank Company,מ (Mem),S4,Infantry,0-1 (choice),B,Reserve Infantry Platoon,RPG-7,9,33,RPG-7 [Reserve],533מ,20x20
formation,Sho't (Blazer) Tank Company,מ (Mem),S4,Infantry,0-1 (choice),B,Reserve Infantry Platoon,RPG-7,10,34,RPG-7 [Reserve],534מ,20x20
formation,Sho't (Blazer) Tank Company,מ (Mem),S4,Infantry,0-1 (choice),B,Reserve Infantry Platoon,M47 DRAGON,11,35,M47 Dragon (or Dragon 2) [Reserve],535מ,20x20
formation,Sho't (Blazer) Tank Company,מ (Mem),S4,Infantry,0-1 (choice),B,Reserve Infantry Platoon,52MM,12,36,52mm mortar [Reserve],536מ,20x20
formation,Sho't (Blazer) Tank Company,מ (Mem),S4,Infantry,0-1 (choice),B,Reserve Infantry Platoon,ZELDA,13,37,Transport (Reserve M113),537מ,20x30
formation,Sho't (Blazer) Tank Company,מ (Mem),S4,Infantry,0-1 (choice),B,Reserve Infantry Platoon,ZELDA,14,38,Transport (Reserve M113),538מ,20x30
formation,Sho't (Blazer) Tank Company,מ (Mem),S4,Infantry,0-1 (choice),B,Reserve Infantry Platoon,ZELDA,15,39,Transport (Reserve M113),539מ,20x30
formation,Sho't (Blazer) Tank Company,מ (Mem),S4,Infantry,0-1 (choice),B,Reserve Infantry Platoon,ZELDA,16,40,Transport (Reserve M113),540מ,20x30
formation,Sho't (Blazer) Tank Company,נ (Nun),S1,HQ,1-2,A,Sho't (Blazer) Tank Company HQ,SHO'T BLAZER,1,1,HQ Tank,001נ,20x40
formation,Sho't (Blazer) Tank Company,נ (Nun),S1,HQ,1-2,A,Sho't (Blazer) Tank Company HQ,SHO'T BLAZER,2,2,HQ Tank,002נ,20x40
formation,Sho't (Blazer) Tank Company,נ (Nun),S2a,Combat,1 of 3,A,Sho't (Blazer) Tank Platoon (1st),SHO'T BLAZER,1,1,Tank,101נ,20x40
formation,Sho't (Blazer) Tank Company,נ (Nun),S2a,Combat,1 of 3,A,Sho't (Blazer) Tank Platoon (1st),SHO'T BLAZER,2,2,Tank,102נ,20x40
formation,Sho't (Blazer) Tank Company,נ (Nun),S2a,Combat,1 of 3,A,Sho't (Blazer) Tank Platoon (1st),SHO'T BLAZER,3,3,Tank,103נ,20x40
formation,Sho't (Blazer) Tank Company,נ (Nun),S2b,Combat,2 of 3,A,Sho't (Blazer) Tank Platoon (2nd),SHO'T BLAZER,1,1,Tank,201נ,20x40
formation,Sho't (Blazer) Tank Company,נ (Nun),S2b,Combat,2 of 3,A,Sho't (Blazer) Tank Platoon (2nd),SHO'T BLAZER,2,2,Tank,202נ,20x40
formation,Sho't (Blazer) Tank Company,נ (Nun),S2b,Combat,2 of 3,A,Sho't (Blazer) Tank Platoon (2nd),SHO'T BLAZER,3,3,Tank,203נ,20x40
formation,Sho't (Blazer) Tank Company,נ (Nun),S2c,Combat,3 of 3,A,Sho't (Blazer) Tank Platoon (3rd),SHO'T BLAZER,1,1,Tank,301נ,20x40
formation,Sho't (Blazer) Tank Company,נ (Nun),S2c,Combat,3 of 3,A,Sho't (Blazer) Tank Platoon (3rd),SHO'T BLAZER,2,2,Tank,302נ,20x40
formation,Sho't (Blazer) Tank Company,נ (Nun),S2c,Combat,3 of 3,A,Sho't (Blazer) Tank Platoon (3rd),SHO'T BLAZER,3,3,Tank,303נ,20x40
formation,Sho't (Blazer) Tank Company,נ (Nun),S3,Recce,0-1 (choice),A,Jeep Recce Platoon,JEEP,1,1,Recce,401נ,20x30
formation,Sho't (Blazer) Tank Company,נ (Nun),S3,Recce,0-1 (choice),A,Jeep Recce Platoon,JEEP,2,2,Recce,402נ,20x30
formation,Sho't (Blazer) Tank Company,נ (Nun),S3,Recce,0-1 (choice),A,Jeep Recce Platoon,JEEP,3,3,Recce,403נ,20x30
formation,Sho't (Blazer) Tank Company,נ (Nun),S3,Recce,0-1 (choice),B,M113 Recce Platoon,ZELDA,1,4,Recce,404נ,20x30
formation,Sho't (Blazer) Tank Company,נ (Nun),S3,Recce,0-1 (choice),B,M113 Recce Platoon,ZELDA,2,5,Recce,405נ,20x30
formation,Sho't (Blazer) Tank Company,נ (Nun),S3,Recce,0-1 (choice),B,M113 Recce Platoon,ZELDA,3,6,Recce,406נ,20x30
formation,Sho't (Blazer) Tank Company,נ (Nun),S3,Recce,0-1 (choice),B,M113 Recce Platoon,ZELDA,4,7,Recce,407נ,20x30
formation,Sho't (Blazer) Tank Company,נ (Nun),S3,Recce,0-1 (choice),C,Rabbi Recce Platoon,RABBI,1,8,Recce,408נ,20x30
formation,Sho't (Blazer) Tank Company,נ (Nun),S3,Recce,0-1 (choice),C,Rabbi Recce Platoon,RABBI,2,9,Recce,409נ,20x30
formation,Sho't (Blazer) Tank Company,נ (Nun),S3,Recce,0-1 (choice),C,Rabbi Recce Platoon,RABBI,3,10,Recce,410נ,20x30
formation,Sho't (Blazer) Tank Company,נ (Nun),S3,Recce,0-1 (choice),C,Rabbi Recce Platoon,UH-1,4,11,Transport heli,411נ,20x40
formation,Sho't (Blazer) Tank Company,נ (Nun),S3,Recce,0-1 (choice),C,Rabbi Recce Platoon,UH-1,5,12,Transport heli,412נ,20x40
formation,Sho't (Blazer) Tank Company,נ (Nun),S4,Infantry,0-1 (choice),A,Mech Infantry Platoon,GALIL,1,1,Galil rifle (M72 LAW),501נ,40x20
formation,Sho't (Blazer) Tank Company,נ (Nun),S4,Infantry,0-1 (choice),A,Mech Infantry Platoon,GALIL,2,2,Galil rifle (M72 LAW),502נ,40x20
formation,Sho't (Blazer) Tank Company,נ (Nun),S4,Infantry,0-1 (choice),A,Mech Infantry Platoon,GALIL,3,3,Galil rifle (M72 LAW),503נ,40x20
formation,Sho't (Blazer) Tank Company,נ (Nun),S4,Infantry,0-1 (choice),A,Mech Infantry Platoon,GALIL,4,4,Galil rifle (M72 LAW),504נ,40x20
formation,Sho't (Blazer) Tank Company,נ (Nun),S4,Infantry,0-1 (choice),A,Mech Infantry Platoon,FN MAG,5,5,FN MAG (M72 LAW),505נ,20x20
formation,Sho't (Blazer) Tank Company,נ (Nun),S4,Infantry,0-1 (choice),A,Mech Infantry Platoon,FN MAG,6,6,FN MAG (M72 LAW),506נ,20x20
formation,Sho't (Blazer) Tank Company,נ (Nun),S4,Infantry,0-1 (choice),A,Mech Infantry Platoon,FN MAG,7,7,FN MAG (M72 LAW),507נ,20x20
formation,Sho't (Blazer) Tank Company,נ (Nun),S4,Infantry,0-1 (choice),A,Mech Infantry Platoon,RPG-7,8,8,RPG-7 (or B-300),508נ,20x20
formation,Sho't (Blazer) Tank Company,נ (Nun),S4,Infantry,0-1 (choice),A,Mech Infantry Platoon,RPG-7,9,9,RPG-7 (or B-300),509נ,20x20
formation,Sho't (Blazer) Tank Company,נ (Nun),S4,Infantry,0-1 (choice),A,Mech Infantry Platoon,RPG-7,10,10,RPG-7 (or B-300),510נ,20x20
formation,Sho't (Blazer) Tank Company,נ (Nun),S4,Infantry,0-1 (choice),A,Mech Infantry Platoon,M47 DRAGON,11,11,M47 Dragon (or Dragon 2),511נ,20x20
formation,Sho't (Blazer) Tank Company,נ (Nun),S4,Infantry,0-1 (choice),A,Mech Infantry Platoon,52MM,12,12,52mm mortar,512נ,20x20
formation,Sho't (Blazer) Tank Company,נ (Nun),S4,Infantry,0-1 (choice),A,Mech Infantry Platoon,ZELDA,13,13,Transport (M113),513נ,20x30
formation,Sho't (Blazer) Tank Company,נ (Nun),S4,Infantry,0-1 (choice),A,Mech Infantry Platoon,ZELDA,14,14,Transport (M113),514נ,20x30
formation,Sho't (Blazer) Tank Company,נ (Nun),S4,Infantry,0-1 (choice),A,Mech Infantry Platoon,ZELDA,15,15,Transport (M113),515נ,20x30
formation,Sho't (Blazer) Tank Company,נ (Nun),S4,Infantry,0-1 (choice),A,Mech Infantry Platoon,ZELDA,16,16,Transport (M113),516נ,20x30
formation,Sho't (Blazer) Tank Company,נ (Nun),S4,Infantry,0-1 (choice),A,Mech Infantry Platoon,VAYZATA,17,17,Transport (Vayzata variant),517נ,20x30
formation,Sho't (Blazer) Tank Company,נ (Nun),S4,Infantry,0-1 (choice),A,Mech Infantry Platoon,VAYZATA,18,18,Transport (Vayzata variant),518נ,20x30
formation,Sho't (Blazer) Tank Company,נ (Nun),S4,Infantry,0-1 (choice),A,Mech Infantry Platoon,VAYZATA,19,19,Transport (Vayzata variant),519נ,20x30
formation,Sho't (Blazer) Tank Company,נ (Nun),S4,Infantry,0-1 (choice),A,Mech Infantry Platoon,VAYZATA,20,20,Transport (Vayzata variant),520נ,20x30
formation,Sho't (Blazer) Tank Company,נ (Nun),S4,Infantry,0-1 (choice),A,Mech Infantry Platoon,NAGMASH,21,21,Transport (Nagmasho't variant),521נ,20x30
formation,Sho't (Blazer) Tank Company,נ (Nun),S4,Infantry,0-1 (choice),A,Mech Infantry Platoon,NAGMASH,22,22,Transport (Nagmasho't variant),522נ,20x30
formation,Sho't (Blazer) Tank Company,נ (Nun),S4,Infantry,0-1 (choice),A,Mech Infantry Platoon,NAGMASH,23,23,Transport (Nagmasho't variant),523נ,20x30
formation,Sho't (Blazer) Tank Company,נ (Nun),S4,Infantry,0-1 (choice),A,Mech Infantry Platoon,NAGMASH,24,24,Transport (Nagmasho't variant),524נ,20x30
formation,Sho't (Blazer) Tank Company,נ (Nun),S4,Infantry,0-1 (choice),B,Reserve Infantry Platoon,GALIL,1,25,Galil rifle (M72 LAW) [Reserve],525נ,40x20
formation,Sho't (Blazer) Tank Company,נ (Nun),S4,Infantry,0-1 (choice),B,Reserve Infantry Platoon,GALIL,2,26,Galil rifle (M72 LAW) [Reserve],526נ,40x20
formation,Sho't (Blazer) Tank Company,נ (Nun),S4,Infantry,0-1 (choice),B,Reserve Infantry Platoon,GALIL,3,27,Galil rifle (M72 LAW) [Reserve],527נ,40x20
formation,Sho't (Blazer) Tank Company,נ (Nun),S4,Infantry,0-1 (choice),B,Reserve Infantry Platoon,GALIL,4,28,Galil rifle (M72 LAW) [Reserve],528נ,40x20
formation,Sho't (Blazer) Tank Company,נ (Nun),S4,Infantry,0-1 (choice),B,Reserve Infantry Platoon,FN MAG,5,29,FN MAG (M72 LAW) [Reserve],529נ,20x20
formation,Sho't (Blazer) Tank Company,נ (Nun),S4,Infantry,0-1 (choice),B,Reserve Infantry Platoon,FN MAG,6,30,FN MAG (M72 LAW) [Reserve],530נ,20x20
formation,Sho't (Blazer) Tank Company,נ (Nun),S4,Infantry,0-1 (choice),B,Reserve Infantry Platoon,FN MAG,7,31,FN MAG (M72 LAW) [Reserve],531נ,20x20
formation,Sho't (Blazer) Tank Company,נ (Nun),S4,Infantry,0-1 (choice),B,Reserve Infantry Platoon,RPG-7,8,32,RPG-7 [Reserve],532נ,20x20
formation,Sho't (Blazer) Tank Company,נ (Nun),S4,Infantry,0-1 (choice),B,Reserve Infantry Platoon,RPG-7,9,33,RPG-7 [Reserve],533נ,20x20
formation,Sho't (Blazer) Tank Company,נ (Nun),S4,Infantry,0-1 (choice),B,Reserve Infantry Platoon,RPG-7,10,34,RPG-7 [Reserve],534נ,20x20
formation,Sho't (Blazer) Tank Company,נ (Nun),S4,Infantry,0-1 (choice),B,Reserve Infantry Platoon,M47 DRAGON,11,35,M47 Dragon (or Dragon 2) [Reserve],535נ,20x20
formation,Sho't (Blazer) Tank Company,נ (Nun),S4,Infantry,0-1 (choice),B,Reserve Infantry Platoon,52MM,12,36,52mm mortar [Reserve],536נ,20x20
formation,Sho't (Blazer) Tank Company,נ (Nun),S4,Infantry,0-1 (choice),B,Reserve Infantry Platoon,ZELDA,13,37,Transport (Reserve M113),537נ,20x30
formation,Sho't (Blazer) Tank Company,נ (Nun),S4,Infantry,0-1 (choice),B,Reserve Infantry Platoon,ZELDA,14,38,Transport (Reserve M113),538נ,20x30
formation,Sho't (Blazer) Tank Company,נ (Nun),S4,Infantry,0-1 (choice),B,Reserve Infantry Platoon,ZELDA,15,39,Transport (Reserve M113),539נ,20x30
formation,Sho't (Blazer) Tank Company,נ (Nun),S4,Infantry,0-1 (choice),B,Reserve Infantry Platoon,ZELDA,16,40,Transport (Reserve M113),540נ,20x30
formation,Sho't (Blazer) Tank Company,ס (Samekh),S1,HQ,1-2,A,Sho't (Blazer) Tank Company HQ,SHO'T BLAZER,1,1,HQ Tank,001ס,20x40
formation,Sho't (Blazer) Tank Company,ס (Samekh),S1,HQ,1-2,A,Sho't (Blazer) Tank Company HQ,SHO'T BLAZER,2,2,HQ Tank,002ס,20x40
formation,Sho't (Blazer) Tank Company,ס (Samekh),S2a,Combat,1 of 3,A,Sho't (Blazer) Tank Platoon (1st),SHO'T BLAZER,1,1,Tank,101ס,20x40
formation,Sho't (Blazer) Tank Company,ס (Samekh),S2a,Combat,1 of 3,A,Sho't (Blazer) Tank Platoon (1st),SHO'T BLAZER,2,2,Tank,102ס,20x40
formation,Sho't (Blazer) Tank Company,ס (Samekh),S2a,Combat,1 of 3,A,Sho't (Blazer) Tank Platoon (1st),SHO'T BLAZER,3,3,Tank,103ס,20x40
formation,Sho't (Blazer) Tank Company,ס (Samekh),S2b,Combat,2 of 3,A,Sho't (Blazer) Tank Platoon (2nd),SHO'T BLAZER,1,1,Tank,201ס,20x40
formation,Sho't (Blazer) Tank Company,ס (Samekh),S2b,Combat,2 of 3,A,Sho't (Blazer) Tank Platoon (2nd),SHO'T BLAZER,2,2,Tank,202ס,20x40
formation,Sho't (Blazer) Tank Company,ס (Samekh),S2b,Combat,2 of 3,A,Sho't (Blazer) Tank Platoon (2nd),SHO'T BLAZER,3,3,Tank,203ס,20x40
formation,Sho't (Blazer) Tank Company,ס (Samekh),S2c,Combat,3 of 3,A,Sho't (Blazer) Tank Platoon (3rd),SHO'T BLAZER,1,1,Tank,301ס,20x40
formation,Sho't (Blazer) Tank Company,ס (Samekh),S2c,Combat,3 of 3,A,Sho't (Blazer) Tank Platoon (3rd),SHO'T BLAZER,2,2,Tank,302ס,20x40
formation,Sho't (Blazer) Tank Company,ס (Samekh),S2c,Combat,3 of 3,A,Sho't (Blazer) Tank Platoon (3rd),SHO'T BLAZER,3,3,Tank,303ס,20x40
formation,Sho't (Blazer) Tank Company,ס (Samekh),S3,Recce,0-1 (choice),A,Jeep Recce Platoon,JEEP,1,1,Recce,401ס,20x30
formation,Sho't (Blazer) Tank Company,ס (Samekh),S3,Recce,0-1 (choice),A,Jeep Recce Platoon,JEEP,2,2,Recce,402ס,20x30
formation,Sho't (Blazer) Tank Company,ס (Samekh),S3,Recce,0-1 (choice),A,Jeep Recce Platoon,JEEP,3,3,Recce,403ס,20x30
formation,Sho't (Blazer) Tank Company,ס (Samekh),S3,Recce,0-1 (choice),B,M113 Recce Platoon,ZELDA,1,4,Recce,404ס,20x30
formation,Sho't (Blazer) Tank Company,ס (Samekh),S3,Recce,0-1 (choice),B,M113 Recce Platoon,ZELDA,2,5,Recce,405ס,20x30
formation,Sho't (Blazer) Tank Company,ס (Samekh),S3,Recce,0-1 (choice),B,M113 Recce Platoon,ZELDA,3,6,Recce,406ס,20x30
formation,Sho't (Blazer) Tank Company,ס (Samekh),S3,Recce,0-1 (choice),B,M113 Recce Platoon,ZELDA,4,7,Recce,407ס,20x30
formation,Sho't (Blazer) Tank Company,ס (Samekh),S3,Recce,0-1 (choice),C,Rabbi Recce Platoon,RABBI,1,8,Recce,408ס,20x30
formation,Sho't (Blazer) Tank Company,ס (Samekh),S3,Recce,0-1 (choice),C,Rabbi Recce Platoon,RABBI,2,9,Recce,409ס,20x30
formation,Sho't (Blazer) Tank Company,ס (Samekh),S3,Recce,0-1 (choice),C,Rabbi Recce Platoon,RABBI,3,10,Recce,410ס,20x30
formation,Sho't (Blazer) Tank Company,ס (Samekh),S3,Recce,0-1 (choice),C,Rabbi Recce Platoon,UH-1,4,11,Transport heli,411ס,20x40
formation,Sho't (Blazer) Tank Company,ס (Samekh),S3,Recce,0-1 (choice),C,Rabbi Recce Platoon,UH-1,5,12,Transport heli,412ס,20x40
formation,Sho't (Blazer) Tank Company,ס (Samekh),S4,Infantry,0-1 (choice),A,Mech Infantry Platoon,GALIL,1,1,Galil rifle (M72 LAW),501ס,40x20
formation,Sho't (Blazer) Tank Company,ס (Samekh),S4,Infantry,0-1 (choice),A,Mech Infantry Platoon,GALIL,2,2,Galil rifle (M72 LAW),502ס,40x20
formation,Sho't (Blazer) Tank Company,ס (Samekh),S4,Infantry,0-1 (choice),A,Mech Infantry Platoon,GALIL,3,3,Galil rifle (M72 LAW),503ס,40x20
formation,Sho't (Blazer) Tank Company,ס (Samekh),S4,Infantry,0-1 (choice),A,Mech Infantry Platoon,GALIL,4,4,Galil rifle (M72 LAW),504ס,40x20
formation,Sho't (Blazer) Tank Company,ס (Samekh),S4,Infantry,0-1 (choice),A,Mech Infantry Platoon,FN MAG,5,5,FN MAG (M72 LAW),505ס,20x20
formation,Sho't (Blazer) Tank Company,ס (Samekh),S4,Infantry,0-1 (choice),A,Mech Infantry Platoon,FN MAG,6,6,FN MAG (M72 LAW),506ס,20x20
formation,Sho't (Blazer) Tank Company,ס (Samekh),S4,Infantry,0-1 (choice),A,Mech Infantry Platoon,FN MAG,7,7,FN MAG (M72 LAW),507ס,20x20
formation,Sho't (Blazer) Tank Company,ס (Samekh),S4,Infantry,0-1 (choice),A,Mech Infantry Platoon,RPG-7,8,8,RPG-7 (or B-300),508ס,20x20
formation,Sho't (Blazer) Tank Company,ס (Samekh),S4,Infantry,0-1 (choice),A,Mech Infantry Platoon,RPG-7,9,9,RPG-7 (or B-300),509ס,20x20
formation,Sho't (Blazer) Tank Company,ס (Samekh),S4,Infantry,0-1 (choice),A,Mech Infantry Platoon,RPG-7,10,10,RPG-7 (or B-300),510ס,20x20
formation,Sho't (Blazer) Tank Company,ס (Samekh),S4,Infantry,0-1 (choice),A,Mech Infantry Platoon,M47 DRAGON,11,11,M47 Dragon (or Dragon 2),511ס,20x20
formation,Sho't (Blazer) Tank Company,ס (Samekh),S4,Infantry,0-1 (choice),A,Mech Infantry Platoon,52MM,12,12,52mm mortar,512ס,20x20
formation,Sho't (Blazer) Tank Company,ס (Samekh),S4,Infantry,0-1 (choice),A,Mech Infantry Platoon,ZELDA,13,13,Transport (M113),513ס,20x30
formation,Sho't (Blazer) Tank Company,ס (Samekh),S4,Infantry,0-1 (choice),A,Mech Infantry Platoon,ZELDA,14,14,Transport (M113),514ס,20x30
formation,Sho't (Blazer) Tank Company,ס (Samekh),S4,Infantry,0-1 (choice),A,Mech Infantry Platoon,ZELDA,15,15,Transport (M113),515ס,20x30
formation,Sho't (Blazer) Tank Company,ס (Samekh),S4,Infantry,0-1 (choice),A,Mech Infantry Platoon,ZELDA,16,16,Transport (M113),516ס,20x30
formation,Sho't (Blazer) Tank Company,ס (Samekh),S4,Infantry,0-1 (choice),A,Mech Infantry Platoon,VAYZATA,17,17,Transport (Vayzata variant),517ס,20x30
formation,Sho't (Blazer) Tank Company,ס (Samekh),S4,Infantry,0-1 (choice),A,Mech Infantry Platoon,VAYZATA,18,18,Transport (Vayzata variant),518ס,20x30
formation,Sho't (Blazer) Tank Company,ס (Samekh),S4,Infantry,0-1 (choice),A,Mech Infantry Platoon,VAYZATA,19,19,Transport (Vayzata variant),519ס,20x30
formation,Sho't (Blazer) Tank Company,ס (Samekh),S4,Infantry,0-1 (choice),A,Mech Infantry Platoon,VAYZATA,20,20,Transport (Vayzata variant),520ס,20x30
formation,Sho't (Blazer) Tank Company,ס (Samekh),S4,Infantry,0-1 (choice),A,Mech Infantry Platoon,NAGMASH,21,21,Transport (Nagmasho't variant),521ס,20x30
formation,Sho't (Blazer) Tank Company,ס (Samekh),S4,Infantry,0-1 (choice),A,Mech Infantry Platoon,NAGMASH,22,22,Transport (Nagmasho't variant),522ס,20x30
formation,Sho't (Blazer) Tank Company,ס (Samekh),S4,Infantry,0-1 (choice),A,Mech Infantry Platoon,NAGMASH,23,23,Transport (Nagmasho't variant),523ס,20x30
formation,Sho't (Blazer) Tank Company,ס (Samekh),S4,Infantry,0-1 (choice),A,Mech Infantry Platoon,NAGMASH,24,24,Transport (Nagmasho't variant),524ס,20x30
formation,Sho't (Blazer) Tank Company,ס (Samekh),S4,Infantry,0-1 (choice),B,Reserve Infantry Platoon,GALIL,1,25,Galil rifle (M72 LAW) [Reserve],525ס,40x20
formation,Sho't (Blazer) Tank Company,ס (Samekh),S4,Infantry,0-1 (choice),B,Reserve Infantry Platoon,GALIL,2,26,Galil rifle (M72 LAW) [Reserve],526ס,40x20
formation,Sho't (Blazer) Tank Company,ס (Samekh),S4,Infantry,0-1 (choice),B,Reserve Infantry Platoon,GALIL,3,27,Galil rifle (M72 LAW) [Reserve],527ס,40x20
formation,Sho't (Blazer) Tank Company,ס (Samekh),S4,Infantry,0-1 (choice),B,Reserve Infantry Platoon,GALIL,4,28,Galil rifle (M72 LAW) [Reserve],528ס,40x20
formation,Sho't (Blazer) Tank Company,ס (Samekh),S4,Infantry,0-1 (choice),B,Reserve Infantry Platoon,FN MAG,5,29,FN MAG (M72 LAW) [Reserve],529ס,20x20
formation,Sho't (Blazer) Tank Company,ס (Samekh),S4,Infantry,0-1 (choice),B,Reserve Infantry Platoon,FN MAG,6,30,FN MAG (M72 LAW) [Reserve],530ס,20x20
formation,Sho't (Blazer) Tank Company,ס (Samekh),S4,Infantry,0-1 (choice),B,Reserve Infantry Platoon,FN MAG,7,31,FN MAG (M72 LAW) [Reserve],531ס,20x20
formation,Sho't (Blazer) Tank Company,ס (Samekh),S4,Infantry,0-1 (choice),B,Reserve Infantry Platoon,RPG-7,8,32,RPG-7 [Reserve],532ס,20x20
formation,Sho't (Blazer) Tank Company,ס (Samekh),S4,Infantry,0-1 (choice),B,Reserve Infantry Platoon,RPG-7,9,33,RPG-7 [Reserve],533ס,20x20
formation,Sho't (Blazer) Tank Company,ס (Samekh),S4,Infantry,0-1 (choice),B,Reserve Infantry Platoon,RPG-7,10,34,RPG-7 [Reserve],534ס,20x20
formation,Sho't (Blazer) Tank Company,ס (Samekh),S4,Infantry,0-1 (choice),B,Reserve Infantry Platoon,M47 DRAGON,11,35,M47 Dragon (or Dragon 2) [Reserve],535ס,20x20
formation,Sho't (Blazer) Tank Company,ס (Samekh),S4,Infantry,0-1 (choice),B,Reserve Infantry Platoon,52MM,12,36,52mm mortar [Reserve],536ס,20x20
formation,Sho't (Blazer) Tank Company,ס (Samekh),S4,Infantry,0-1 (choice),B,Reserve Infantry Platoon,ZELDA,13,37,Transport (Reserve M113),537ס,20x30
formation,Sho't (Blazer) Tank Company,ס (Samekh),S4,Infantry,0-1 (choice),B,Reserve Infantry Platoon,ZELDA,14,38,Transport (Reserve M113),538ס,20x30
formation,Sho't (Blazer) Tank Company,ס (Samekh),S4,Infantry,0-1 (choice),B,Reserve Infantry Platoon,ZELDA,15,39,Transport (Reserve M113),539ס,20x30
formation,Sho't (Blazer) Tank Company,ס (Samekh),S4,Infantry,0-1 (choice),B,Reserve Infantry Platoon,ZELDA,16,40,Transport (Reserve M113),540ס,20x30
formation,Mech Infantry Company,ע (Ayin),S1,HQ,1,A,Mech Infantry Company HQ,GALIL,1,1,Galil HQ team,001ע,20x20
formation,Mech Infantry Company,ע (Ayin),S1,HQ,1,A,Mech Infantry Company HQ,ZELDA,2,2,Transport (HQ M113),002ע,20x30
formation,Mech Infantry Company,ע (Ayin),S1,HQ,1,A,Mech Infantry Company HQ,VAYZATA,3,3,Transport variant (HQ Vayzata),003ע,20x30
formation,Mech Infantry Company,ע (Ayin),S1,HQ,1,A,Mech Infantry Company HQ,NAGMASH,4,4,Transport variant (HQ Nagmasho't),004ע,20x30
formation,Mech Infantry Company,ע (Ayin),S2a,Combat,1 of 3 mandatory,A,Mech Infantry Platoon (1st),GALIL,1,1,Galil rifle (M72 LAW),101ע,40x20
formation,Mech Infantry Company,ע (Ayin),S2a,Combat,1 of 3 mandatory,A,Mech Infantry Platoon (1st),GALIL,2,2,Galil rifle (M72 LAW),102ע,40x20
formation,Mech Infantry Company,ע (Ayin),S2a,Combat,1 of 3 mandatory,A,Mech Infantry Platoon (1st),GALIL,3,3,Galil rifle (M72 LAW),103ע,40x20
formation,Mech Infantry Company,ע (Ayin),S2a,Combat,1 of 3 mandatory,A,Mech Infantry Platoon (1st),GALIL,4,4,Galil rifle (M72 LAW),104ע,40x20
formation,Mech Infantry Company,ע (Ayin),S2a,Combat,1 of 3 mandatory,A,Mech Infantry Platoon (1st),FN MAG,5,5,FN MAG (M72 LAW),105ע,20x20
formation,Mech Infantry Company,ע (Ayin),S2a,Combat,1 of 3 mandatory,A,Mech Infantry Platoon (1st),FN MAG,6,6,FN MAG (M72 LAW),106ע,20x20
formation,Mech Infantry Company,ע (Ayin),S2a,Combat,1 of 3 mandatory,A,Mech Infantry Platoon (1st),FN MAG,7,7,FN MAG (M72 LAW),107ע,20x20
formation,Mech Infantry Company,ע (Ayin),S2a,Combat,1 of 3 mandatory,A,Mech Infantry Platoon (1st),RPG-7,8,8,RPG-7 (or B-300),108ע,20x20
formation,Mech Infantry Company,ע (Ayin),S2a,Combat,1 of 3 mandatory,A,Mech Infantry Platoon (1st),RPG-7,9,9,RPG-7 (or B-300),109ע,20x20
formation,Mech Infantry Company,ע (Ayin),S2a,Combat,1 of 3 mandatory,A,Mech Infantry Platoon (1st),RPG-7,10,10,RPG-7 (or B-300),110ע,20x20
formation,Mech Infantry Company,ע (Ayin),S2a,Combat,1 of 3 mandatory,A,Mech Infantry Platoon (1st),M47 DRAGON,11,11,M47 Dragon (or Dragon 2),111ע,20x20
formation,Mech Infantry Company,ע (Ayin),S2a,Combat,1 of 3 mandatory,A,Mech Infantry Platoon (1st),52MM,12,12,52mm mortar,112ע,20x20
formation,Mech Infantry Company,ע (Ayin),S2a,Combat,1 of 3 mandatory,A,Mech Infantry Platoon (1st),ZELDA,13,13,Transport (M113),113ע,20x30
formation,Mech Infantry Company,ע (Ayin),S2a,Combat,1 of 3 mandatory,A,Mech Infantry Platoon (1st),ZELDA,14,14,Transport (M113),114ע,20x30
formation,Mech Infantry Company,ע (Ayin),S2a,Combat,1 of 3 mandatory,A,Mech Infantry Platoon (1st),ZELDA,15,15,Transport (M113),115ע,20x30
formation,Mech Infantry Company,ע (Ayin),S2a,Combat,1 of 3 mandatory,A,Mech Infantry Platoon (1st),ZELDA,16,16,Transport (M113),116ע,20x30
formation,Mech Infantry Company,ע (Ayin),S2a,Combat,1 of 3 mandatory,A,Mech Infantry Platoon (1st),VAYZATA,17,17,Transport (Vayzata variant),117ע,20x30
formation,Mech Infantry Company,ע (Ayin),S2a,Combat,1 of 3 mandatory,A,Mech Infantry Platoon (1st),VAYZATA,18,18,Transport (Vayzata variant),118ע,20x30
formation,Mech Infantry Company,ע (Ayin),S2a,Combat,1 of 3 mandatory,A,Mech Infantry Platoon (1st),VAYZATA,19,19,Transport (Vayzata variant),119ע,20x30
formation,Mech Infantry Company,ע (Ayin),S2a,Combat,1 of 3 mandatory,A,Mech Infantry Platoon (1st),VAYZATA,20,20,Transport (Vayzata variant),120ע,20x30
formation,Mech Infantry Company,ע (Ayin),S2a,Combat,1 of 3 mandatory,A,Mech Infantry Platoon (1st),NAGMASH,21,21,Transport (Nagmasho't variant),121ע,20x30
formation,Mech Infantry Company,ע (Ayin),S2a,Combat,1 of 3 mandatory,A,Mech Infantry Platoon (1st),NAGMASH,22,22,Transport (Nagmasho't variant),122ע,20x30
formation,Mech Infantry Company,ע (Ayin),S2a,Combat,1 of 3 mandatory,A,Mech Infantry Platoon (1st),NAGMASH,23,23,Transport (Nagmasho't variant),123ע,20x30
formation,Mech Infantry Company,ע (Ayin),S2a,Combat,1 of 3 mandatory,A,Mech Infantry Platoon (1st),NAGMASH,24,24,Transport (Nagmasho't variant),124ע,20x30
formation,Mech Infantry Company,ע (Ayin),S2b,Combat,2 of 3 mandatory,A,Mech Infantry Platoon (2nd),GALIL,1,1,Galil rifle (M72 LAW),201ע,40x20
formation,Mech Infantry Company,ע (Ayin),S2b,Combat,2 of 3 mandatory,A,Mech Infantry Platoon (2nd),GALIL,2,2,Galil rifle (M72 LAW),202ע,40x20
formation,Mech Infantry Company,ע (Ayin),S2b,Combat,2 of 3 mandatory,A,Mech Infantry Platoon (2nd),GALIL,3,3,Galil rifle (M72 LAW),203ע,40x20
formation,Mech Infantry Company,ע (Ayin),S2b,Combat,2 of 3 mandatory,A,Mech Infantry Platoon (2nd),GALIL,4,4,Galil rifle (M72 LAW),204ע,40x20
formation,Mech Infantry Company,ע (Ayin),S2b,Combat,2 of 3 mandatory,A,Mech Infantry Platoon (2nd),FN MAG,5,5,FN MAG (M72 LAW),205ע,20x20
formation,Mech Infantry Company,ע (Ayin),S2b,Combat,2 of 3 mandatory,A,Mech Infantry Platoon (2nd),FN MAG,6,6,FN MAG (M72 LAW),206ע,20x20
formation,Mech Infantry Company,ע (Ayin),S2b,Combat,2 of 3 mandatory,A,Mech Infantry Platoon (2nd),FN MAG,7,7,FN MAG (M72 LAW),207ע,20x20
formation,Mech Infantry Company,ע (Ayin),S2b,Combat,2 of 3 mandatory,A,Mech Infantry Platoon (2nd),RPG-7,8,8,RPG-7 (or B-300),208ע,20x20
formation,Mech Infantry Company,ע (Ayin),S2b,Combat,2 of 3 mandatory,A,Mech Infantry Platoon (2nd),RPG-7,9,9,RPG-7 (or B-300),209ע,20x20
formation,Mech Infantry Company,ע (Ayin),S2b,Combat,2 of 3 mandatory,A,Mech Infantry Platoon (2nd),RPG-7,10,10,RPG-7 (or B-300),210ע,20x20
formation,Mech Infantry Company,ע (Ayin),S2b,Combat,2 of 3 mandatory,A,Mech Infantry Platoon (2nd),M47 DRAGON,11,11,M47 Dragon (or Dragon 2),211ע,20x20
formation,Mech Infantry Company,ע (Ayin),S2b,Combat,2 of 3 mandatory,A,Mech Infantry Platoon (2nd),52MM,12,12,52mm mortar,212ע,20x20
formation,Mech Infantry Company,ע (Ayin),S2b,Combat,2 of 3 mandatory,A,Mech Infantry Platoon (2nd),ZELDA,13,13,Transport (M113),213ע,20x30
formation,Mech Infantry Company,ע (Ayin),S2b,Combat,2 of 3 mandatory,A,Mech Infantry Platoon (2nd),ZELDA,14,14,Transport (M113),214ע,20x30
formation,Mech Infantry Company,ע (Ayin),S2b,Combat,2 of 3 mandatory,A,Mech Infantry Platoon (2nd),ZELDA,15,15,Transport (M113),215ע,20x30
formation,Mech Infantry Company,ע (Ayin),S2b,Combat,2 of 3 mandatory,A,Mech Infantry Platoon (2nd),ZELDA,16,16,Transport (M113),216ע,20x30
formation,Mech Infantry Company,ע (Ayin),S2b,Combat,2 of 3 mandatory,A,Mech Infantry Platoon (2nd),VAYZATA,17,17,Transport (Vayzata variant),217ע,20x30
formation,Mech Infantry Company,ע (Ayin),S2b,Combat,2 of 3 mandatory,A,Mech Infantry Platoon (2nd),VAYZATA,18,18,Transport (Vayzata variant),218ע,20x30
formation,Mech Infantry Company,ע (Ayin),S2b,Combat,2 of 3 mandatory,A,Mech Infantry Platoon (2nd),VAYZATA,19,19,Transport (Vayzata variant),219ע,20x30
formation,Mech Infantry Company,ע (Ayin),S2b,Combat,2 of 3 mandatory,A,Mech Infantry Platoon (2nd),VAYZATA,20,20,Transport (Vayzata variant),220ע,20x30
formation,Mech Infantry Company,ע (Ayin),S2b,Combat,2 of 3 mandatory,A,Mech Infantry Platoon (2nd),NAGMASH,21,21,Transport (Nagmasho't variant),221ע,20x30
formation,Mech Infantry Company,ע (Ayin),S2b,Combat,2 of 3 mandatory,A,Mech Infantry Platoon (2nd),NAGMASH,22,22,Transport (Nagmasho't variant),222ע,20x30
formation,Mech Infantry Company,ע (Ayin),S2b,Combat,2 of 3 mandatory,A,Mech Infantry Platoon (2nd),NAGMASH,23,23,Transport (Nagmasho't variant),223ע,20x30
formation,Mech Infantry Company,ע (Ayin),S2b,Combat,2 of 3 mandatory,A,Mech Infantry Platoon (2nd),NAGMASH,24,24,Transport (Nagmasho't variant),224ע,20x30
formation,Mech Infantry Company,ע (Ayin),S2c,Combat,3 of 3 mandatory,A,Mech Infantry Platoon (3rd),GALIL,1,1,Galil rifle (M72 LAW),301ע,40x20
formation,Mech Infantry Company,ע (Ayin),S2c,Combat,3 of 3 mandatory,A,Mech Infantry Platoon (3rd),GALIL,2,2,Galil rifle (M72 LAW),302ע,40x20
formation,Mech Infantry Company,ע (Ayin),S2c,Combat,3 of 3 mandatory,A,Mech Infantry Platoon (3rd),GALIL,3,3,Galil rifle (M72 LAW),303ע,40x20
formation,Mech Infantry Company,ע (Ayin),S2c,Combat,3 of 3 mandatory,A,Mech Infantry Platoon (3rd),GALIL,4,4,Galil rifle (M72 LAW),304ע,40x20
formation,Mech Infantry Company,ע (Ayin),S2c,Combat,3 of 3 mandatory,A,Mech Infantry Platoon (3rd),FN MAG,5,5,FN MAG (M72 LAW),305ע,20x20
formation,Mech Infantry Company,ע (Ayin),S2c,Combat,3 of 3 mandatory,A,Mech Infantry Platoon (3rd),FN MAG,6,6,FN MAG (M72 LAW),306ע,20x20
formation,Mech Infantry Company,ע (Ayin),S2c,Combat,3 of 3 mandatory,A,Mech Infantry Platoon (3rd),FN MAG,7,7,FN MAG (M72 LAW),307ע,20x20
formation,Mech Infantry Company,ע (Ayin),S2c,Combat,3 of 3 mandatory,A,Mech Infantry Platoon (3rd),RPG-7,8,8,RPG-7 (or B-300),308ע,20x20
formation,Mech Infantry Company,ע (Ayin),S2c,Combat,3 of 3 mandatory,A,Mech Infantry Platoon (3rd),RPG-7,9,9,RPG-7 (or B-300),309ע,20x20
formation,Mech Infantry Company,ע (Ayin),S2c,Combat,3 of 3 mandatory,A,Mech Infantry Platoon (3rd),RPG-7,10,10,RPG-7 (or B-300),310ע,20x20
formation,Mech Infantry Company,ע (Ayin),S2c,Combat,3 of 3 mandatory,A,Mech Infantry Platoon (3rd),M47 DRAGON,11,11,M47 Dragon (or Dragon 2),311ע,20x20
formation,Mech Infantry Company,ע (Ayin),S2c,Combat,3 of 3 mandatory,A,Mech Infantry Platoon (3rd),52MM,12,12,52mm mortar,312ע,20x20
formation,Mech Infantry Company,ע (Ayin),S2c,Combat,3 of 3 mandatory,A,Mech Infantry Platoon (3rd),ZELDA,13,13,Transport (M113),313ע,20x30
formation,Mech Infantry Company,ע (Ayin),S2c,Combat,3 of 3 mandatory,A,Mech Infantry Platoon (3rd),ZELDA,14,14,Transport (M113),314ע,20x30
formation,Mech Infantry Company,ע (Ayin),S2c,Combat,3 of 3 mandatory,A,Mech Infantry Platoon (3rd),ZELDA,15,15,Transport (M113),315ע,20x30
formation,Mech Infantry Company,ע (Ayin),S2c,Combat,3 of 3 mandatory,A,Mech Infantry Platoon (3rd),ZELDA,16,16,Transport (M113),316ע,20x30
formation,Mech Infantry Company,ע (Ayin),S2c,Combat,3 of 3 mandatory,A,Mech Infantry Platoon (3rd),VAYZATA,17,17,Transport (Vayzata variant),317ע,20x30
formation,Mech Infantry Company,ע (Ayin),S2c,Combat,3 of 3 mandatory,A,Mech Infantry Platoon (3rd),VAYZATA,18,18,Transport (Vayzata variant),318ע,20x30
formation,Mech Infantry Company,ע (Ayin),S2c,Combat,3 of 3 mandatory,A,Mech Infantry Platoon (3rd),VAYZATA,19,19,Transport (Vayzata variant),319ע,20x30
formation,Mech Infantry Company,ע (Ayin),S2c,Combat,3 of 3 mandatory,A,Mech Infantry Platoon (3rd),VAYZATA,20,20,Transport (Vayzata variant),320ע,20x30
formation,Mech Infantry Company,ע (Ayin),S2c,Combat,3 of 3 mandatory,A,Mech Infantry Platoon (3rd),NAGMASH,21,21,Transport (Nagmasho't variant),321ע,20x30
formation,Mech Infantry Company,ע (Ayin),S2c,Combat,3 of 3 mandatory,A,Mech Infantry Platoon (3rd),NAGMASH,22,22,Transport (Nagmasho't variant),322ע,20x30
formation,Mech Infantry Company,ע (Ayin),S2c,Combat,3 of 3 mandatory,A,Mech Infantry Platoon (3rd),NAGMASH,23,23,Transport (Nagmasho't variant),323ע,20x30
formation,Mech Infantry Company,ע (Ayin),S2c,Combat,3 of 3 mandatory,A,Mech Infantry Platoon (3rd),NAGMASH,24,24,Transport (Nagmasho't variant),324ע,20x30
formation,Mech Infantry Company,ע (Ayin),S3,Tank attachment,0-1 (choice),A,Merkava 1 Tank Platoon,MERKAVA 1,1,1,Tank,401ע,20x40
formation,Mech Infantry Company,ע (Ayin),S3,Tank attachment,0-1 (choice),A,Merkava 1 Tank Platoon,MERKAVA 1,2,2,Tank,402ע,20x40
formation,Mech Infantry Company,ע (Ayin),S3,Tank attachment,0-1 (choice),A,Merkava 1 Tank Platoon,MERKAVA 1,3,3,Tank,403ע,20x40
formation,Mech Infantry Company,ע (Ayin),S3,Tank attachment,0-1 (choice),B,Merkava 2 Tank Platoon,MERKAVA 2,1,4,Tank,404ע,20x40
formation,Mech Infantry Company,ע (Ayin),S3,Tank attachment,0-1 (choice),B,Merkava 2 Tank Platoon,MERKAVA 2,2,5,Tank,405ע,20x40
formation,Mech Infantry Company,ע (Ayin),S3,Tank attachment,0-1 (choice),B,Merkava 2 Tank Platoon,MERKAVA 2,3,6,Tank,406ע,20x40
formation,Mech Infantry Company,ע (Ayin),S3,Tank attachment,0-1 (choice),C,Merkava 3 Tank Platoon,MERKAVA 3,1,7,Tank,407ע,20x40
formation,Mech Infantry Company,ע (Ayin),S3,Tank attachment,0-1 (choice),C,Merkava 3 Tank Platoon,MERKAVA 3,2,8,Tank,408ע,20x40
formation,Mech Infantry Company,ע (Ayin),S3,Tank attachment,0-1 (choice),C,Merkava 3 Tank Platoon,MERKAVA 3,3,9,Tank,409ע,20x40
formation,Mech Infantry Company,ע (Ayin),S3,Tank attachment,0-1 (choice),D,Magach 6 Tank Platoon,MAGACH 6,1,10,Tank,410ע,20x40
formation,Mech Infantry Company,ע (Ayin),S3,Tank attachment,0-1 (choice),D,Magach 6 Tank Platoon,MAGACH 6,2,11,Tank,411ע,20x40
formation,Mech Infantry Company,ע (Ayin),S3,Tank attachment,0-1 (choice),D,Magach 6 Tank Platoon,MAGACH 6,3,12,Tank,412ע,20x40
formation,Mech Infantry Company,ע (Ayin),S3,Tank attachment,0-1 (choice),E,Magach 6 (Blazer) Tank Platoon,MAGACH 6 BLAZER,1,13,Tank,413ע,20x40
formation,Mech Infantry Company,ע (Ayin),S3,Tank attachment,0-1 (choice),E,Magach 6 (Blazer) Tank Platoon,MAGACH 6 BLAZER,2,14,Tank,414ע,20x40
formation,Mech Infantry Company,ע (Ayin),S3,Tank attachment,0-1 (choice),E,Magach 6 (Blazer) Tank Platoon,MAGACH 6 BLAZER,3,15,Tank,415ע,20x40
formation,Mech Infantry Company,ע (Ayin),S3,Tank attachment,0-1 (choice),F,Sho't (Blazer) Tank Platoon,SHO'T BLAZER,1,16,Tank,416ע,20x40
formation,Mech Infantry Company,ע (Ayin),S3,Tank attachment,0-1 (choice),F,Sho't (Blazer) Tank Platoon,SHO'T BLAZER,2,17,Tank,417ע,20x40
formation,Mech Infantry Company,ע (Ayin),S3,Tank attachment,0-1 (choice),F,Sho't (Blazer) Tank Platoon,SHO'T BLAZER,3,18,Tank,418ע,20x40
formation,Mech Infantry Company,ע (Ayin),S4,Weapons,0-1,A,M125 81mm Mortar Platoon,M125,1,1,81mm mortar carrier,501ע,20x30
formation,Mech Infantry Company,ע (Ayin),S4,Weapons,0-1,A,M125 81mm Mortar Platoon,M125,2,2,81mm mortar carrier,502ע,20x30
formation,Mech Infantry Company,ע (Ayin),S4,Weapons,0-1,A,M125 81mm Mortar Platoon,M125,3,3,81mm mortar carrier,503ע,20x30
formation,Mech Infantry Company,ע (Ayin),S5,Weapons,0-1 (choice),A,M150 Anti-tank Platoon (iTOW),M150,1,1,ATGM carrier (iTOW),601ע,20x30
formation,Mech Infantry Company,ע (Ayin),S5,Weapons,0-1 (choice),A,M150 Anti-tank Platoon (iTOW),M150,2,2,ATGM carrier (iTOW),602ע,20x30
formation,Mech Infantry Company,ע (Ayin),S5,Weapons,0-1 (choice),B,M150 Anti-tank Platoon (MAPATS),M150,1,3,ATGM carrier (MAPATS) — same model as above,603ע,20x30
formation,Mech Infantry Company,ע (Ayin),S5,Weapons,0-1 (choice),B,M150 Anti-tank Platoon (MAPATS),M150,2,4,ATGM carrier (MAPATS) — same model as above,604ע,20x30
formation,Mech Infantry Company,פ (Pe),S1,HQ,1,A,Mech Infantry Company HQ,GALIL,1,1,Galil HQ team,001פ,20x20
formation,Mech Infantry Company,פ (Pe),S1,HQ,1,A,Mech Infantry Company HQ,ZELDA,2,2,Transport (HQ M113),002פ,20x30
formation,Mech Infantry Company,פ (Pe),S1,HQ,1,A,Mech Infantry Company HQ,VAYZATA,3,3,Transport variant (HQ Vayzata),003פ,20x30
formation,Mech Infantry Company,פ (Pe),S1,HQ,1,A,Mech Infantry Company HQ,NAGMASH,4,4,Transport variant (HQ Nagmasho't),004פ,20x30
formation,Mech Infantry Company,פ (Pe),S2a,Combat,1 of 3 mandatory,A,Mech Infantry Platoon (1st),GALIL,1,1,Galil rifle (M72 LAW),101פ,40x20
formation,Mech Infantry Company,פ (Pe),S2a,Combat,1 of 3 mandatory,A,Mech Infantry Platoon (1st),GALIL,2,2,Galil rifle (M72 LAW),102פ,40x20
formation,Mech Infantry Company,פ (Pe),S2a,Combat,1 of 3 mandatory,A,Mech Infantry Platoon (1st),GALIL,3,3,Galil rifle (M72 LAW),103פ,40x20
formation,Mech Infantry Company,פ (Pe),S2a,Combat,1 of 3 mandatory,A,Mech Infantry Platoon (1st),GALIL,4,4,Galil rifle (M72 LAW),104פ,40x20
formation,Mech Infantry Company,פ (Pe),S2a,Combat,1 of 3 mandatory,A,Mech Infantry Platoon (1st),FN MAG,5,5,FN MAG (M72 LAW),105פ,20x20
formation,Mech Infantry Company,פ (Pe),S2a,Combat,1 of 3 mandatory,A,Mech Infantry Platoon (1st),FN MAG,6,6,FN MAG (M72 LAW),106פ,20x20
formation,Mech Infantry Company,פ (Pe),S2a,Combat,1 of 3 mandatory,A,Mech Infantry Platoon (1st),FN MAG,7,7,FN MAG (M72 LAW),107פ,20x20
formation,Mech Infantry Company,פ (Pe),S2a,Combat,1 of 3 mandatory,A,Mech Infantry Platoon (1st),RPG-7,8,8,RPG-7 (or B-300),108פ,20x20
formation,Mech Infantry Company,פ (Pe),S2a,Combat,1 of 3 mandatory,A,Mech Infantry Platoon (1st),RPG-7,9,9,RPG-7 (or B-300),109פ,20x20
formation,Mech Infantry Company,פ (Pe),S2a,Combat,1 of 3 mandatory,A,Mech Infantry Platoon (1st),RPG-7,10,10,RPG-7 (or B-300),110פ,20x20
formation,Mech Infantry Company,פ (Pe),S2a,Combat,1 of 3 mandatory,A,Mech Infantry Platoon (1st),M47 DRAGON,11,11,M47 Dragon (or Dragon 2),111פ,20x20
formation,Mech Infantry Company,פ (Pe),S2a,Combat,1 of 3 mandatory,A,Mech Infantry Platoon (1st),52MM,12,12,52mm mortar,112פ,20x20
formation,Mech Infantry Company,פ (Pe),S2a,Combat,1 of 3 mandatory,A,Mech Infantry Platoon (1st),ZELDA,13,13,Transport (M113),113פ,20x30
formation,Mech Infantry Company,פ (Pe),S2a,Combat,1 of 3 mandatory,A,Mech Infantry Platoon (1st),ZELDA,14,14,Transport (M113),114פ,20x30
formation,Mech Infantry Company,פ (Pe),S2a,Combat,1 of 3 mandatory,A,Mech Infantry Platoon (1st),ZELDA,15,15,Transport (M113),115פ,20x30
formation,Mech Infantry Company,פ (Pe),S2a,Combat,1 of 3 mandatory,A,Mech Infantry Platoon (1st),ZELDA,16,16,Transport (M113),116פ,20x30
formation,Mech Infantry Company,פ (Pe),S2a,Combat,1 of 3 mandatory,A,Mech Infantry Platoon (1st),VAYZATA,17,17,Transport (Vayzata variant),117פ,20x30
formation,Mech Infantry Company,פ (Pe),S2a,Combat,1 of 3 mandatory,A,Mech Infantry Platoon (1st),VAYZATA,18,18,Transport (Vayzata variant),118פ,20x30
formation,Mech Infantry Company,פ (Pe),S2a,Combat,1 of 3 mandatory,A,Mech Infantry Platoon (1st),VAYZATA,19,19,Transport (Vayzata variant),119פ,20x30
formation,Mech Infantry Company,פ (Pe),S2a,Combat,1 of 3 mandatory,A,Mech Infantry Platoon (1st),VAYZATA,20,20,Transport (Vayzata variant),120פ,20x30
formation,Mech Infantry Company,פ (Pe),S2a,Combat,1 of 3 mandatory,A,Mech Infantry Platoon (1st),NAGMASH,21,21,Transport (Nagmasho't variant),121פ,20x30
formation,Mech Infantry Company,פ (Pe),S2a,Combat,1 of 3 mandatory,A,Mech Infantry Platoon (1st),NAGMASH,22,22,Transport (Nagmasho't variant),122פ,20x30
formation,Mech Infantry Company,פ (Pe),S2a,Combat,1 of 3 mandatory,A,Mech Infantry Platoon (1st),NAGMASH,23,23,Transport (Nagmasho't variant),123פ,20x30
formation,Mech Infantry Company,פ (Pe),S2a,Combat,1 of 3 mandatory,A,Mech Infantry Platoon (1st),NAGMASH,24,24,Transport (Nagmasho't variant),124פ,20x30
formation,Mech Infantry Company,פ (Pe),S2b,Combat,2 of 3 mandatory,A,Mech Infantry Platoon (2nd),GALIL,1,1,Galil rifle (M72 LAW),201פ,40x20
formation,Mech Infantry Company,פ (Pe),S2b,Combat,2 of 3 mandatory,A,Mech Infantry Platoon (2nd),GALIL,2,2,Galil rifle (M72 LAW),202פ,40x20
formation,Mech Infantry Company,פ (Pe),S2b,Combat,2 of 3 mandatory,A,Mech Infantry Platoon (2nd),GALIL,3,3,Galil rifle (M72 LAW),203פ,40x20
formation,Mech Infantry Company,פ (Pe),S2b,Combat,2 of 3 mandatory,A,Mech Infantry Platoon (2nd),GALIL,4,4,Galil rifle (M72 LAW),204פ,40x20
formation,Mech Infantry Company,פ (Pe),S2b,Combat,2 of 3 mandatory,A,Mech Infantry Platoon (2nd),FN MAG,5,5,FN MAG (M72 LAW),205פ,20x20
formation,Mech Infantry Company,פ (Pe),S2b,Combat,2 of 3 mandatory,A,Mech Infantry Platoon (2nd),FN MAG,6,6,FN MAG (M72 LAW),206פ,20x20
formation,Mech Infantry Company,פ (Pe),S2b,Combat,2 of 3 mandatory,A,Mech Infantry Platoon (2nd),FN MAG,7,7,FN MAG (M72 LAW),207פ,20x20
formation,Mech Infantry Company,פ (Pe),S2b,Combat,2 of 3 mandatory,A,Mech Infantry Platoon (2nd),RPG-7,8,8,RPG-7 (or B-300),208פ,20x20
formation,Mech Infantry Company,פ (Pe),S2b,Combat,2 of 3 mandatory,A,Mech Infantry Platoon (2nd),RPG-7,9,9,RPG-7 (or B-300),209פ,20x20
formation,Mech Infantry Company,פ (Pe),S2b,Combat,2 of 3 mandatory,A,Mech Infantry Platoon (2nd),RPG-7,10,10,RPG-7 (or B-300),210פ,20x20
formation,Mech Infantry Company,פ (Pe),S2b,Combat,2 of 3 mandatory,A,Mech Infantry Platoon (2nd),M47 DRAGON,11,11,M47 Dragon (or Dragon 2),211פ,20x20
formation,Mech Infantry Company,פ (Pe),S2b,Combat,2 of 3 mandatory,A,Mech Infantry Platoon (2nd),52MM,12,12,52mm mortar,212פ,20x20
formation,Mech Infantry Company,פ (Pe),S2b,Combat,2 of 3 mandatory,A,Mech Infantry Platoon (2nd),ZELDA,13,13,Transport (M113),213פ,20x30
formation,Mech Infantry Company,פ (Pe),S2b,Combat,2 of 3 mandatory,A,Mech Infantry Platoon (2nd),ZELDA,14,14,Transport (M113),214פ,20x30
formation,Mech Infantry Company,פ (Pe),S2b,Combat,2 of 3 mandatory,A,Mech Infantry Platoon (2nd),ZELDA,15,15,Transport (M113),215פ,20x30
formation,Mech Infantry Company,פ (Pe),S2b,Combat,2 of 3 mandatory,A,Mech Infantry Platoon (2nd),ZELDA,16,16,Transport (M113),216פ,20x30
formation,Mech Infantry Company,פ (Pe),S2b,Combat,2 of 3 mandatory,A,Mech Infantry Platoon (2nd),VAYZATA,17,17,Transport (Vayzata variant),217פ,20x30
formation,Mech Infantry Company,פ (Pe),S2b,Combat,2 of 3 mandatory,A,Mech Infantry Platoon (2nd),VAYZATA,18,18,Transport (Vayzata variant),218פ,20x30
formation,Mech Infantry Company,פ (Pe),S2b,Combat,2 of 3 mandatory,A,Mech Infantry Platoon (2nd),VAYZATA,19,19,Transport (Vayzata variant),219פ,20x30
formation,Mech Infantry Company,פ (Pe),S2b,Combat,2 of 3 mandatory,A,Mech Infantry Platoon (2nd),VAYZATA,20,20,Transport (Vayzata variant),220פ,20x30
formation,Mech Infantry Company,פ (Pe),S2b,Combat,2 of 3 mandatory,A,Mech Infantry Platoon (2nd),NAGMASH,21,21,Transport (Nagmasho't variant),221פ,20x30
formation,Mech Infantry Company,פ (Pe),S2b,Combat,2 of 3 mandatory,A,Mech Infantry Platoon (2nd),NAGMASH,22,22,Transport (Nagmasho't variant),222פ,20x30
formation,Mech Infantry Company,פ (Pe),S2b,Combat,2 of 3 mandatory,A,Mech Infantry Platoon (2nd),NAGMASH,23,23,Transport (Nagmasho't variant),223פ,20x30
formation,Mech Infantry Company,פ (Pe),S2b,Combat,2 of 3 mandatory,A,Mech Infantry Platoon (2nd),NAGMASH,24,24,Transport (Nagmasho't variant),224פ,20x30
formation,Mech Infantry Company,פ (Pe),S2c,Combat,3 of 3 mandatory,A,Mech Infantry Platoon (3rd),GALIL,1,1,Galil rifle (M72 LAW),301פ,40x20
formation,Mech Infantry Company,פ (Pe),S2c,Combat,3 of 3 mandatory,A,Mech Infantry Platoon (3rd),GALIL,2,2,Galil rifle (M72 LAW),302פ,40x20
formation,Mech Infantry Company,פ (Pe),S2c,Combat,3 of 3 mandatory,A,Mech Infantry Platoon (3rd),GALIL,3,3,Galil rifle (M72 LAW),303פ,40x20
formation,Mech Infantry Company,פ (Pe),S2c,Combat,3 of 3 mandatory,A,Mech Infantry Platoon (3rd),GALIL,4,4,Galil rifle (M72 LAW),304פ,40x20
formation,Mech Infantry Company,פ (Pe),S2c,Combat,3 of 3 mandatory,A,Mech Infantry Platoon (3rd),FN MAG,5,5,FN MAG (M72 LAW),305פ,20x20
formation,Mech Infantry Company,פ (Pe),S2c,Combat,3 of 3 mandatory,A,Mech Infantry Platoon (3rd),FN MAG,6,6,FN MAG (M72 LAW),306פ,20x20
formation,Mech Infantry Company,פ (Pe),S2c,Combat,3 of 3 mandatory,A,Mech Infantry Platoon (3rd),FN MAG,7,7,FN MAG (M72 LAW),307פ,20x20
formation,Mech Infantry Company,פ (Pe),S2c,Combat,3 of 3 mandatory,A,Mech Infantry Platoon (3rd),RPG-7,8,8,RPG-7 (or B-300),308פ,20x20
formation,Mech Infantry Company,פ (Pe),S2c,Combat,3 of 3 mandatory,A,Mech Infantry Platoon (3rd),RPG-7,9,9,RPG-7 (or B-300),309פ,20x20
formation,Mech Infantry Company,פ (Pe),S2c,Combat,3 of 3 mandatory,A,Mech Infantry Platoon (3rd),RPG-7,10,10,RPG-7 (or B-300),310פ,20x20
formation,Mech Infantry Company,פ (Pe),S2c,Combat,3 of 3 mandatory,A,Mech Infantry Platoon (3rd),M47 DRAGON,11,11,M47 Dragon (or Dragon 2),311פ,20x20
formation,Mech Infantry Company,פ (Pe),S2c,Combat,3 of 3 mandatory,A,Mech Infantry Platoon (3rd),52MM,12,12,52mm mortar,312פ,20x20
formation,Mech Infantry Company,פ (Pe),S2c,Combat,3 of 3 mandatory,A,Mech Infantry Platoon (3rd),ZELDA,13,13,Transport (M113),313פ,20x30
formation,Mech Infantry Company,פ (Pe),S2c,Combat,3 of 3 mandatory,A,Mech Infantry Platoon (3rd),ZELDA,14,14,Transport (M113),314פ,20x30
formation,Mech Infantry Company,פ (Pe),S2c,Combat,3 of 3 mandatory,A,Mech Infantry Platoon (3rd),ZELDA,15,15,Transport (M113),315פ,20x30
formation,Mech Infantry Company,פ (Pe),S2c,Combat,3 of 3 mandatory,A,Mech Infantry Platoon (3rd),ZELDA,16,16,Transport (M113),316פ,20x30
formation,Mech Infantry Company,פ (Pe),S2c,Combat,3 of 3 mandatory,A,Mech Infantry Platoon (3rd),VAYZATA,17,17,Transport (Vayzata variant),317פ,20x30
formation,Mech Infantry Company,פ (Pe),S2c,Combat,3 of 3 mandatory,A,Mech Infantry Platoon (3rd),VAYZATA,18,18,Transport (Vayzata variant),318פ,20x30
formation,Mech Infantry Company,פ (Pe),S2c,Combat,3 of 3 mandatory,A,Mech Infantry Platoon (3rd),VAYZATA,19,19,Transport (Vayzata variant),319פ,20x30
formation,Mech Infantry Company,פ (Pe),S2c,Combat,3 of 3 mandatory,A,Mech Infantry Platoon (3rd),VAYZATA,20,20,Transport (Vayzata variant),320פ,20x30
formation,Mech Infantry Company,פ (Pe),S2c,Combat,3 of 3 mandatory,A,Mech Infantry Platoon (3rd),NAGMASH,21,21,Transport (Nagmasho't variant),321פ,20x30
formation,Mech Infantry Company,פ (Pe),S2c,Combat,3 of 3 mandatory,A,Mech Infantry Platoon (3rd),NAGMASH,22,22,Transport (Nagmasho't variant),322פ,20x30
formation,Mech Infantry Company,פ (Pe),S2c,Combat,3 of 3 mandatory,A,Mech Infantry Platoon (3rd),NAGMASH,23,23,Transport (Nagmasho't variant),323פ,20x30
formation,Mech Infantry Company,פ (Pe),S2c,Combat,3 of 3 mandatory,A,Mech Infantry Platoon (3rd),NAGMASH,24,24,Transport (Nagmasho't variant),324פ,20x30
formation,Mech Infantry Company,פ (Pe),S3,Tank attachment,0-1 (choice),A,Merkava 1 Tank Platoon,MERKAVA 1,1,1,Tank,401פ,20x40
formation,Mech Infantry Company,פ (Pe),S3,Tank attachment,0-1 (choice),A,Merkava 1 Tank Platoon,MERKAVA 1,2,2,Tank,402פ,20x40
formation,Mech Infantry Company,פ (Pe),S3,Tank attachment,0-1 (choice),A,Merkava 1 Tank Platoon,MERKAVA 1,3,3,Tank,403פ,20x40
formation,Mech Infantry Company,פ (Pe),S3,Tank attachment,0-1 (choice),B,Merkava 2 Tank Platoon,MERKAVA 2,1,4,Tank,404פ,20x40
formation,Mech Infantry Company,פ (Pe),S3,Tank attachment,0-1 (choice),B,Merkava 2 Tank Platoon,MERKAVA 2,2,5,Tank,405פ,20x40
formation,Mech Infantry Company,פ (Pe),S3,Tank attachment,0-1 (choice),B,Merkava 2 Tank Platoon,MERKAVA 2,3,6,Tank,406פ,20x40
formation,Mech Infantry Company,פ (Pe),S3,Tank attachment,0-1 (choice),C,Merkava 3 Tank Platoon,MERKAVA 3,1,7,Tank,407פ,20x40
formation,Mech Infantry Company,פ (Pe),S3,Tank attachment,0-1 (choice),C,Merkava 3 Tank Platoon,MERKAVA 3,2,8,Tank,408פ,20x40
formation,Mech Infantry Company,פ (Pe),S3,Tank attachment,0-1 (choice),C,Merkava 3 Tank Platoon,MERKAVA 3,3,9,Tank,409פ,20x40
formation,Mech Infantry Company,פ (Pe),S3,Tank attachment,0-1 (choice),D,Magach 6 Tank Platoon,MAGACH 6,1,10,Tank,410פ,20x40
formation,Mech Infantry Company,פ (Pe),S3,Tank attachment,0-1 (choice),D,Magach 6 Tank Platoon,MAGACH 6,2,11,Tank,411פ,20x40
formation,Mech Infantry Company,פ (Pe),S3,Tank attachment,0-1 (choice),D,Magach 6 Tank Platoon,MAGACH 6,3,12,Tank,412פ,20x40
formation,Mech Infantry Company,פ (Pe),S3,Tank attachment,0-1 (choice),E,Magach 6 (Blazer) Tank Platoon,MAGACH 6 BLAZER,1,13,Tank,413פ,20x40
formation,Mech Infantry Company,פ (Pe),S3,Tank attachment,0-1 (choice),E,Magach 6 (Blazer) Tank Platoon,MAGACH 6 BLAZER,2,14,Tank,414פ,20x40
formation,Mech Infantry Company,פ (Pe),S3,Tank attachment,0-1 (choice),E,Magach 6 (Blazer) Tank Platoon,MAGACH 6 BLAZER,3,15,Tank,415פ,20x40
formation,Mech Infantry Company,פ (Pe),S3,Tank attachment,0-1 (choice),F,Sho't (Blazer) Tank Platoon,SHO'T BLAZER,1,16,Tank,416פ,20x40
formation,Mech Infantry Company,פ (Pe),S3,Tank attachment,0-1 (choice),F,Sho't (Blazer) Tank Platoon,SHO'T BLAZER,2,17,Tank,417פ,20x40
formation,Mech Infantry Company,פ (Pe),S3,Tank attachment,0-1 (choice),F,Sho't (Blazer) Tank Platoon,SHO'T BLAZER,3,18,Tank,418פ,20x40
formation,Mech Infantry Company,פ (Pe),S4,Weapons,0-1,A,M125 81mm Mortar Platoon,M125,1,1,81mm mortar carrier,501פ,20x30
formation,Mech Infantry Company,פ (Pe),S4,Weapons,0-1,A,M125 81mm Mortar Platoon,M125,2,2,81mm mortar carrier,502פ,20x30
formation,Mech Infantry Company,פ (Pe),S4,Weapons,0-1,A,M125 81mm Mortar Platoon,M125,3,3,81mm mortar carrier,503פ,20x30
formation,Mech Infantry Company,פ (Pe),S5,Weapons,0-1 (choice),A,M150 Anti-tank Platoon (iTOW),M150,1,1,ATGM carrier (iTOW),601פ,20x30
formation,Mech Infantry Company,פ (Pe),S5,Weapons,0-1 (choice),A,M150 Anti-tank Platoon (iTOW),M150,2,2,ATGM carrier (iTOW),602פ,20x30
formation,Mech Infantry Company,פ (Pe),S5,Weapons,0-1 (choice),B,M150 Anti-tank Platoon (MAPATS),M150,1,3,ATGM carrier (MAPATS) — same model as above,603פ,20x30
formation,Mech Infantry Company,פ (Pe),S5,Weapons,0-1 (choice),B,M150 Anti-tank Platoon (MAPATS),M150,2,4,ATGM carrier (MAPATS) — same model as above,604פ,20x30
formation,Mech Infantry Company,צ (Tsadi),S1,HQ,1,A,Mech Infantry Company HQ,GALIL,1,1,Galil HQ team,001צ,20x20
formation,Mech Infantry Company,צ (Tsadi),S1,HQ,1,A,Mech Infantry Company HQ,ZELDA,2,2,Transport (HQ M113),002צ,20x30
formation,Mech Infantry Company,צ (Tsadi),S1,HQ,1,A,Mech Infantry Company HQ,VAYZATA,3,3,Transport variant (HQ Vayzata),003צ,20x30
formation,Mech Infantry Company,צ (Tsadi),S1,HQ,1,A,Mech Infantry Company HQ,NAGMASH,4,4,Transport variant (HQ Nagmasho't),004צ,20x30
formation,Mech Infantry Company,צ (Tsadi),S2a,Combat,1 of 3 mandatory,A,Mech Infantry Platoon (1st),GALIL,1,1,Galil rifle (M72 LAW),101צ,40x20
formation,Mech Infantry Company,צ (Tsadi),S2a,Combat,1 of 3 mandatory,A,Mech Infantry Platoon (1st),GALIL,2,2,Galil rifle (M72 LAW),102צ,40x20
formation,Mech Infantry Company,צ (Tsadi),S2a,Combat,1 of 3 mandatory,A,Mech Infantry Platoon (1st),GALIL,3,3,Galil rifle (M72 LAW),103צ,40x20
formation,Mech Infantry Company,צ (Tsadi),S2a,Combat,1 of 3 mandatory,A,Mech Infantry Platoon (1st),GALIL,4,4,Galil rifle (M72 LAW),104צ,40x20
formation,Mech Infantry Company,צ (Tsadi),S2a,Combat,1 of 3 mandatory,A,Mech Infantry Platoon (1st),FN MAG,5,5,FN MAG (M72 LAW),105צ,20x20
formation,Mech Infantry Company,צ (Tsadi),S2a,Combat,1 of 3 mandatory,A,Mech Infantry Platoon (1st),FN MAG,6,6,FN MAG (M72 LAW),106צ,20x20
formation,Mech Infantry Company,צ (Tsadi),S2a,Combat,1 of 3 mandatory,A,Mech Infantry Platoon (1st),FN MAG,7,7,FN MAG (M72 LAW),107צ,20x20
formation,Mech Infantry Company,צ (Tsadi),S2a,Combat,1 of 3 mandatory,A,Mech Infantry Platoon (1st),RPG-7,8,8,RPG-7 (or B-300),108צ,20x20
formation,Mech Infantry Company,צ (Tsadi),S2a,Combat,1 of 3 mandatory,A,Mech Infantry Platoon (1st),RPG-7,9,9,RPG-7 (or B-300),109צ,20x20
formation,Mech Infantry Company,צ (Tsadi),S2a,Combat,1 of 3 mandatory,A,Mech Infantry Platoon (1st),RPG-7,10,10,RPG-7 (or B-300),110צ,20x20
formation,Mech Infantry Company,צ (Tsadi),S2a,Combat,1 of 3 mandatory,A,Mech Infantry Platoon (1st),M47 DRAGON,11,11,M47 Dragon (or Dragon 2),111צ,20x20
formation,Mech Infantry Company,צ (Tsadi),S2a,Combat,1 of 3 mandatory,A,Mech Infantry Platoon (1st),52MM,12,12,52mm mortar,112צ,20x20
formation,Mech Infantry Company,צ (Tsadi),S2a,Combat,1 of 3 mandatory,A,Mech Infantry Platoon (1st),ZELDA,13,13,Transport (M113),113צ,20x30
formation,Mech Infantry Company,צ (Tsadi),S2a,Combat,1 of 3 mandatory,A,Mech Infantry Platoon (1st),ZELDA,14,14,Transport (M113),114צ,20x30
formation,Mech Infantry Company,צ (Tsadi),S2a,Combat,1 of 3 mandatory,A,Mech Infantry Platoon (1st),ZELDA,15,15,Transport (M113),115צ,20x30
formation,Mech Infantry Company,צ (Tsadi),S2a,Combat,1 of 3 mandatory,A,Mech Infantry Platoon (1st),ZELDA,16,16,Transport (M113),116צ,20x30
formation,Mech Infantry Company,צ (Tsadi),S2a,Combat,1 of 3 mandatory,A,Mech Infantry Platoon (1st),VAYZATA,17,17,Transport (Vayzata variant),117צ,20x30
formation,Mech Infantry Company,צ (Tsadi),S2a,Combat,1 of 3 mandatory,A,Mech Infantry Platoon (1st),VAYZATA,18,18,Transport (Vayzata variant),118צ,20x30
formation,Mech Infantry Company,צ (Tsadi),S2a,Combat,1 of 3 mandatory,A,Mech Infantry Platoon (1st),VAYZATA,19,19,Transport (Vayzata variant),119צ,20x30
formation,Mech Infantry Company,צ (Tsadi),S2a,Combat,1 of 3 mandatory,A,Mech Infantry Platoon (1st),VAYZATA,20,20,Transport (Vayzata variant),120צ,20x30
formation,Mech Infantry Company,צ (Tsadi),S2a,Combat,1 of 3 mandatory,A,Mech Infantry Platoon (1st),NAGMASH,21,21,Transport (Nagmasho't variant),121צ,20x30
formation,Mech Infantry Company,צ (Tsadi),S2a,Combat,1 of 3 mandatory,A,Mech Infantry Platoon (1st),NAGMASH,22,22,Transport (Nagmasho't variant),122צ,20x30
formation,Mech Infantry Company,צ (Tsadi),S2a,Combat,1 of 3 mandatory,A,Mech Infantry Platoon (1st),NAGMASH,23,23,Transport (Nagmasho't variant),123צ,20x30
formation,Mech Infantry Company,צ (Tsadi),S2a,Combat,1 of 3 mandatory,A,Mech Infantry Platoon (1st),NAGMASH,24,24,Transport (Nagmasho't variant),124צ,20x30
formation,Mech Infantry Company,צ (Tsadi),S2b,Combat,2 of 3 mandatory,A,Mech Infantry Platoon (2nd),GALIL,1,1,Galil rifle (M72 LAW),201צ,40x20
formation,Mech Infantry Company,צ (Tsadi),S2b,Combat,2 of 3 mandatory,A,Mech Infantry Platoon (2nd),GALIL,2,2,Galil rifle (M72 LAW),202צ,40x20
formation,Mech Infantry Company,צ (Tsadi),S2b,Combat,2 of 3 mandatory,A,Mech Infantry Platoon (2nd),GALIL,3,3,Galil rifle (M72 LAW),203צ,40x20
formation,Mech Infantry Company,צ (Tsadi),S2b,Combat,2 of 3 mandatory,A,Mech Infantry Platoon (2nd),GALIL,4,4,Galil rifle (M72 LAW),204צ,40x20
formation,Mech Infantry Company,צ (Tsadi),S2b,Combat,2 of 3 mandatory,A,Mech Infantry Platoon (2nd),FN MAG,5,5,FN MAG (M72 LAW),205צ,20x20
formation,Mech Infantry Company,צ (Tsadi),S2b,Combat,2 of 3 mandatory,A,Mech Infantry Platoon (2nd),FN MAG,6,6,FN MAG (M72 LAW),206צ,20x20
formation,Mech Infantry Company,צ (Tsadi),S2b,Combat,2 of 3 mandatory,A,Mech Infantry Platoon (2nd),FN MAG,7,7,FN MAG (M72 LAW),207צ,20x20
formation,Mech Infantry Company,צ (Tsadi),S2b,Combat,2 of 3 mandatory,A,Mech Infantry Platoon (2nd),RPG-7,8,8,RPG-7 (or B-300),208צ,20x20
formation,Mech Infantry Company,צ (Tsadi),S2b,Combat,2 of 3 mandatory,A,Mech Infantry Platoon (2nd),RPG-7,9,9,RPG-7 (or B-300),209צ,20x20
formation,Mech Infantry Company,צ (Tsadi),S2b,Combat,2 of 3 mandatory,A,Mech Infantry Platoon (2nd),RPG-7,10,10,RPG-7 (or B-300),210צ,20x20
formation,Mech Infantry Company,צ (Tsadi),S2b,Combat,2 of 3 mandatory,A,Mech Infantry Platoon (2nd),M47 DRAGON,11,11,M47 Dragon (or Dragon 2),211צ,20x20
formation,Mech Infantry Company,צ (Tsadi),S2b,Combat,2 of 3 mandatory,A,Mech Infantry Platoon (2nd),52MM,12,12,52mm mortar,212צ,20x20
formation,Mech Infantry Company,צ (Tsadi),S2b,Combat,2 of 3 mandatory,A,Mech Infantry Platoon (2nd),ZELDA,13,13,Transport (M113),213צ,20x30
formation,Mech Infantry Company,צ (Tsadi),S2b,Combat,2 of 3 mandatory,A,Mech Infantry Platoon (2nd),ZELDA,14,14,Transport (M113),214צ,20x30
formation,Mech Infantry Company,צ (Tsadi),S2b,Combat,2 of 3 mandatory,A,Mech Infantry Platoon (2nd),ZELDA,15,15,Transport (M113),215צ,20x30
formation,Mech Infantry Company,צ (Tsadi),S2b,Combat,2 of 3 mandatory,A,Mech Infantry Platoon (2nd),ZELDA,16,16,Transport (M113),216צ,20x30
formation,Mech Infantry Company,צ (Tsadi),S2b,Combat,2 of 3 mandatory,A,Mech Infantry Platoon (2nd),VAYZATA,17,17,Transport (Vayzata variant),217צ,20x30
formation,Mech Infantry Company,צ (Tsadi),S2b,Combat,2 of 3 mandatory,A,Mech Infantry Platoon (2nd),VAYZATA,18,18,Transport (Vayzata variant),218צ,20x30
formation,Mech Infantry Company,צ (Tsadi),S2b,Combat,2 of 3 mandatory,A,Mech Infantry Platoon (2nd),VAYZATA,19,19,Transport (Vayzata variant),219צ,20x30
formation,Mech Infantry Company,צ (Tsadi),S2b,Combat,2 of 3 mandatory,A,Mech Infantry Platoon (2nd),VAYZATA,20,20,Transport (Vayzata variant),220צ,20x30
formation,Mech Infantry Company,צ (Tsadi),S2b,Combat,2 of 3 mandatory,A,Mech Infantry Platoon (2nd),NAGMASH,21,21,Transport (Nagmasho't variant),221צ,20x30
formation,Mech Infantry Company,צ (Tsadi),S2b,Combat,2 of 3 mandatory,A,Mech Infantry Platoon (2nd),NAGMASH,22,22,Transport (Nagmasho't variant),222צ,20x30
formation,Mech Infantry Company,צ (Tsadi),S2b,Combat,2 of 3 mandatory,A,Mech Infantry Platoon (2nd),NAGMASH,23,23,Transport (Nagmasho't variant),223צ,20x30
formation,Mech Infantry Company,צ (Tsadi),S2b,Combat,2 of 3 mandatory,A,Mech Infantry Platoon (2nd),NAGMASH,24,24,Transport (Nagmasho't variant),224צ,20x30
formation,Mech Infantry Company,צ (Tsadi),S2c,Combat,3 of 3 mandatory,A,Mech Infantry Platoon (3rd),GALIL,1,1,Galil rifle (M72 LAW),301צ,40x20
formation,Mech Infantry Company,צ (Tsadi),S2c,Combat,3 of 3 mandatory,A,Mech Infantry Platoon (3rd),GALIL,2,2,Galil rifle (M72 LAW),302צ,40x20
formation,Mech Infantry Company,צ (Tsadi),S2c,Combat,3 of 3 mandatory,A,Mech Infantry Platoon (3rd),GALIL,3,3,Galil rifle (M72 LAW),303צ,40x20
formation,Mech Infantry Company,צ (Tsadi),S2c,Combat,3 of 3 mandatory,A,Mech Infantry Platoon (3rd),GALIL,4,4,Galil rifle (M72 LAW),304צ,40x20
formation,Mech Infantry Company,צ (Tsadi),S2c,Combat,3 of 3 mandatory,A,Mech Infantry Platoon (3rd),FN MAG,5,5,FN MAG (M72 LAW),305צ,20x20
formation,Mech Infantry Company,צ (Tsadi),S2c,Combat,3 of 3 mandatory,A,Mech Infantry Platoon (3rd),FN MAG,6,6,FN MAG (M72 LAW),306צ,20x20
formation,Mech Infantry Company,צ (Tsadi),S2c,Combat,3 of 3 mandatory,A,Mech Infantry Platoon (3rd),FN MAG,7,7,FN MAG (M72 LAW),307צ,20x20
formation,Mech Infantry Company,צ (Tsadi),S2c,Combat,3 of 3 mandatory,A,Mech Infantry Platoon (3rd),RPG-7,8,8,RPG-7 (or B-300),308צ,20x20
formation,Mech Infantry Company,צ (Tsadi),S2c,Combat,3 of 3 mandatory,A,Mech Infantry Platoon (3rd),RPG-7,9,9,RPG-7 (or B-300),309צ,20x20
formation,Mech Infantry Company,צ (Tsadi),S2c,Combat,3 of 3 mandatory,A,Mech Infantry Platoon (3rd),RPG-7,10,10,RPG-7 (or B-300),310צ,20x20
formation,Mech Infantry Company,צ (Tsadi),S2c,Combat,3 of 3 mandatory,A,Mech Infantry Platoon (3rd),M47 DRAGON,11,11,M47 Dragon (or Dragon 2),311צ,20x20
formation,Mech Infantry Company,צ (Tsadi),S2c,Combat,3 of 3 mandatory,A,Mech Infantry Platoon (3rd),52MM,12,12,52mm mortar,312צ,20x20
formation,Mech Infantry Company,צ (Tsadi),S2c,Combat,3 of 3 mandatory,A,Mech Infantry Platoon (3rd),ZELDA,13,13,Transport (M113),313צ,20x30
formation,Mech Infantry Company,צ (Tsadi),S2c,Combat,3 of 3 mandatory,A,Mech Infantry Platoon (3rd),ZELDA,14,14,Transport (M113),314צ,20x30
formation,Mech Infantry Company,צ (Tsadi),S2c,Combat,3 of 3 mandatory,A,Mech Infantry Platoon (3rd),ZELDA,15,15,Transport (M113),315צ,20x30
formation,Mech Infantry Company,צ (Tsadi),S2c,Combat,3 of 3 mandatory,A,Mech Infantry Platoon (3rd),ZELDA,16,16,Transport (M113),316צ,20x30
formation,Mech Infantry Company,צ (Tsadi),S2c,Combat,3 of 3 mandatory,A,Mech Infantry Platoon (3rd),VAYZATA,17,17,Transport (Vayzata variant),317צ,20x30
formation,Mech Infantry Company,צ (Tsadi),S2c,Combat,3 of 3 mandatory,A,Mech Infantry Platoon (3rd),VAYZATA,18,18,Transport (Vayzata variant),318צ,20x30
formation,Mech Infantry Company,צ (Tsadi),S2c,Combat,3 of 3 mandatory,A,Mech Infantry Platoon (3rd),VAYZATA,19,19,Transport (Vayzata variant),319צ,20x30
formation,Mech Infantry Company,צ (Tsadi),S2c,Combat,3 of 3 mandatory,A,Mech Infantry Platoon (3rd),VAYZATA,20,20,Transport (Vayzata variant),320צ,20x30
formation,Mech Infantry Company,צ (Tsadi),S2c,Combat,3 of 3 mandatory,A,Mech Infantry Platoon (3rd),NAGMASH,21,21,Transport (Nagmasho't variant),321צ,20x30
formation,Mech Infantry Company,צ (Tsadi),S2c,Combat,3 of 3 mandatory,A,Mech Infantry Platoon (3rd),NAGMASH,22,22,Transport (Nagmasho't variant),322צ,20x30
formation,Mech Infantry Company,צ (Tsadi),S2c,Combat,3 of 3 mandatory,A,Mech Infantry Platoon (3rd),NAGMASH,23,23,Transport (Nagmasho't variant),323צ,20x30
formation,Mech Infantry Company,צ (Tsadi),S2c,Combat,3 of 3 mandatory,A,Mech Infantry Platoon (3rd),NAGMASH,24,24,Transport (Nagmasho't variant),324צ,20x30
formation,Mech Infantry Company,צ (Tsadi),S3,Tank attachment,0-1 (choice),A,Merkava 1 Tank Platoon,MERKAVA 1,1,1,Tank,401צ,20x40
formation,Mech Infantry Company,צ (Tsadi),S3,Tank attachment,0-1 (choice),A,Merkava 1 Tank Platoon,MERKAVA 1,2,2,Tank,402צ,20x40
formation,Mech Infantry Company,צ (Tsadi),S3,Tank attachment,0-1 (choice),A,Merkava 1 Tank Platoon,MERKAVA 1,3,3,Tank,403צ,20x40
formation,Mech Infantry Company,צ (Tsadi),S3,Tank attachment,0-1 (choice),B,Merkava 2 Tank Platoon,MERKAVA 2,1,4,Tank,404צ,20x40
formation,Mech Infantry Company,צ (Tsadi),S3,Tank attachment,0-1 (choice),B,Merkava 2 Tank Platoon,MERKAVA 2,2,5,Tank,405צ,20x40
formation,Mech Infantry Company,צ (Tsadi),S3,Tank attachment,0-1 (choice),B,Merkava 2 Tank Platoon,MERKAVA 2,3,6,Tank,406צ,20x40
formation,Mech Infantry Company,צ (Tsadi),S3,Tank attachment,0-1 (choice),C,Merkava 3 Tank Platoon,MERKAVA 3,1,7,Tank,407צ,20x40
formation,Mech Infantry Company,צ (Tsadi),S3,Tank attachment,0-1 (choice),C,Merkava 3 Tank Platoon,MERKAVA 3,2,8,Tank,408צ,20x40
formation,Mech Infantry Company,צ (Tsadi),S3,Tank attachment,0-1 (choice),C,Merkava 3 Tank Platoon,MERKAVA 3,3,9,Tank,409צ,20x40
formation,Mech Infantry Company,צ (Tsadi),S3,Tank attachment,0-1 (choice),D,Magach 6 Tank Platoon,MAGACH 6,1,10,Tank,410צ,20x40
formation,Mech Infantry Company,צ (Tsadi),S3,Tank attachment,0-1 (choice),D,Magach 6 Tank Platoon,MAGACH 6,2,11,Tank,411צ,20x40
formation,Mech Infantry Company,צ (Tsadi),S3,Tank attachment,0-1 (choice),D,Magach 6 Tank Platoon,MAGACH 6,3,12,Tank,412צ,20x40
formation,Mech Infantry Company,צ (Tsadi),S3,Tank attachment,0-1 (choice),E,Magach 6 (Blazer) Tank Platoon,MAGACH 6 BLAZER,1,13,Tank,413צ,20x40
formation,Mech Infantry Company,צ (Tsadi),S3,Tank attachment,0-1 (choice),E,Magach 6 (Blazer) Tank Platoon,MAGACH 6 BLAZER,2,14,Tank,414צ,20x40
formation,Mech Infantry Company,צ (Tsadi),S3,Tank attachment,0-1 (choice),E,Magach 6 (Blazer) Tank Platoon,MAGACH 6 BLAZER,3,15,Tank,415צ,20x40
formation,Mech Infantry Company,צ (Tsadi),S3,Tank attachment,0-1 (choice),F,Sho't (Blazer) Tank Platoon,SHO'T BLAZER,1,16,Tank,416צ,20x40
formation,Mech Infantry Company,צ (Tsadi),S3,Tank attachment,0-1 (choice),F,Sho't (Blazer) Tank Platoon,SHO'T BLAZER,2,17,Tank,417צ,20x40
formation,Mech Infantry Company,צ (Tsadi),S3,Tank attachment,0-1 (choice),F,Sho't (Blazer) Tank Platoon,SHO'T BLAZER,3,18,Tank,418צ,20x40
formation,Mech Infantry Company,צ (Tsadi),S4,Weapons,0-1,A,M125 81mm Mortar Platoon,M125,1,1,81mm mortar carrier,501צ,20x30
formation,Mech Infantry Company,צ (Tsadi),S4,Weapons,0-1,A,M125 81mm Mortar Platoon,M125,2,2,81mm mortar carrier,502צ,20x30
formation,Mech Infantry Company,צ (Tsadi),S4,Weapons,0-1,A,M125 81mm Mortar Platoon,M125,3,3,81mm mortar carrier,503צ,20x30
formation,Mech Infantry Company,צ (Tsadi),S5,Weapons,0-1 (choice),A,M150 Anti-tank Platoon (iTOW),M150,1,1,ATGM carrier (iTOW),601צ,20x30
formation,Mech Infantry Company,צ (Tsadi),S5,Weapons,0-1 (choice),A,M150 Anti-tank Platoon (iTOW),M150,2,2,ATGM carrier (iTOW),602צ,20x30
formation,Mech Infantry Company,צ (Tsadi),S5,Weapons,0-1 (choice),B,M150 Anti-tank Platoon (MAPATS),M150,1,3,ATGM carrier (MAPATS) — same model as above,603צ,20x30
formation,Mech Infantry Company,צ (Tsadi),S5,Weapons,0-1 (choice),B,M150 Anti-tank Platoon (MAPATS),M150,2,4,ATGM carrier (MAPATS) — same model as above,604צ,20x30
formation,Reserve Infantry Company,ק (Qof),S1,HQ,1,A,Reserve Infantry Company HQ,GALIL,1,1,Galil HQ team [Reserve],001ק,20x20
formation,Reserve Infantry Company,ק (Qof),S1,HQ,1,A,Reserve Infantry Company HQ,ZELDA,2,2,Transport (HQ Reserve M113),002ק,20x30
formation,Reserve Infantry Company,ק (Qof),S2a,Combat,1 of 3 mandatory,A,Reserve Infantry Platoon (1st),GALIL,1,1,Galil rifle (M72 LAW) [Reserve],101ק,40x20
formation,Reserve Infantry Company,ק (Qof),S2a,Combat,1 of 3 mandatory,A,Reserve Infantry Platoon (1st),GALIL,2,2,Galil rifle (M72 LAW) [Reserve],102ק,40x20
formation,Reserve Infantry Company,ק (Qof),S2a,Combat,1 of 3 mandatory,A,Reserve Infantry Platoon (1st),GALIL,3,3,Galil rifle (M72 LAW) [Reserve],103ק,40x20
formation,Reserve Infantry Company,ק (Qof),S2a,Combat,1 of 3 mandatory,A,Reserve Infantry Platoon (1st),GALIL,4,4,Galil rifle (M72 LAW) [Reserve],104ק,40x20
formation,Reserve Infantry Company,ק (Qof),S2a,Combat,1 of 3 mandatory,A,Reserve Infantry Platoon (1st),FN MAG,5,5,FN MAG (M72 LAW) [Reserve],105ק,20x20
formation,Reserve Infantry Company,ק (Qof),S2a,Combat,1 of 3 mandatory,A,Reserve Infantry Platoon (1st),FN MAG,6,6,FN MAG (M72 LAW) [Reserve],106ק,20x20
formation,Reserve Infantry Company,ק (Qof),S2a,Combat,1 of 3 mandatory,A,Reserve Infantry Platoon (1st),FN MAG,7,7,FN MAG (M72 LAW) [Reserve],107ק,20x20
formation,Reserve Infantry Company,ק (Qof),S2a,Combat,1 of 3 mandatory,A,Reserve Infantry Platoon (1st),RPG-7,8,8,RPG-7 [Reserve],108ק,20x20
formation,Reserve Infantry Company,ק (Qof),S2a,Combat,1 of 3 mandatory,A,Reserve Infantry Platoon (1st),RPG-7,9,9,RPG-7 [Reserve],109ק,20x20
formation,Reserve Infantry Company,ק (Qof),S2a,Combat,1 of 3 mandatory,A,Reserve Infantry Platoon (1st),RPG-7,10,10,RPG-7 [Reserve],110ק,20x20
formation,Reserve Infantry Company,ק (Qof),S2a,Combat,1 of 3 mandatory,A,Reserve Infantry Platoon (1st),M47 DRAGON,11,11,M47 Dragon (or Dragon 2) [Reserve],111ק,20x20
formation,Reserve Infantry Company,ק (Qof),S2a,Combat,1 of 3 mandatory,A,Reserve Infantry Platoon (1st),52MM,12,12,52mm mortar [Reserve],112ק,20x20
formation,Reserve Infantry Company,ק (Qof),S2a,Combat,1 of 3 mandatory,A,Reserve Infantry Platoon (1st),ZELDA,13,13,Transport (Reserve M113),113ק,20x30
formation,Reserve Infantry Company,ק (Qof),S2a,Combat,1 of 3 mandatory,A,Reserve Infantry Platoon (1st),ZELDA,14,14,Transport (Reserve M113),114ק,20x30
formation,Reserve Infantry Company,ק (Qof),S2a,Combat,1 of 3 mandatory,A,Reserve Infantry Platoon (1st),ZELDA,15,15,Transport (Reserve M113),115ק,20x30
formation,Reserve Infantry Company,ק (Qof),S2a,Combat,1 of 3 mandatory,A,Reserve Infantry Platoon (1st),ZELDA,16,16,Transport (Reserve M113),116ק,20x30
formation,Reserve Infantry Company,ק (Qof),S2b,Combat,2 of 3 mandatory,A,Reserve Infantry Platoon (2nd),GALIL,1,1,Galil rifle (M72 LAW) [Reserve],201ק,40x20
formation,Reserve Infantry Company,ק (Qof),S2b,Combat,2 of 3 mandatory,A,Reserve Infantry Platoon (2nd),GALIL,2,2,Galil rifle (M72 LAW) [Reserve],202ק,40x20
formation,Reserve Infantry Company,ק (Qof),S2b,Combat,2 of 3 mandatory,A,Reserve Infantry Platoon (2nd),GALIL,3,3,Galil rifle (M72 LAW) [Reserve],203ק,40x20
formation,Reserve Infantry Company,ק (Qof),S2b,Combat,2 of 3 mandatory,A,Reserve Infantry Platoon (2nd),GALIL,4,4,Galil rifle (M72 LAW) [Reserve],204ק,40x20
formation,Reserve Infantry Company,ק (Qof),S2b,Combat,2 of 3 mandatory,A,Reserve Infantry Platoon (2nd),FN MAG,5,5,FN MAG (M72 LAW) [Reserve],205ק,20x20
formation,Reserve Infantry Company,ק (Qof),S2b,Combat,2 of 3 mandatory,A,Reserve Infantry Platoon (2nd),FN MAG,6,6,FN MAG (M72 LAW) [Reserve],206ק,20x20
formation,Reserve Infantry Company,ק (Qof),S2b,Combat,2 of 3 mandatory,A,Reserve Infantry Platoon (2nd),FN MAG,7,7,FN MAG (M72 LAW) [Reserve],207ק,20x20
formation,Reserve Infantry Company,ק (Qof),S2b,Combat,2 of 3 mandatory,A,Reserve Infantry Platoon (2nd),RPG-7,8,8,RPG-7 [Reserve],208ק,20x20
formation,Reserve Infantry Company,ק (Qof),S2b,Combat,2 of 3 mandatory,A,Reserve Infantry Platoon (2nd),RPG-7,9,9,RPG-7 [Reserve],209ק,20x20
formation,Reserve Infantry Company,ק (Qof),S2b,Combat,2 of 3 mandatory,A,Reserve Infantry Platoon (2nd),RPG-7,10,10,RPG-7 [Reserve],210ק,20x20
formation,Reserve Infantry Company,ק (Qof),S2b,Combat,2 of 3 mandatory,A,Reserve Infantry Platoon (2nd),M47 DRAGON,11,11,M47 Dragon (or Dragon 2) [Reserve],211ק,20x20
formation,Reserve Infantry Company,ק (Qof),S2b,Combat,2 of 3 mandatory,A,Reserve Infantry Platoon (2nd),52MM,12,12,52mm mortar [Reserve],212ק,20x20
formation,Reserve Infantry Company,ק (Qof),S2b,Combat,2 of 3 mandatory,A,Reserve Infantry Platoon (2nd),ZELDA,13,13,Transport (Reserve M113),213ק,20x30
formation,Reserve Infantry Company,ק (Qof),S2b,Combat,2 of 3 mandatory,A,Reserve Infantry Platoon (2nd),ZELDA,14,14,Transport (Reserve M113),214ק,20x30
formation,Reserve Infantry Company,ק (Qof),S2b,Combat,2 of 3 mandatory,A,Reserve Infantry Platoon (2nd),ZELDA,15,15,Transport (Reserve M113),215ק,20x30
formation,Reserve Infantry Company,ק (Qof),S2b,Combat,2 of 3 mandatory,A,Reserve Infantry Platoon (2nd),ZELDA,16,16,Transport (Reserve M113),216ק,20x30
formation,Reserve Infantry Company,ק (Qof),S2c,Combat,3 of 3 mandatory,A,Reserve Infantry Platoon (3rd),GALIL,1,1,Galil rifle (M72 LAW) [Reserve],301ק,40x20
formation,Reserve Infantry Company,ק (Qof),S2c,Combat,3 of 3 mandatory,A,Reserve Infantry Platoon (3rd),GALIL,2,2,Galil rifle (M72 LAW) [Reserve],302ק,40x20
formation,Reserve Infantry Company,ק (Qof),S2c,Combat,3 of 3 mandatory,A,Reserve Infantry Platoon (3rd),GALIL,3,3,Galil rifle (M72 LAW) [Reserve],303ק,40x20
formation,Reserve Infantry Company,ק (Qof),S2c,Combat,3 of 3 mandatory,A,Reserve Infantry Platoon (3rd),GALIL,4,4,Galil rifle (M72 LAW) [Reserve],304ק,40x20
formation,Reserve Infantry Company,ק (Qof),S2c,Combat,3 of 3 mandatory,A,Reserve Infantry Platoon (3rd),FN MAG,5,5,FN MAG (M72 LAW) [Reserve],305ק,20x20
formation,Reserve Infantry Company,ק (Qof),S2c,Combat,3 of 3 mandatory,A,Reserve Infantry Platoon (3rd),FN MAG,6,6,FN MAG (M72 LAW) [Reserve],306ק,20x20
formation,Reserve Infantry Company,ק (Qof),S2c,Combat,3 of 3 mandatory,A,Reserve Infantry Platoon (3rd),FN MAG,7,7,FN MAG (M72 LAW) [Reserve],307ק,20x20
formation,Reserve Infantry Company,ק (Qof),S2c,Combat,3 of 3 mandatory,A,Reserve Infantry Platoon (3rd),RPG-7,8,8,RPG-7 [Reserve],308ק,20x20
formation,Reserve Infantry Company,ק (Qof),S2c,Combat,3 of 3 mandatory,A,Reserve Infantry Platoon (3rd),RPG-7,9,9,RPG-7 [Reserve],309ק,20x20
formation,Reserve Infantry Company,ק (Qof),S2c,Combat,3 of 3 mandatory,A,Reserve Infantry Platoon (3rd),RPG-7,10,10,RPG-7 [Reserve],310ק,20x20
formation,Reserve Infantry Company,ק (Qof),S2c,Combat,3 of 3 mandatory,A,Reserve Infantry Platoon (3rd),M47 DRAGON,11,11,M47 Dragon (or Dragon 2) [Reserve],311ק,20x20
formation,Reserve Infantry Company,ק (Qof),S2c,Combat,3 of 3 mandatory,A,Reserve Infantry Platoon (3rd),52MM,12,12,52mm mortar [Reserve],312ק,20x20
formation,Reserve Infantry Company,ק (Qof),S2c,Combat,3 of 3 mandatory,A,Reserve Infantry Platoon (3rd),ZELDA,13,13,Transport (Reserve M113),313ק,20x30
formation,Reserve Infantry Company,ק (Qof),S2c,Combat,3 of 3 mandatory,A,Reserve Infantry Platoon (3rd),ZELDA,14,14,Transport (Reserve M113),314ק,20x30
formation,Reserve Infantry Company,ק (Qof),S2c,Combat,3 of 3 mandatory,A,Reserve Infantry Platoon (3rd),ZELDA,15,15,Transport (Reserve M113),315ק,20x30
formation,Reserve Infantry Company,ק (Qof),S2c,Combat,3 of 3 mandatory,A,Reserve Infantry Platoon (3rd),ZELDA,16,16,Transport (Reserve M113),316ק,20x30
formation,Reserve Infantry Company,ק (Qof),S3,Tank attachment,0-1 (choice),A,Merkava 1 Tank Platoon,MERKAVA 1,1,1,Tank,401ק,20x40
formation,Reserve Infantry Company,ק (Qof),S3,Tank attachment,0-1 (choice),A,Merkava 1 Tank Platoon,MERKAVA 1,2,2,Tank,402ק,20x40
formation,Reserve Infantry Company,ק (Qof),S3,Tank attachment,0-1 (choice),A,Merkava 1 Tank Platoon,MERKAVA 1,3,3,Tank,403ק,20x40
formation,Reserve Infantry Company,ק (Qof),S3,Tank attachment,0-1 (choice),B,Merkava 2 Tank Platoon,MERKAVA 2,1,4,Tank,404ק,20x40
formation,Reserve Infantry Company,ק (Qof),S3,Tank attachment,0-1 (choice),B,Merkava 2 Tank Platoon,MERKAVA 2,2,5,Tank,405ק,20x40
formation,Reserve Infantry Company,ק (Qof),S3,Tank attachment,0-1 (choice),B,Merkava 2 Tank Platoon,MERKAVA 2,3,6,Tank,406ק,20x40
formation,Reserve Infantry Company,ק (Qof),S3,Tank attachment,0-1 (choice),C,Merkava 3 Tank Platoon,MERKAVA 3,1,7,Tank,407ק,20x40
formation,Reserve Infantry Company,ק (Qof),S3,Tank attachment,0-1 (choice),C,Merkava 3 Tank Platoon,MERKAVA 3,2,8,Tank,408ק,20x40
formation,Reserve Infantry Company,ק (Qof),S3,Tank attachment,0-1 (choice),C,Merkava 3 Tank Platoon,MERKAVA 3,3,9,Tank,409ק,20x40
formation,Reserve Infantry Company,ק (Qof),S3,Tank attachment,0-1 (choice),D,Magach 6 Tank Platoon,MAGACH 6,1,10,Tank,410ק,20x40
formation,Reserve Infantry Company,ק (Qof),S3,Tank attachment,0-1 (choice),D,Magach 6 Tank Platoon,MAGACH 6,2,11,Tank,411ק,20x40
formation,Reserve Infantry Company,ק (Qof),S3,Tank attachment,0-1 (choice),D,Magach 6 Tank Platoon,MAGACH 6,3,12,Tank,412ק,20x40
formation,Reserve Infantry Company,ק (Qof),S3,Tank attachment,0-1 (choice),E,Magach 6 (Blazer) Tank Platoon,MAGACH 6 BLAZER,1,13,Tank,413ק,20x40
formation,Reserve Infantry Company,ק (Qof),S3,Tank attachment,0-1 (choice),E,Magach 6 (Blazer) Tank Platoon,MAGACH 6 BLAZER,2,14,Tank,414ק,20x40
formation,Reserve Infantry Company,ק (Qof),S3,Tank attachment,0-1 (choice),E,Magach 6 (Blazer) Tank Platoon,MAGACH 6 BLAZER,3,15,Tank,415ק,20x40
formation,Reserve Infantry Company,ק (Qof),S3,Tank attachment,0-1 (choice),F,Sho't (Blazer) Tank Platoon,SHO'T BLAZER,1,16,Tank,416ק,20x40
formation,Reserve Infantry Company,ק (Qof),S3,Tank attachment,0-1 (choice),F,Sho't (Blazer) Tank Platoon,SHO'T BLAZER,2,17,Tank,417ק,20x40
formation,Reserve Infantry Company,ק (Qof),S3,Tank attachment,0-1 (choice),F,Sho't (Blazer) Tank Platoon,SHO'T BLAZER,3,18,Tank,418ק,20x40
formation,Reserve Infantry Company,ק (Qof),S4,Weapons,0-1,A,Reserve M125 81mm Mortar Platoon,M125,1,1,81mm mortar carrier [Reserve],501ק,20x30
formation,Reserve Infantry Company,ק (Qof),S4,Weapons,0-1,A,Reserve M125 81mm Mortar Platoon,M125,2,2,81mm mortar carrier [Reserve],502ק,20x30
formation,Reserve Infantry Company,ק (Qof),S4,Weapons,0-1,A,Reserve M125 81mm Mortar Platoon,M125,3,3,81mm mortar carrier [Reserve],503ק,20x30
formation,Reserve Infantry Company,ק (Qof),S5,Weapons,0-1 (choice),A,Reserve M150 Anti-tank Section,M150,1,1,ATGM carrier (iTOW or MAPATS) [Reserve],601ק,20x30
formation,Reserve Infantry Company,ק (Qof),S5,Weapons,0-1 (choice),A,Reserve M150 Anti-tank Section,M150,2,2,ATGM carrier (iTOW or MAPATS) [Reserve],602ק,20x30
formation,Reserve Infantry Company,ק (Qof),S5,Weapons,0-1 (choice),B,Reserve Jeep Anti-tank Platoon,JEEP,1,3,Jeep ATGM (iTOW or MAPATS),603ק,20x30
formation,Reserve Infantry Company,ק (Qof),S5,Weapons,0-1 (choice),B,Reserve Jeep Anti-tank Platoon,JEEP,2,4,Jeep ATGM (iTOW or MAPATS),604ק,20x30
formation,Reserve Infantry Company,ק (Qof),S5,Weapons,0-1 (choice),B,Reserve Jeep Anti-tank Platoon,JEEP,3,5,Jeep ATGM (iTOW or MAPATS),605ק,20x30
formation,Reserve Infantry Company,ק (Qof),S5,Weapons,0-1 (choice),B,Reserve Jeep Anti-tank Platoon,JEEP,4,6,Jeep ATGM (iTOW or MAPATS),606ק,20x30
formation,Reserve Infantry Company,ר (Resh),S1,HQ,1,A,Reserve Infantry Company HQ,GALIL,1,1,Galil HQ team [Reserve],001ר,20x20
formation,Reserve Infantry Company,ר (Resh),S1,HQ,1,A,Reserve Infantry Company HQ,ZELDA,2,2,Transport (HQ Reserve M113),002ר,20x30
formation,Reserve Infantry Company,ר (Resh),S2a,Combat,1 of 3 mandatory,A,Reserve Infantry Platoon (1st),GALIL,1,1,Galil rifle (M72 LAW) [Reserve],101ר,40x20
formation,Reserve Infantry Company,ר (Resh),S2a,Combat,1 of 3 mandatory,A,Reserve Infantry Platoon (1st),GALIL,2,2,Galil rifle (M72 LAW) [Reserve],102ר,40x20
formation,Reserve Infantry Company,ר (Resh),S2a,Combat,1 of 3 mandatory,A,Reserve Infantry Platoon (1st),GALIL,3,3,Galil rifle (M72 LAW) [Reserve],103ר,40x20
formation,Reserve Infantry Company,ר (Resh),S2a,Combat,1 of 3 mandatory,A,Reserve Infantry Platoon (1st),GALIL,4,4,Galil rifle (M72 LAW) [Reserve],104ר,40x20
formation,Reserve Infantry Company,ר (Resh),S2a,Combat,1 of 3 mandatory,A,Reserve Infantry Platoon (1st),FN MAG,5,5,FN MAG (M72 LAW) [Reserve],105ר,20x20
formation,Reserve Infantry Company,ר (Resh),S2a,Combat,1 of 3 mandatory,A,Reserve Infantry Platoon (1st),FN MAG,6,6,FN MAG (M72 LAW) [Reserve],106ר,20x20
formation,Reserve Infantry Company,ר (Resh),S2a,Combat,1 of 3 mandatory,A,Reserve Infantry Platoon (1st),FN MAG,7,7,FN MAG (M72 LAW) [Reserve],107ר,20x20
formation,Reserve Infantry Company,ר (Resh),S2a,Combat,1 of 3 mandatory,A,Reserve Infantry Platoon (1st),RPG-7,8,8,RPG-7 [Reserve],108ר,20x20
formation,Reserve Infantry Company,ר (Resh),S2a,Combat,1 of 3 mandatory,A,Reserve Infantry Platoon (1st),RPG-7,9,9,RPG-7 [Reserve],109ר,20x20
formation,Reserve Infantry Company,ר (Resh),S2a,Combat,1 of 3 mandatory,A,Reserve Infantry Platoon (1st),RPG-7,10,10,RPG-7 [Reserve],110ר,20x20
formation,Reserve Infantry Company,ר (Resh),S2a,Combat,1 of 3 mandatory,A,Reserve Infantry Platoon (1st),M47 DRAGON,11,11,M47 Dragon (or Dragon 2) [Reserve],111ר,20x20
formation,Reserve Infantry Company,ר (Resh),S2a,Combat,1 of 3 mandatory,A,Reserve Infantry Platoon (1st),52MM,12,12,52mm mortar [Reserve],112ר,20x20
formation,Reserve Infantry Company,ר (Resh),S2a,Combat,1 of 3 mandatory,A,Reserve Infantry Platoon (1st),ZELDA,13,13,Transport (Reserve M113),113ר,20x30
formation,Reserve Infantry Company,ר (Resh),S2a,Combat,1 of 3 mandatory,A,Reserve Infantry Platoon (1st),ZELDA,14,14,Transport (Reserve M113),114ר,20x30
formation,Reserve Infantry Company,ר (Resh),S2a,Combat,1 of 3 mandatory,A,Reserve Infantry Platoon (1st),ZELDA,15,15,Transport (Reserve M113),115ר,20x30
formation,Reserve Infantry Company,ר (Resh),S2a,Combat,1 of 3 mandatory,A,Reserve Infantry Platoon (1st),ZELDA,16,16,Transport (Reserve M113),116ר,20x30
formation,Reserve Infantry Company,ר (Resh),S2b,Combat,2 of 3 mandatory,A,Reserve Infantry Platoon (2nd),GALIL,1,1,Galil rifle (M72 LAW) [Reserve],201ר,40x20
formation,Reserve Infantry Company,ר (Resh),S2b,Combat,2 of 3 mandatory,A,Reserve Infantry Platoon (2nd),GALIL,2,2,Galil rifle (M72 LAW) [Reserve],202ר,40x20
formation,Reserve Infantry Company,ר (Resh),S2b,Combat,2 of 3 mandatory,A,Reserve Infantry Platoon (2nd),GALIL,3,3,Galil rifle (M72 LAW) [Reserve],203ר,40x20
formation,Reserve Infantry Company,ר (Resh),S2b,Combat,2 of 3 mandatory,A,Reserve Infantry Platoon (2nd),GALIL,4,4,Galil rifle (M72 LAW) [Reserve],204ר,40x20
formation,Reserve Infantry Company,ר (Resh),S2b,Combat,2 of 3 mandatory,A,Reserve Infantry Platoon (2nd),FN MAG,5,5,FN MAG (M72 LAW) [Reserve],205ר,20x20
formation,Reserve Infantry Company,ר (Resh),S2b,Combat,2 of 3 mandatory,A,Reserve Infantry Platoon (2nd),FN MAG,6,6,FN MAG (M72 LAW) [Reserve],206ר,20x20
formation,Reserve Infantry Company,ר (Resh),S2b,Combat,2 of 3 mandatory,A,Reserve Infantry Platoon (2nd),FN MAG,7,7,FN MAG (M72 LAW) [Reserve],207ר,20x20
formation,Reserve Infantry Company,ר (Resh),S2b,Combat,2 of 3 mandatory,A,Reserve Infantry Platoon (2nd),RPG-7,8,8,RPG-7 [Reserve],208ר,20x20
formation,Reserve Infantry Company,ר (Resh),S2b,Combat,2 of 3 mandatory,A,Reserve Infantry Platoon (2nd),RPG-7,9,9,RPG-7 [Reserve],209ר,20x20
formation,Reserve Infantry Company,ר (Resh),S2b,Combat,2 of 3 mandatory,A,Reserve Infantry Platoon (2nd),RPG-7,10,10,RPG-7 [Reserve],210ר,20x20
formation,Reserve Infantry Company,ר (Resh),S2b,Combat,2 of 3 mandatory,A,Reserve Infantry Platoon (2nd),M47 DRAGON,11,11,M47 Dragon (or Dragon 2) [Reserve],211ר,20x20
formation,Reserve Infantry Company,ר (Resh),S2b,Combat,2 of 3 mandatory,A,Reserve Infantry Platoon (2nd),52MM,12,12,52mm mortar [Reserve],212ר,20x20
formation,Reserve Infantry Company,ר (Resh),S2b,Combat,2 of 3 mandatory,A,Reserve Infantry Platoon (2nd),ZELDA,13,13,Transport (Reserve M113),213ר,20x30
formation,Reserve Infantry Company,ר (Resh),S2b,Combat,2 of 3 mandatory,A,Reserve Infantry Platoon (2nd),ZELDA,14,14,Transport (Reserve M113),214ר,20x30
formation,Reserve Infantry Company,ר (Resh),S2b,Combat,2 of 3 mandatory,A,Reserve Infantry Platoon (2nd),ZELDA,15,15,Transport (Reserve M113),215ר,20x30
formation,Reserve Infantry Company,ר (Resh),S2b,Combat,2 of 3 mandatory,A,Reserve Infantry Platoon (2nd),ZELDA,16,16,Transport (Reserve M113),216ר,20x30
formation,Reserve Infantry Company,ר (Resh),S2c,Combat,3 of 3 mandatory,A,Reserve Infantry Platoon (3rd),GALIL,1,1,Galil rifle (M72 LAW) [Reserve],301ר,40x20
formation,Reserve Infantry Company,ר (Resh),S2c,Combat,3 of 3 mandatory,A,Reserve Infantry Platoon (3rd),GALIL,2,2,Galil rifle (M72 LAW) [Reserve],302ר,40x20
formation,Reserve Infantry Company,ר (Resh),S2c,Combat,3 of 3 mandatory,A,Reserve Infantry Platoon (3rd),GALIL,3,3,Galil rifle (M72 LAW) [Reserve],303ר,40x20
formation,Reserve Infantry Company,ר (Resh),S2c,Combat,3 of 3 mandatory,A,Reserve Infantry Platoon (3rd),GALIL,4,4,Galil rifle (M72 LAW) [Reserve],304ר,40x20
formation,Reserve Infantry Company,ר (Resh),S2c,Combat,3 of 3 mandatory,A,Reserve Infantry Platoon (3rd),FN MAG,5,5,FN MAG (M72 LAW) [Reserve],305ר,20x20
formation,Reserve Infantry Company,ר (Resh),S2c,Combat,3 of 3 mandatory,A,Reserve Infantry Platoon (3rd),FN MAG,6,6,FN MAG (M72 LAW) [Reserve],306ר,20x20
formation,Reserve Infantry Company,ר (Resh),S2c,Combat,3 of 3 mandatory,A,Reserve Infantry Platoon (3rd),FN MAG,7,7,FN MAG (M72 LAW) [Reserve],307ר,20x20
formation,Reserve Infantry Company,ר (Resh),S2c,Combat,3 of 3 mandatory,A,Reserve Infantry Platoon (3rd),RPG-7,8,8,RPG-7 [Reserve],308ר,20x20
formation,Reserve Infantry Company,ר (Resh),S2c,Combat,3 of 3 mandatory,A,Reserve Infantry Platoon (3rd),RPG-7,9,9,RPG-7 [Reserve],309ר,20x20
formation,Reserve Infantry Company,ר (Resh),S2c,Combat,3 of 3 mandatory,A,Reserve Infantry Platoon (3rd),RPG-7,10,10,RPG-7 [Reserve],310ר,20x20
formation,Reserve Infantry Company,ר (Resh),S2c,Combat,3 of 3 mandatory,A,Reserve Infantry Platoon (3rd),M47 DRAGON,11,11,M47 Dragon (or Dragon 2) [Reserve],311ר,20x20
formation,Reserve Infantry Company,ר (Resh),S2c,Combat,3 of 3 mandatory,A,Reserve Infantry Platoon (3rd),52MM,12,12,52mm mortar [Reserve],312ר,20x20
formation,Reserve Infantry Company,ר (Resh),S2c,Combat,3 of 3 mandatory,A,Reserve Infantry Platoon (3rd),ZELDA,13,13,Transport (Reserve M113),313ר,20x30
formation,Reserve Infantry Company,ר (Resh),S2c,Combat,3 of 3 mandatory,A,Reserve Infantry Platoon (3rd),ZELDA,14,14,Transport (Reserve M113),314ר,20x30
formation,Reserve Infantry Company,ר (Resh),S2c,Combat,3 of 3 mandatory,A,Reserve Infantry Platoon (3rd),ZELDA,15,15,Transport (Reserve M113),315ר,20x30
formation,Reserve Infantry Company,ר (Resh),S2c,Combat,3 of 3 mandatory,A,Reserve Infantry Platoon (3rd),ZELDA,16,16,Transport (Reserve M113),316ר,20x30
formation,Reserve Infantry Company,ר (Resh),S3,Tank attachment,0-1 (choice),A,Merkava 1 Tank Platoon,MERKAVA 1,1,1,Tank,401ר,20x40
formation,Reserve Infantry Company,ר (Resh),S3,Tank attachment,0-1 (choice),A,Merkava 1 Tank Platoon,MERKAVA 1,2,2,Tank,402ר,20x40
formation,Reserve Infantry Company,ר (Resh),S3,Tank attachment,0-1 (choice),A,Merkava 1 Tank Platoon,MERKAVA 1,3,3,Tank,403ר,20x40
formation,Reserve Infantry Company,ר (Resh),S3,Tank attachment,0-1 (choice),B,Merkava 2 Tank Platoon,MERKAVA 2,1,4,Tank,404ר,20x40
formation,Reserve Infantry Company,ר (Resh),S3,Tank attachment,0-1 (choice),B,Merkava 2 Tank Platoon,MERKAVA 2,2,5,Tank,405ר,20x40
formation,Reserve Infantry Company,ר (Resh),S3,Tank attachment,0-1 (choice),B,Merkava 2 Tank Platoon,MERKAVA 2,3,6,Tank,406ר,20x40
formation,Reserve Infantry Company,ר (Resh),S3,Tank attachment,0-1 (choice),C,Merkava 3 Tank Platoon,MERKAVA 3,1,7,Tank,407ר,20x40
formation,Reserve Infantry Company,ר (Resh),S3,Tank attachment,0-1 (choice),C,Merkava 3 Tank Platoon,MERKAVA 3,2,8,Tank,408ר,20x40
formation,Reserve Infantry Company,ר (Resh),S3,Tank attachment,0-1 (choice),C,Merkava 3 Tank Platoon,MERKAVA 3,3,9,Tank,409ר,20x40
formation,Reserve Infantry Company,ר (Resh),S3,Tank attachment,0-1 (choice),D,Magach 6 Tank Platoon,MAGACH 6,1,10,Tank,410ר,20x40
formation,Reserve Infantry Company,ר (Resh),S3,Tank attachment,0-1 (choice),D,Magach 6 Tank Platoon,MAGACH 6,2,11,Tank,411ר,20x40
formation,Reserve Infantry Company,ר (Resh),S3,Tank attachment,0-1 (choice),D,Magach 6 Tank Platoon,MAGACH 6,3,12,Tank,412ר,20x40
formation,Reserve Infantry Company,ר (Resh),S3,Tank attachment,0-1 (choice),E,Magach 6 (Blazer) Tank Platoon,MAGACH 6 BLAZER,1,13,Tank,413ר,20x40
formation,Reserve Infantry Company,ר (Resh),S3,Tank attachment,0-1 (choice),E,Magach 6 (Blazer) Tank Platoon,MAGACH 6 BLAZER,2,14,Tank,414ר,20x40
formation,Reserve Infantry Company,ר (Resh),S3,Tank attachment,0-1 (choice),E,Magach 6 (Blazer) Tank Platoon,MAGACH 6 BLAZER,3,15,Tank,415ר,20x40
formation,Reserve Infantry Company,ר (Resh),S3,Tank attachment,0-1 (choice),F,Sho't (Blazer) Tank Platoon,SHO'T BLAZER,1,16,Tank,416ר,20x40
formation,Reserve Infantry Company,ר (Resh),S3,Tank attachment,0-1 (choice),F,Sho't (Blazer) Tank Platoon,SHO'T BLAZER,2,17,Tank,417ר,20x40
formation,Reserve Infantry Company,ר (Resh),S3,Tank attachment,0-1 (choice),F,Sho't (Blazer) Tank Platoon,SHO'T BLAZER,3,18,Tank,418ר,20x40
formation,Reserve Infantry Company,ר (Resh),S4,Weapons,0-1,A,Reserve M125 81mm Mortar Platoon,M125,1,1,81mm mortar carrier [Reserve],501ר,20x30
formation,Reserve Infantry Company,ר (Resh),S4,Weapons,0-1,A,Reserve M125 81mm Mortar Platoon,M125,2,2,81mm mortar carrier [Reserve],502ר,20x30
formation,Reserve Infantry Company,ר (Resh),S4,Weapons,0-1,A,Reserve M125 81mm Mortar Platoon,M125,3,3,81mm mortar carrier [Reserve],503ר,20x30
formation,Reserve Infantry Company,ר (Resh),S5,Weapons,0-1 (choice),A,Reserve M150 Anti-tank Section,M150,1,1,ATGM carrier (iTOW or MAPATS) [Reserve],601ר,20x30
formation,Reserve Infantry Company,ר (Resh),S5,Weapons,0-1 (choice),A,Reserve M150 Anti-tank Section,M150,2,2,ATGM carrier (iTOW or MAPATS) [Reserve],602ר,20x30
formation,Reserve Infantry Company,ר (Resh),S5,Weapons,0-1 (choice),B,Reserve Jeep Anti-tank Platoon,JEEP,1,3,Jeep ATGM (iTOW or MAPATS),603ר,20x30
formation,Reserve Infantry Company,ר (Resh),S5,Weapons,0-1 (choice),B,Reserve Jeep Anti-tank Platoon,JEEP,2,4,Jeep ATGM (iTOW or MAPATS),604ר,20x30
formation,Reserve Infantry Company,ר (Resh),S5,Weapons,0-1 (choice),B,Reserve Jeep Anti-tank Platoon,JEEP,3,5,Jeep ATGM (iTOW or MAPATS),605ר,20x30
formation,Reserve Infantry Company,ר (Resh),S5,Weapons,0-1 (choice),B,Reserve Jeep Anti-tank Platoon,JEEP,4,6,Jeep ATGM (iTOW or MAPATS),606ר,20x30
formation,Reserve Infantry Company,ש (Shin),S1,HQ,1,A,Reserve Infantry Company HQ,GALIL,1,1,Galil HQ team [Reserve],001ש,20x20
formation,Reserve Infantry Company,ש (Shin),S1,HQ,1,A,Reserve Infantry Company HQ,ZELDA,2,2,Transport (HQ Reserve M113),002ש,20x30
formation,Reserve Infantry Company,ש (Shin),S2a,Combat,1 of 3 mandatory,A,Reserve Infantry Platoon (1st),GALIL,1,1,Galil rifle (M72 LAW) [Reserve],101ש,40x20
formation,Reserve Infantry Company,ש (Shin),S2a,Combat,1 of 3 mandatory,A,Reserve Infantry Platoon (1st),GALIL,2,2,Galil rifle (M72 LAW) [Reserve],102ש,40x20
formation,Reserve Infantry Company,ש (Shin),S2a,Combat,1 of 3 mandatory,A,Reserve Infantry Platoon (1st),GALIL,3,3,Galil rifle (M72 LAW) [Reserve],103ש,40x20
formation,Reserve Infantry Company,ש (Shin),S2a,Combat,1 of 3 mandatory,A,Reserve Infantry Platoon (1st),GALIL,4,4,Galil rifle (M72 LAW) [Reserve],104ש,40x20
formation,Reserve Infantry Company,ש (Shin),S2a,Combat,1 of 3 mandatory,A,Reserve Infantry Platoon (1st),FN MAG,5,5,FN MAG (M72 LAW) [Reserve],105ש,20x20
formation,Reserve Infantry Company,ש (Shin),S2a,Combat,1 of 3 mandatory,A,Reserve Infantry Platoon (1st),FN MAG,6,6,FN MAG (M72 LAW) [Reserve],106ש,20x20
formation,Reserve Infantry Company,ש (Shin),S2a,Combat,1 of 3 mandatory,A,Reserve Infantry Platoon (1st),FN MAG,7,7,FN MAG (M72 LAW) [Reserve],107ש,20x20
formation,Reserve Infantry Company,ש (Shin),S2a,Combat,1 of 3 mandatory,A,Reserve Infantry Platoon (1st),RPG-7,8,8,RPG-7 [Reserve],108ש,20x20
formation,Reserve Infantry Company,ש (Shin),S2a,Combat,1 of 3 mandatory,A,Reserve Infantry Platoon (1st),RPG-7,9,9,RPG-7 [Reserve],109ש,20x20
formation,Reserve Infantry Company,ש (Shin),S2a,Combat,1 of 3 mandatory,A,Reserve Infantry Platoon (1st),RPG-7,10,10,RPG-7 [Reserve],110ש,20x20
formation,Reserve Infantry Company,ש (Shin),S2a,Combat,1 of 3 mandatory,A,Reserve Infantry Platoon (1st),M47 DRAGON,11,11,M47 Dragon (or Dragon 2) [Reserve],111ש,20x20
formation,Reserve Infantry Company,ש (Shin),S2a,Combat,1 of 3 mandatory,A,Reserve Infantry Platoon (1st),52MM,12,12,52mm mortar [Reserve],112ש,20x20
formation,Reserve Infantry Company,ש (Shin),S2a,Combat,1 of 3 mandatory,A,Reserve Infantry Platoon (1st),ZELDA,13,13,Transport (Reserve M113),113ש,20x30
formation,Reserve Infantry Company,ש (Shin),S2a,Combat,1 of 3 mandatory,A,Reserve Infantry Platoon (1st),ZELDA,14,14,Transport (Reserve M113),114ש,20x30
formation,Reserve Infantry Company,ש (Shin),S2a,Combat,1 of 3 mandatory,A,Reserve Infantry Platoon (1st),ZELDA,15,15,Transport (Reserve M113),115ש,20x30
formation,Reserve Infantry Company,ש (Shin),S2a,Combat,1 of 3 mandatory,A,Reserve Infantry Platoon (1st),ZELDA,16,16,Transport (Reserve M113),116ש,20x30
formation,Reserve Infantry Company,ש (Shin),S2b,Combat,2 of 3 mandatory,A,Reserve Infantry Platoon (2nd),GALIL,1,1,Galil rifle (M72 LAW) [Reserve],201ש,40x20
formation,Reserve Infantry Company,ש (Shin),S2b,Combat,2 of 3 mandatory,A,Reserve Infantry Platoon (2nd),GALIL,2,2,Galil rifle (M72 LAW) [Reserve],202ש,40x20
formation,Reserve Infantry Company,ש (Shin),S2b,Combat,2 of 3 mandatory,A,Reserve Infantry Platoon (2nd),GALIL,3,3,Galil rifle (M72 LAW) [Reserve],203ש,40x20
formation,Reserve Infantry Company,ש (Shin),S2b,Combat,2 of 3 mandatory,A,Reserve Infantry Platoon (2nd),GALIL,4,4,Galil rifle (M72 LAW) [Reserve],204ש,40x20
formation,Reserve Infantry Company,ש (Shin),S2b,Combat,2 of 3 mandatory,A,Reserve Infantry Platoon (2nd),FN MAG,5,5,FN MAG (M72 LAW) [Reserve],205ש,20x20
formation,Reserve Infantry Company,ש (Shin),S2b,Combat,2 of 3 mandatory,A,Reserve Infantry Platoon (2nd),FN MAG,6,6,FN MAG (M72 LAW) [Reserve],206ש,20x20
formation,Reserve Infantry Company,ש (Shin),S2b,Combat,2 of 3 mandatory,A,Reserve Infantry Platoon (2nd),FN MAG,7,7,FN MAG (M72 LAW) [Reserve],207ש,20x20
formation,Reserve Infantry Company,ש (Shin),S2b,Combat,2 of 3 mandatory,A,Reserve Infantry Platoon (2nd),RPG-7,8,8,RPG-7 [Reserve],208ש,20x20
formation,Reserve Infantry Company,ש (Shin),S2b,Combat,2 of 3 mandatory,A,Reserve Infantry Platoon (2nd),RPG-7,9,9,RPG-7 [Reserve],209ש,20x20
formation,Reserve Infantry Company,ש (Shin),S2b,Combat,2 of 3 mandatory,A,Reserve Infantry Platoon (2nd),RPG-7,10,10,RPG-7 [Reserve],210ש,20x20
formation,Reserve Infantry Company,ש (Shin),S2b,Combat,2 of 3 mandatory,A,Reserve Infantry Platoon (2nd),M47 DRAGON,11,11,M47 Dragon (or Dragon 2) [Reserve],211ש,20x20
formation,Reserve Infantry Company,ש (Shin),S2b,Combat,2 of 3 mandatory,A,Reserve Infantry Platoon (2nd),52MM,12,12,52mm mortar [Reserve],212ש,20x20
formation,Reserve Infantry Company,ש (Shin),S2b,Combat,2 of 3 mandatory,A,Reserve Infantry Platoon (2nd),ZELDA,13,13,Transport (Reserve M113),213ש,20x30
formation,Reserve Infantry Company,ש (Shin),S2b,Combat,2 of 3 mandatory,A,Reserve Infantry Platoon (2nd),ZELDA,14,14,Transport (Reserve M113),214ש,20x30
formation,Reserve Infantry Company,ש (Shin),S2b,Combat,2 of 3 mandatory,A,Reserve Infantry Platoon (2nd),ZELDA,15,15,Transport (Reserve M113),215ש,20x30
formation,Reserve Infantry Company,ש (Shin),S2b,Combat,2 of 3 mandatory,A,Reserve Infantry Platoon (2nd),ZELDA,16,16,Transport (Reserve M113),216ש,20x30
formation,Reserve Infantry Company,ש (Shin),S2c,Combat,3 of 3 mandatory,A,Reserve Infantry Platoon (3rd),GALIL,1,1,Galil rifle (M72 LAW) [Reserve],301ש,40x20
formation,Reserve Infantry Company,ש (Shin),S2c,Combat,3 of 3 mandatory,A,Reserve Infantry Platoon (3rd),GALIL,2,2,Galil rifle (M72 LAW) [Reserve],302ש,40x20
formation,Reserve Infantry Company,ש (Shin),S2c,Combat,3 of 3 mandatory,A,Reserve Infantry Platoon (3rd),GALIL,3,3,Galil rifle (M72 LAW) [Reserve],303ש,40x20
formation,Reserve Infantry Company,ש (Shin),S2c,Combat,3 of 3 mandatory,A,Reserve Infantry Platoon (3rd),GALIL,4,4,Galil rifle (M72 LAW) [Reserve],304ש,40x20
formation,Reserve Infantry Company,ש (Shin),S2c,Combat,3 of 3 mandatory,A,Reserve Infantry Platoon (3rd),FN MAG,5,5,FN MAG (M72 LAW) [Reserve],305ש,20x20
formation,Reserve Infantry Company,ש (Shin),S2c,Combat,3 of 3 mandatory,A,Reserve Infantry Platoon (3rd),FN MAG,6,6,FN MAG (M72 LAW) [Reserve],306ש,20x20
formation,Reserve Infantry Company,ש (Shin),S2c,Combat,3 of 3 mandatory,A,Reserve Infantry Platoon (3rd),FN MAG,7,7,FN MAG (M72 LAW) [Reserve],307ש,20x20
formation,Reserve Infantry Company,ש (Shin),S2c,Combat,3 of 3 mandatory,A,Reserve Infantry Platoon (3rd),RPG-7,8,8,RPG-7 [Reserve],308ש,20x20
formation,Reserve Infantry Company,ש (Shin),S2c,Combat,3 of 3 mandatory,A,Reserve Infantry Platoon (3rd),RPG-7,9,9,RPG-7 [Reserve],309ש,20x20
formation,Reserve Infantry Company,ש (Shin),S2c,Combat,3 of 3 mandatory,A,Reserve Infantry Platoon (3rd),RPG-7,10,10,RPG-7 [Reserve],310ש,20x20
formation,Reserve Infantry Company,ש (Shin),S2c,Combat,3 of 3 mandatory,A,Reserve Infantry Platoon (3rd),M47 DRAGON,11,11,M47 Dragon (or Dragon 2) [Reserve],311ש,20x20
formation,Reserve Infantry Company,ש (Shin),S2c,Combat,3 of 3 mandatory,A,Reserve Infantry Platoon (3rd),52MM,12,12,52mm mortar [Reserve],312ש,20x20
formation,Reserve Infantry Company,ש (Shin),S2c,Combat,3 of 3 mandatory,A,Reserve Infantry Platoon (3rd),ZELDA,13,13,Transport (Reserve M113),313ש,20x30
formation,Reserve Infantry Company,ש (Shin),S2c,Combat,3 of 3 mandatory,A,Reserve Infantry Platoon (3rd),ZELDA,14,14,Transport (Reserve M113),314ש,20x30
formation,Reserve Infantry Company,ש (Shin),S2c,Combat,3 of 3 mandatory,A,Reserve Infantry Platoon (3rd),ZELDA,15,15,Transport (Reserve M113),315ש,20x30
formation,Reserve Infantry Company,ש (Shin),S2c,Combat,3 of 3 mandatory,A,Reserve Infantry Platoon (3rd),ZELDA,16,16,Transport (Reserve M113),316ש,20x30
formation,Reserve Infantry Company,ש (Shin),S3,Tank attachment,0-1 (choice),A,Merkava 1 Tank Platoon,MERKAVA 1,1,1,Tank,401ש,20x40
formation,Reserve Infantry Company,ש (Shin),S3,Tank attachment,0-1 (choice),A,Merkava 1 Tank Platoon,MERKAVA 1,2,2,Tank,402ש,20x40
formation,Reserve Infantry Company,ש (Shin),S3,Tank attachment,0-1 (choice),A,Merkava 1 Tank Platoon,MERKAVA 1,3,3,Tank,403ש,20x40
formation,Reserve Infantry Company,ש (Shin),S3,Tank attachment,0-1 (choice),B,Merkava 2 Tank Platoon,MERKAVA 2,1,4,Tank,404ש,20x40
formation,Reserve Infantry Company,ש (Shin),S3,Tank attachment,0-1 (choice),B,Merkava 2 Tank Platoon,MERKAVA 2,2,5,Tank,405ש,20x40
formation,Reserve Infantry Company,ש (Shin),S3,Tank attachment,0-1 (choice),B,Merkava 2 Tank Platoon,MERKAVA 2,3,6,Tank,406ש,20x40
formation,Reserve Infantry Company,ש (Shin),S3,Tank attachment,0-1 (choice),C,Merkava 3 Tank Platoon,MERKAVA 3,1,7,Tank,407ש,20x40
formation,Reserve Infantry Company,ש (Shin),S3,Tank attachment,0-1 (choice),C,Merkava 3 Tank Platoon,MERKAVA 3,2,8,Tank,408ש,20x40
formation,Reserve Infantry Company,ש (Shin),S3,Tank attachment,0-1 (choice),C,Merkava 3 Tank Platoon,MERKAVA 3,3,9,Tank,409ש,20x40
formation,Reserve Infantry Company,ש (Shin),S3,Tank attachment,0-1 (choice),D,Magach 6 Tank Platoon,MAGACH 6,1,10,Tank,410ש,20x40
formation,Reserve Infantry Company,ש (Shin),S3,Tank attachment,0-1 (choice),D,Magach 6 Tank Platoon,MAGACH 6,2,11,Tank,411ש,20x40
formation,Reserve Infantry Company,ש (Shin),S3,Tank attachment,0-1 (choice),D,Magach 6 Tank Platoon,MAGACH 6,3,12,Tank,412ש,20x40
formation,Reserve Infantry Company,ש (Shin),S3,Tank attachment,0-1 (choice),E,Magach 6 (Blazer) Tank Platoon,MAGACH 6 BLAZER,1,13,Tank,413ש,20x40
formation,Reserve Infantry Company,ש (Shin),S3,Tank attachment,0-1 (choice),E,Magach 6 (Blazer) Tank Platoon,MAGACH 6 BLAZER,2,14,Tank,414ש,20x40
formation,Reserve Infantry Company,ש (Shin),S3,Tank attachment,0-1 (choice),E,Magach 6 (Blazer) Tank Platoon,MAGACH 6 BLAZER,3,15,Tank,415ש,20x40
formation,Reserve Infantry Company,ש (Shin),S3,Tank attachment,0-1 (choice),F,Sho't (Blazer) Tank Platoon,SHO'T BLAZER,1,16,Tank,416ש,20x40
formation,Reserve Infantry Company,ש (Shin),S3,Tank attachment,0-1 (choice),F,Sho't (Blazer) Tank Platoon,SHO'T BLAZER,2,17,Tank,417ש,20x40
formation,Reserve Infantry Company,ש (Shin),S3,Tank attachment,0-1 (choice),F,Sho't (Blazer) Tank Platoon,SHO'T BLAZER,3,18,Tank,418ש,20x40
formation,Reserve Infantry Company,ש (Shin),S4,Weapons,0-1,A,Reserve M125 81mm Mortar Platoon,M125,1,1,81mm mortar carrier [Reserve],501ש,20x30
formation,Reserve Infantry Company,ש (Shin),S4,Weapons,0-1,A,Reserve M125 81mm Mortar Platoon,M125,2,2,81mm mortar carrier [Reserve],502ש,20x30
formation,Reserve Infantry Company,ש (Shin),S4,Weapons,0-1,A,Reserve M125 81mm Mortar Platoon,M125,3,3,81mm mortar carrier [Reserve],503ש,20x30
formation,Reserve Infantry Company,ש (Shin),S5,Weapons,0-1 (choice),A,Reserve M150 Anti-tank Section,M150,1,1,ATGM carrier (iTOW or MAPATS) [Reserve],601ש,20x30
formation,Reserve Infantry Company,ש (Shin),S5,Weapons,0-1 (choice),A,Reserve M150 Anti-tank Section,M150,2,2,ATGM carrier (iTOW or MAPATS) [Reserve],602ש,20x30
formation,Reserve Infantry Company,ש (Shin),S5,Weapons,0-1 (choice),B,Reserve Jeep Anti-tank Platoon,JEEP,1,3,Jeep ATGM (iTOW or MAPATS),603ש,20x30
formation,Reserve Infantry Company,ש (Shin),S5,Weapons,0-1 (choice),B,Reserve Jeep Anti-tank Platoon,JEEP,2,4,Jeep ATGM (iTOW or MAPATS),604ש,20x30
formation,Reserve Infantry Company,ש (Shin),S5,Weapons,0-1 (choice),B,Reserve Jeep Anti-tank Platoon,JEEP,3,5,Jeep ATGM (iTOW or MAPATS),605ש,20x30
formation,Reserve Infantry Company,ש (Shin),S5,Weapons,0-1 (choice),B,Reserve Jeep Anti-tank Platoon,JEEP,4,6,Jeep ATGM (iTOW or MAPATS),606ש,20x30
formation,Paratrooper Company,ת (Tav),S1,HQ,1,A,Paratrooper Company HQ,GALIL,1,1,Galil HQ team [Para],001ת,20x20
formation,Paratrooper Company,ת (Tav),S1,HQ,1,A,Paratrooper Company HQ,ZELDA,2,2,Transport (HQ M113),002ת,20x30
formation,Paratrooper Company,ת (Tav),S1,HQ,1,A,Paratrooper Company HQ,UH-1,3,3,Transport (HQ UH-1),003ת,20x40
formation,Paratrooper Company,ת (Tav),S2a,Combat,1 of 3 mandatory,A,Paratrooper Platoon (1st),GALIL,1,1,Galil rifle (M72 LAW) [Para],101ת,40x20
formation,Paratrooper Company,ת (Tav),S2a,Combat,1 of 3 mandatory,A,Paratrooper Platoon (1st),GALIL,2,2,Galil rifle (M72 LAW) [Para],102ת,40x20
formation,Paratrooper Company,ת (Tav),S2a,Combat,1 of 3 mandatory,A,Paratrooper Platoon (1st),GALIL,3,3,Galil rifle (M72 LAW) [Para],103ת,40x20
formation,Paratrooper Company,ת (Tav),S2a,Combat,1 of 3 mandatory,A,Paratrooper Platoon (1st),GALIL,4,4,Galil rifle (M72 LAW) [Para],104ת,40x20
formation,Paratrooper Company,ת (Tav),S2a,Combat,1 of 3 mandatory,A,Paratrooper Platoon (1st),FN MAG,5,5,FN MAG (M72 LAW) [Para],105ת,20x20
formation,Paratrooper Company,ת (Tav),S2a,Combat,1 of 3 mandatory,A,Paratrooper Platoon (1st),FN MAG,6,6,FN MAG (M72 LAW) [Para],106ת,20x20
formation,Paratrooper Company,ת (Tav),S2a,Combat,1 of 3 mandatory,A,Paratrooper Platoon (1st),FN MAG,7,7,FN MAG (M72 LAW) [Para],107ת,20x20
formation,Paratrooper Company,ת (Tav),S2a,Combat,1 of 3 mandatory,A,Paratrooper Platoon (1st),RPG-7,8,8,RPG-7 (or B-300) [Para],108ת,20x20
formation,Paratrooper Company,ת (Tav),S2a,Combat,1 of 3 mandatory,A,Paratrooper Platoon (1st),RPG-7,9,9,RPG-7 (or B-300) [Para],109ת,20x20
formation,Paratrooper Company,ת (Tav),S2a,Combat,1 of 3 mandatory,A,Paratrooper Platoon (1st),RPG-7,10,10,RPG-7 (or B-300) [Para],110ת,20x20
formation,Paratrooper Company,ת (Tav),S2a,Combat,1 of 3 mandatory,A,Paratrooper Platoon (1st),M47 DRAGON,11,11,M47 Dragon (or Dragon 2) [Para],111ת,20x20
formation,Paratrooper Company,ת (Tav),S2a,Combat,1 of 3 mandatory,A,Paratrooper Platoon (1st),52MM,12,12,52mm mortar [Para],112ת,20x20
formation,Paratrooper Company,ת (Tav),S2a,Combat,1 of 3 mandatory,A,Paratrooper Platoon (1st),ZELDA,13,13,Transport (M113) [Para],113ת,20x30
formation,Paratrooper Company,ת (Tav),S2a,Combat,1 of 3 mandatory,A,Paratrooper Platoon (1st),ZELDA,14,14,Transport (M113) [Para],114ת,20x30
formation,Paratrooper Company,ת (Tav),S2a,Combat,1 of 3 mandatory,A,Paratrooper Platoon (1st),ZELDA,15,15,Transport (M113) [Para],115ת,20x30
formation,Paratrooper Company,ת (Tav),S2a,Combat,1 of 3 mandatory,A,Paratrooper Platoon (1st),ZELDA,16,16,Transport (M113) [Para],116ת,20x30
formation,Paratrooper Company,ת (Tav),S2a,Combat,1 of 3 mandatory,A,Paratrooper Platoon (1st),UH-1,17,17,Transport (UH-1),117ת,20x40
formation,Paratrooper Company,ת (Tav),S2a,Combat,1 of 3 mandatory,A,Paratrooper Platoon (1st),UH-1,18,18,Transport (UH-1),118ת,20x40
formation,Paratrooper Company,ת (Tav),S2a,Combat,1 of 3 mandatory,A,Paratrooper Platoon (1st),UH-1,19,19,Transport (UH-1),119ת,20x40
formation,Paratrooper Company,ת (Tav),S2a,Combat,1 of 3 mandatory,A,Paratrooper Platoon (1st),UH-1,20,20,Transport (UH-1),120ת,20x40
formation,Paratrooper Company,ת (Tav),S2a,Combat,1 of 3 mandatory,A,Paratrooper Platoon (1st),CH-53,21,21,Transport heli swap (CH-53),121ת,20x40
formation,Paratrooper Company,ת (Tav),S2a,Combat,1 of 3 mandatory,A,Paratrooper Platoon (1st),CH-53,22,22,Transport heli swap (CH-53),122ת,20x40
formation,Paratrooper Company,ת (Tav),S2b,Combat,2 of 3 mandatory,A,Paratrooper Platoon (2nd),GALIL,1,1,Galil rifle (M72 LAW) [Para],201ת,40x20
formation,Paratrooper Company,ת (Tav),S2b,Combat,2 of 3 mandatory,A,Paratrooper Platoon (2nd),GALIL,2,2,Galil rifle (M72 LAW) [Para],202ת,40x20
formation,Paratrooper Company,ת (Tav),S2b,Combat,2 of 3 mandatory,A,Paratrooper Platoon (2nd),GALIL,3,3,Galil rifle (M72 LAW) [Para],203ת,40x20
formation,Paratrooper Company,ת (Tav),S2b,Combat,2 of 3 mandatory,A,Paratrooper Platoon (2nd),GALIL,4,4,Galil rifle (M72 LAW) [Para],204ת,40x20
formation,Paratrooper Company,ת (Tav),S2b,Combat,2 of 3 mandatory,A,Paratrooper Platoon (2nd),FN MAG,5,5,FN MAG (M72 LAW) [Para],205ת,20x20
formation,Paratrooper Company,ת (Tav),S2b,Combat,2 of 3 mandatory,A,Paratrooper Platoon (2nd),FN MAG,6,6,FN MAG (M72 LAW) [Para],206ת,20x20
formation,Paratrooper Company,ת (Tav),S2b,Combat,2 of 3 mandatory,A,Paratrooper Platoon (2nd),FN MAG,7,7,FN MAG (M72 LAW) [Para],207ת,20x20
formation,Paratrooper Company,ת (Tav),S2b,Combat,2 of 3 mandatory,A,Paratrooper Platoon (2nd),RPG-7,8,8,RPG-7 (or B-300) [Para],208ת,20x20
formation,Paratrooper Company,ת (Tav),S2b,Combat,2 of 3 mandatory,A,Paratrooper Platoon (2nd),RPG-7,9,9,RPG-7 (or B-300) [Para],209ת,20x20
formation,Paratrooper Company,ת (Tav),S2b,Combat,2 of 3 mandatory,A,Paratrooper Platoon (2nd),RPG-7,10,10,RPG-7 (or B-300) [Para],210ת,20x20
formation,Paratrooper Company,ת (Tav),S2b,Combat,2 of 3 mandatory,A,Paratrooper Platoon (2nd),M47 DRAGON,11,11,M47 Dragon (or Dragon 2) [Para],211ת,20x20
formation,Paratrooper Company,ת (Tav),S2b,Combat,2 of 3 mandatory,A,Paratrooper Platoon (2nd),52MM,12,12,52mm mortar [Para],212ת,20x20
formation,Paratrooper Company,ת (Tav),S2b,Combat,2 of 3 mandatory,A,Paratrooper Platoon (2nd),ZELDA,13,13,Transport (M113) [Para],213ת,20x30
formation,Paratrooper Company,ת (Tav),S2b,Combat,2 of 3 mandatory,A,Paratrooper Platoon (2nd),ZELDA,14,14,Transport (M113) [Para],214ת,20x30
formation,Paratrooper Company,ת (Tav),S2b,Combat,2 of 3 mandatory,A,Paratrooper Platoon (2nd),ZELDA,15,15,Transport (M113) [Para],215ת,20x30
formation,Paratrooper Company,ת (Tav),S2b,Combat,2 of 3 mandatory,A,Paratrooper Platoon (2nd),ZELDA,16,16,Transport (M113) [Para],216ת,20x30
formation,Paratrooper Company,ת (Tav),S2b,Combat,2 of 3 mandatory,A,Paratrooper Platoon (2nd),UH-1,17,17,Transport (UH-1),217ת,20x40
formation,Paratrooper Company,ת (Tav),S2b,Combat,2 of 3 mandatory,A,Paratrooper Platoon (2nd),UH-1,18,18,Transport (UH-1),218ת,20x40
formation,Paratrooper Company,ת (Tav),S2b,Combat,2 of 3 mandatory,A,Paratrooper Platoon (2nd),UH-1,19,19,Transport (UH-1),219ת,20x40
formation,Paratrooper Company,ת (Tav),S2b,Combat,2 of 3 mandatory,A,Paratrooper Platoon (2nd),UH-1,20,20,Transport (UH-1),220ת,20x40
formation,Paratrooper Company,ת (Tav),S2b,Combat,2 of 3 mandatory,A,Paratrooper Platoon (2nd),CH-53,21,21,Transport heli swap (CH-53),221ת,20x40
formation,Paratrooper Company,ת (Tav),S2b,Combat,2 of 3 mandatory,A,Paratrooper Platoon (2nd),CH-53,22,22,Transport heli swap (CH-53),222ת,20x40
formation,Paratrooper Company,ת (Tav),S2c,Combat,3 of 3 mandatory,A,Paratrooper Platoon (3rd),GALIL,1,1,Galil rifle (M72 LAW) [Para],301ת,40x20
formation,Paratrooper Company,ת (Tav),S2c,Combat,3 of 3 mandatory,A,Paratrooper Platoon (3rd),GALIL,2,2,Galil rifle (M72 LAW) [Para],302ת,40x20
formation,Paratrooper Company,ת (Tav),S2c,Combat,3 of 3 mandatory,A,Paratrooper Platoon (3rd),GALIL,3,3,Galil rifle (M72 LAW) [Para],303ת,40x20
formation,Paratrooper Company,ת (Tav),S2c,Combat,3 of 3 mandatory,A,Paratrooper Platoon (3rd),GALIL,4,4,Galil rifle (M72 LAW) [Para],304ת,40x20
formation,Paratrooper Company,ת (Tav),S2c,Combat,3 of 3 mandatory,A,Paratrooper Platoon (3rd),FN MAG,5,5,FN MAG (M72 LAW) [Para],305ת,20x20
formation,Paratrooper Company,ת (Tav),S2c,Combat,3 of 3 mandatory,A,Paratrooper Platoon (3rd),FN MAG,6,6,FN MAG (M72 LAW) [Para],306ת,20x20
formation,Paratrooper Company,ת (Tav),S2c,Combat,3 of 3 mandatory,A,Paratrooper Platoon (3rd),FN MAG,7,7,FN MAG (M72 LAW) [Para],307ת,20x20
formation,Paratrooper Company,ת (Tav),S2c,Combat,3 of 3 mandatory,A,Paratrooper Platoon (3rd),RPG-7,8,8,RPG-7 (or B-300) [Para],308ת,20x20
formation,Paratrooper Company,ת (Tav),S2c,Combat,3 of 3 mandatory,A,Paratrooper Platoon (3rd),RPG-7,9,9,RPG-7 (or B-300) [Para],309ת,20x20
formation,Paratrooper Company,ת (Tav),S2c,Combat,3 of 3 mandatory,A,Paratrooper Platoon (3rd),RPG-7,10,10,RPG-7 (or B-300) [Para],310ת,20x20
formation,Paratrooper Company,ת (Tav),S2c,Combat,3 of 3 mandatory,A,Paratrooper Platoon (3rd),M47 DRAGON,11,11,M47 Dragon (or Dragon 2) [Para],311ת,20x20
formation,Paratrooper Company,ת (Tav),S2c,Combat,3 of 3 mandatory,A,Paratrooper Platoon (3rd),52MM,12,12,52mm mortar [Para],312ת,20x20
formation,Paratrooper Company,ת (Tav),S2c,Combat,3 of 3 mandatory,A,Paratrooper Platoon (3rd),ZELDA,13,13,Transport (M113) [Para],313ת,20x30
formation,Paratrooper Company,ת (Tav),S2c,Combat,3 of 3 mandatory,A,Paratrooper Platoon (3rd),ZELDA,14,14,Transport (M113) [Para],314ת,20x30
formation,Paratrooper Company,ת (Tav),S2c,Combat,3 of 3 mandatory,A,Paratrooper Platoon (3rd),ZELDA,15,15,Transport (M113) [Para],315ת,20x30
formation,Paratrooper Company,ת (Tav),S2c,Combat,3 of 3 mandatory,A,Paratrooper Platoon (3rd),ZELDA,16,16,Transport (M113) [Para],316ת,20x30
formation,Paratrooper Company,ת (Tav),S2c,Combat,3 of 3 mandatory,A,Paratrooper Platoon (3rd),UH-1,17,17,Transport (UH-1),317ת,20x40
formation,Paratrooper Company,ת (Tav),S2c,Combat,3 of 3 mandatory,A,Paratrooper Platoon (3rd),UH-1,18,18,Transport (UH-1),318ת,20x40
formation,Paratrooper Company,ת (Tav),S2c,Combat,3 of 3 mandatory,A,Paratrooper Platoon (3rd),UH-1,19,19,Transport (UH-1),319ת,20x40
formation,Paratrooper Company,ת (Tav),S2c,Combat,3 of 3 mandatory,A,Paratrooper Platoon (3rd),UH-1,20,20,Transport (UH-1),320ת,20x40
formation,Paratrooper Company,ת (Tav),S2c,Combat,3 of 3 mandatory,A,Paratrooper Platoon (3rd),CH-53,21,21,Transport heli swap (CH-53),321ת,20x40
formation,Paratrooper Company,ת (Tav),S2c,Combat,3 of 3 mandatory,A,Paratrooper Platoon (3rd),CH-53,22,22,Transport heli swap (CH-53),322ת,20x40
formation,Paratrooper Company,ת (Tav),S3,Tank attachment,0-1 (choice),A,Merkava 1 Tank Platoon,MERKAVA 1,1,1,Tank,401ת,20x40
formation,Paratrooper Company,ת (Tav),S3,Tank attachment,0-1 (choice),A,Merkava 1 Tank Platoon,MERKAVA 1,2,2,Tank,402ת,20x40
formation,Paratrooper Company,ת (Tav),S3,Tank attachment,0-1 (choice),A,Merkava 1 Tank Platoon,MERKAVA 1,3,3,Tank,403ת,20x40
formation,Paratrooper Company,ת (Tav),S3,Tank attachment,0-1 (choice),B,Merkava 2 Tank Platoon,MERKAVA 2,1,4,Tank,404ת,20x40
formation,Paratrooper Company,ת (Tav),S3,Tank attachment,0-1 (choice),B,Merkava 2 Tank Platoon,MERKAVA 2,2,5,Tank,405ת,20x40
formation,Paratrooper Company,ת (Tav),S3,Tank attachment,0-1 (choice),B,Merkava 2 Tank Platoon,MERKAVA 2,3,6,Tank,406ת,20x40
formation,Paratrooper Company,ת (Tav),S3,Tank attachment,0-1 (choice),C,Merkava 3 Tank Platoon,MERKAVA 3,1,7,Tank,407ת,20x40
formation,Paratrooper Company,ת (Tav),S3,Tank attachment,0-1 (choice),C,Merkava 3 Tank Platoon,MERKAVA 3,2,8,Tank,408ת,20x40
formation,Paratrooper Company,ת (Tav),S3,Tank attachment,0-1 (choice),C,Merkava 3 Tank Platoon,MERKAVA 3,3,9,Tank,409ת,20x40
formation,Paratrooper Company,ת (Tav),S3,Tank attachment,0-1 (choice),D,Magach 6 Tank Platoon,MAGACH 6,1,10,Tank,410ת,20x40
formation,Paratrooper Company,ת (Tav),S3,Tank attachment,0-1 (choice),D,Magach 6 Tank Platoon,MAGACH 6,2,11,Tank,411ת,20x40
formation,Paratrooper Company,ת (Tav),S3,Tank attachment,0-1 (choice),D,Magach 6 Tank Platoon,MAGACH 6,3,12,Tank,412ת,20x40
formation,Paratrooper Company,ת (Tav),S3,Tank attachment,0-1 (choice),E,Magach 6 (Blazer) Tank Platoon,MAGACH 6 BLAZER,1,13,Tank,413ת,20x40
formation,Paratrooper Company,ת (Tav),S3,Tank attachment,0-1 (choice),E,Magach 6 (Blazer) Tank Platoon,MAGACH 6 BLAZER,2,14,Tank,414ת,20x40
formation,Paratrooper Company,ת (Tav),S3,Tank attachment,0-1 (choice),E,Magach 6 (Blazer) Tank Platoon,MAGACH 6 BLAZER,3,15,Tank,415ת,20x40
formation,Paratrooper Company,ת (Tav),S3,Tank attachment,0-1 (choice),F,Sho't (Blazer) Tank Platoon,SHO'T BLAZER,1,16,Tank,416ת,20x40
formation,Paratrooper Company,ת (Tav),S3,Tank attachment,0-1 (choice),F,Sho't (Blazer) Tank Platoon,SHO'T BLAZER,2,17,Tank,417ת,20x40
formation,Paratrooper Company,ת (Tav),S3,Tank attachment,0-1 (choice),F,Sho't (Blazer) Tank Platoon,SHO'T BLAZER,3,18,Tank,418ת,20x40
formation,Paratrooper Company,ת (Tav),S4,Weapons,0-1,A,M125 81mm Mortar Platoon,M125,1,1,81mm mortar carrier,501ת,20x30
formation,Paratrooper Company,ת (Tav),S4,Weapons,0-1,A,M125 81mm Mortar Platoon,M125,2,2,81mm mortar carrier,502ת,20x30
formation,Paratrooper Company,ת (Tav),S4,Weapons,0-1,A,M125 81mm Mortar Platoon,M125,3,3,81mm mortar carrier,503ת,20x30
formation,Paratrooper Company,ת (Tav),S5,Weapons,0-1 (choice),A,Jeep Anti-tank Platoon,JEEP,1,1,Jeep ATGM (iTOW or MAPATS),601ת,20x30
formation,Paratrooper Company,ת (Tav),S5,Weapons,0-1 (choice),A,Jeep Anti-tank Platoon,JEEP,2,2,Jeep ATGM (iTOW or MAPATS),602ת,20x30
formation,Paratrooper Company,ת (Tav),S5,Weapons,0-1 (choice),A,Jeep Anti-tank Platoon,JEEP,3,3,Jeep ATGM (iTOW or MAPATS),603ת,20x30
formation,Paratrooper Company,ת (Tav),S5,Weapons,0-1 (choice),A,Jeep Anti-tank Platoon,JEEP,4,4,Jeep ATGM (iTOW or MAPATS),604ת,20x30
formation,Paratrooper Company,ת (Tav),S5,Weapons,0-1 (choice),B,Rabbi Anti-tank Platoon,RABBI,1,5,Rabbi ATGM (iTOW or MAPATS),605ת,20x30
formation,Paratrooper Company,ת (Tav),S5,Weapons,0-1 (choice),B,Rabbi Anti-tank Platoon,RABBI,2,6,Rabbi ATGM (iTOW or MAPATS),606ת,20x30
formation,Paratrooper Company,ת (Tav),S5,Weapons,0-1 (choice),B,Rabbi Anti-tank Platoon,RABBI,3,7,Rabbi ATGM (iTOW or MAPATS),607ת,20x30
formation,Paratrooper Company,ת (Tav),S5,Weapons,0-1 (choice),B,Rabbi Anti-tank Platoon,RABBI,4,8,Rabbi ATGM (iTOW or MAPATS),608ת,20x30
formation,Paratrooper Company,ת (Tav),S5,Weapons,0-1 (choice),B,Rabbi Anti-tank Platoon,UH-1,5,9,Transport heli,609ת,20x40
formation,Paratrooper Company,ת (Tav),S5,Weapons,0-1 (choice),B,Rabbi Anti-tank Platoon,UH-1,6,10,Transport heli,610ת,20x40
formation,Paratrooper Company,ת (Tav),S5,Weapons,0-1 (choice),C,M150 Anti-tank Platoon,M150,1,11,ATGM carrier (iTOW or MAPATS),611ת,20x30
formation,Paratrooper Company,ת (Tav),S5,Weapons,0-1 (choice),C,M150 Anti-tank Platoon,M150,2,12,ATGM carrier (iTOW or MAPATS),612ת,20x30
formation,Paratrooper Company,ך (Kaf-sofit),S1,HQ,1,A,Paratrooper Company HQ,GALIL,1,1,Galil HQ team [Para],001ך,20x20
formation,Paratrooper Company,ך (Kaf-sofit),S1,HQ,1,A,Paratrooper Company HQ,ZELDA,2,2,Transport (HQ M113),002ך,20x30
formation,Paratrooper Company,ך (Kaf-sofit),S1,HQ,1,A,Paratrooper Company HQ,UH-1,3,3,Transport (HQ UH-1),003ך,20x40
formation,Paratrooper Company,ך (Kaf-sofit),S2a,Combat,1 of 3 mandatory,A,Paratrooper Platoon (1st),GALIL,1,1,Galil rifle (M72 LAW) [Para],101ך,40x20
formation,Paratrooper Company,ך (Kaf-sofit),S2a,Combat,1 of 3 mandatory,A,Paratrooper Platoon (1st),GALIL,2,2,Galil rifle (M72 LAW) [Para],102ך,40x20
formation,Paratrooper Company,ך (Kaf-sofit),S2a,Combat,1 of 3 mandatory,A,Paratrooper Platoon (1st),GALIL,3,3,Galil rifle (M72 LAW) [Para],103ך,40x20
formation,Paratrooper Company,ך (Kaf-sofit),S2a,Combat,1 of 3 mandatory,A,Paratrooper Platoon (1st),GALIL,4,4,Galil rifle (M72 LAW) [Para],104ך,40x20
formation,Paratrooper Company,ך (Kaf-sofit),S2a,Combat,1 of 3 mandatory,A,Paratrooper Platoon (1st),FN MAG,5,5,FN MAG (M72 LAW) [Para],105ך,20x20
formation,Paratrooper Company,ך (Kaf-sofit),S2a,Combat,1 of 3 mandatory,A,Paratrooper Platoon (1st),FN MAG,6,6,FN MAG (M72 LAW) [Para],106ך,20x20
formation,Paratrooper Company,ך (Kaf-sofit),S2a,Combat,1 of 3 mandatory,A,Paratrooper Platoon (1st),FN MAG,7,7,FN MAG (M72 LAW) [Para],107ך,20x20
formation,Paratrooper Company,ך (Kaf-sofit),S2a,Combat,1 of 3 mandatory,A,Paratrooper Platoon (1st),RPG-7,8,8,RPG-7 (or B-300) [Para],108ך,20x20
formation,Paratrooper Company,ך (Kaf-sofit),S2a,Combat,1 of 3 mandatory,A,Paratrooper Platoon (1st),RPG-7,9,9,RPG-7 (or B-300) [Para],109ך,20x20
formation,Paratrooper Company,ך (Kaf-sofit),S2a,Combat,1 of 3 mandatory,A,Paratrooper Platoon (1st),RPG-7,10,10,RPG-7 (or B-300) [Para],110ך,20x20
formation,Paratrooper Company,ך (Kaf-sofit),S2a,Combat,1 of 3 mandatory,A,Paratrooper Platoon (1st),M47 DRAGON,11,11,M47 Dragon (or Dragon 2) [Para],111ך,20x20
formation,Paratrooper Company,ך (Kaf-sofit),S2a,Combat,1 of 3 mandatory,A,Paratrooper Platoon (1st),52MM,12,12,52mm mortar [Para],112ך,20x20
formation,Paratrooper Company,ך (Kaf-sofit),S2a,Combat,1 of 3 mandatory,A,Paratrooper Platoon (1st),ZELDA,13,13,Transport (M113) [Para],113ך,20x30
formation,Paratrooper Company,ך (Kaf-sofit),S2a,Combat,1 of 3 mandatory,A,Paratrooper Platoon (1st),ZELDA,14,14,Transport (M113) [Para],114ך,20x30
formation,Paratrooper Company,ך (Kaf-sofit),S2a,Combat,1 of 3 mandatory,A,Paratrooper Platoon (1st),ZELDA,15,15,Transport (M113) [Para],115ך,20x30
formation,Paratrooper Company,ך (Kaf-sofit),S2a,Combat,1 of 3 mandatory,A,Paratrooper Platoon (1st),ZELDA,16,16,Transport (M113) [Para],116ך,20x30
formation,Paratrooper Company,ך (Kaf-sofit),S2a,Combat,1 of 3 mandatory,A,Paratrooper Platoon (1st),UH-1,17,17,Transport (UH-1),117ך,20x40
formation,Paratrooper Company,ך (Kaf-sofit),S2a,Combat,1 of 3 mandatory,A,Paratrooper Platoon (1st),UH-1,18,18,Transport (UH-1),118ך,20x40
formation,Paratrooper Company,ך (Kaf-sofit),S2a,Combat,1 of 3 mandatory,A,Paratrooper Platoon (1st),UH-1,19,19,Transport (UH-1),119ך,20x40
formation,Paratrooper Company,ך (Kaf-sofit),S2a,Combat,1 of 3 mandatory,A,Paratrooper Platoon (1st),UH-1,20,20,Transport (UH-1),120ך,20x40
formation,Paratrooper Company,ך (Kaf-sofit),S2a,Combat,1 of 3 mandatory,A,Paratrooper Platoon (1st),CH-53,21,21,Transport heli swap (CH-53),121ך,20x40
formation,Paratrooper Company,ך (Kaf-sofit),S2a,Combat,1 of 3 mandatory,A,Paratrooper Platoon (1st),CH-53,22,22,Transport heli swap (CH-53),122ך,20x40
formation,Paratrooper Company,ך (Kaf-sofit),S2b,Combat,2 of 3 mandatory,A,Paratrooper Platoon (2nd),GALIL,1,1,Galil rifle (M72 LAW) [Para],201ך,40x20
formation,Paratrooper Company,ך (Kaf-sofit),S2b,Combat,2 of 3 mandatory,A,Paratrooper Platoon (2nd),GALIL,2,2,Galil rifle (M72 LAW) [Para],202ך,40x20
formation,Paratrooper Company,ך (Kaf-sofit),S2b,Combat,2 of 3 mandatory,A,Paratrooper Platoon (2nd),GALIL,3,3,Galil rifle (M72 LAW) [Para],203ך,40x20
formation,Paratrooper Company,ך (Kaf-sofit),S2b,Combat,2 of 3 mandatory,A,Paratrooper Platoon (2nd),GALIL,4,4,Galil rifle (M72 LAW) [Para],204ך,40x20
formation,Paratrooper Company,ך (Kaf-sofit),S2b,Combat,2 of 3 mandatory,A,Paratrooper Platoon (2nd),FN MAG,5,5,FN MAG (M72 LAW) [Para],205ך,20x20
formation,Paratrooper Company,ך (Kaf-sofit),S2b,Combat,2 of 3 mandatory,A,Paratrooper Platoon (2nd),FN MAG,6,6,FN MAG (M72 LAW) [Para],206ך,20x20
formation,Paratrooper Company,ך (Kaf-sofit),S2b,Combat,2 of 3 mandatory,A,Paratrooper Platoon (2nd),FN MAG,7,7,FN MAG (M72 LAW) [Para],207ך,20x20
formation,Paratrooper Company,ך (Kaf-sofit),S2b,Combat,2 of 3 mandatory,A,Paratrooper Platoon (2nd),RPG-7,8,8,RPG-7 (or B-300) [Para],208ך,20x20
formation,Paratrooper Company,ך (Kaf-sofit),S2b,Combat,2 of 3 mandatory,A,Paratrooper Platoon (2nd),RPG-7,9,9,RPG-7 (or B-300) [Para],209ך,20x20
formation,Paratrooper Company,ך (Kaf-sofit),S2b,Combat,2 of 3 mandatory,A,Paratrooper Platoon (2nd),RPG-7,10,10,RPG-7 (or B-300) [Para],210ך,20x20
formation,Paratrooper Company,ך (Kaf-sofit),S2b,Combat,2 of 3 mandatory,A,Paratrooper Platoon (2nd),M47 DRAGON,11,11,M47 Dragon (or Dragon 2) [Para],211ך,20x20
formation,Paratrooper Company,ך (Kaf-sofit),S2b,Combat,2 of 3 mandatory,A,Paratrooper Platoon (2nd),52MM,12,12,52mm mortar [Para],212ך,20x20
formation,Paratrooper Company,ך (Kaf-sofit),S2b,Combat,2 of 3 mandatory,A,Paratrooper Platoon (2nd),ZELDA,13,13,Transport (M113) [Para],213ך,20x30
formation,Paratrooper Company,ך (Kaf-sofit),S2b,Combat,2 of 3 mandatory,A,Paratrooper Platoon (2nd),ZELDA,14,14,Transport (M113) [Para],214ך,20x30
formation,Paratrooper Company,ך (Kaf-sofit),S2b,Combat,2 of 3 mandatory,A,Paratrooper Platoon (2nd),ZELDA,15,15,Transport (M113) [Para],215ך,20x30
formation,Paratrooper Company,ך (Kaf-sofit),S2b,Combat,2 of 3 mandatory,A,Paratrooper Platoon (2nd),ZELDA,16,16,Transport (M113) [Para],216ך,20x30
formation,Paratrooper Company,ך (Kaf-sofit),S2b,Combat,2 of 3 mandatory,A,Paratrooper Platoon (2nd),UH-1,17,17,Transport (UH-1),217ך,20x40
formation,Paratrooper Company,ך (Kaf-sofit),S2b,Combat,2 of 3 mandatory,A,Paratrooper Platoon (2nd),UH-1,18,18,Transport (UH-1),218ך,20x40
formation,Paratrooper Company,ך (Kaf-sofit),S2b,Combat,2 of 3 mandatory,A,Paratrooper Platoon (2nd),UH-1,19,19,Transport (UH-1),219ך,20x40
formation,Paratrooper Company,ך (Kaf-sofit),S2b,Combat,2 of 3 mandatory,A,Paratrooper Platoon (2nd),UH-1,20,20,Transport (UH-1),220ך,20x40
formation,Paratrooper Company,ך (Kaf-sofit),S2b,Combat,2 of 3 mandatory,A,Paratrooper Platoon (2nd),CH-53,21,21,Transport heli swap (CH-53),221ך,20x40
formation,Paratrooper Company,ך (Kaf-sofit),S2b,Combat,2 of 3 mandatory,A,Paratrooper Platoon (2nd),CH-53,22,22,Transport heli swap (CH-53),222ך,20x40
formation,Paratrooper Company,ך (Kaf-sofit),S2c,Combat,3 of 3 mandatory,A,Paratrooper Platoon (3rd),GALIL,1,1,Galil rifle (M72 LAW) [Para],301ך,40x20
formation,Paratrooper Company,ך (Kaf-sofit),S2c,Combat,3 of 3 mandatory,A,Paratrooper Platoon (3rd),GALIL,2,2,Galil rifle (M72 LAW) [Para],302ך,40x20
formation,Paratrooper Company,ך (Kaf-sofit),S2c,Combat,3 of 3 mandatory,A,Paratrooper Platoon (3rd),GALIL,3,3,Galil rifle (M72 LAW) [Para],303ך,40x20
formation,Paratrooper Company,ך (Kaf-sofit),S2c,Combat,3 of 3 mandatory,A,Paratrooper Platoon (3rd),GALIL,4,4,Galil rifle (M72 LAW) [Para],304ך,40x20
formation,Paratrooper Company,ך (Kaf-sofit),S2c,Combat,3 of 3 mandatory,A,Paratrooper Platoon (3rd),FN MAG,5,5,FN MAG (M72 LAW) [Para],305ך,20x20
formation,Paratrooper Company,ך (Kaf-sofit),S2c,Combat,3 of 3 mandatory,A,Paratrooper Platoon (3rd),FN MAG,6,6,FN MAG (M72 LAW) [Para],306ך,20x20
formation,Paratrooper Company,ך (Kaf-sofit),S2c,Combat,3 of 3 mandatory,A,Paratrooper Platoon (3rd),FN MAG,7,7,FN MAG (M72 LAW) [Para],307ך,20x20
formation,Paratrooper Company,ך (Kaf-sofit),S2c,Combat,3 of 3 mandatory,A,Paratrooper Platoon (3rd),RPG-7,8,8,RPG-7 (or B-300) [Para],308ך,20x20
formation,Paratrooper Company,ך (Kaf-sofit),S2c,Combat,3 of 3 mandatory,A,Paratrooper Platoon (3rd),RPG-7,9,9,RPG-7 (or B-300) [Para],309ך,20x20
formation,Paratrooper Company,ך (Kaf-sofit),S2c,Combat,3 of 3 mandatory,A,Paratrooper Platoon (3rd),RPG-7,10,10,RPG-7 (or B-300) [Para],310ך,20x20
formation,Paratrooper Company,ך (Kaf-sofit),S2c,Combat,3 of 3 mandatory,A,Paratrooper Platoon (3rd),M47 DRAGON,11,11,M47 Dragon (or Dragon 2) [Para],311ך,20x20
formation,Paratrooper Company,ך (Kaf-sofit),S2c,Combat,3 of 3 mandatory,A,Paratrooper Platoon (3rd),52MM,12,12,52mm mortar [Para],312ך,20x20
formation,Paratrooper Company,ך (Kaf-sofit),S2c,Combat,3 of 3 mandatory,A,Paratrooper Platoon (3rd),ZELDA,13,13,Transport (M113) [Para],313ך,20x30
formation,Paratrooper Company,ך (Kaf-sofit),S2c,Combat,3 of 3 mandatory,A,Paratrooper Platoon (3rd),ZELDA,14,14,Transport (M113) [Para],314ך,20x30
formation,Paratrooper Company,ך (Kaf-sofit),S2c,Combat,3 of 3 mandatory,A,Paratrooper Platoon (3rd),ZELDA,15,15,Transport (M113) [Para],315ך,20x30
formation,Paratrooper Company,ך (Kaf-sofit),S2c,Combat,3 of 3 mandatory,A,Paratrooper Platoon (3rd),ZELDA,16,16,Transport (M113) [Para],316ך,20x30
formation,Paratrooper Company,ך (Kaf-sofit),S2c,Combat,3 of 3 mandatory,A,Paratrooper Platoon (3rd),UH-1,17,17,Transport (UH-1),317ך,20x40
formation,Paratrooper Company,ך (Kaf-sofit),S2c,Combat,3 of 3 mandatory,A,Paratrooper Platoon (3rd),UH-1,18,18,Transport (UH-1),318ך,20x40
formation,Paratrooper Company,ך (Kaf-sofit),S2c,Combat,3 of 3 mandatory,A,Paratrooper Platoon (3rd),UH-1,19,19,Transport (UH-1),319ך,20x40
formation,Paratrooper Company,ך (Kaf-sofit),S2c,Combat,3 of 3 mandatory,A,Paratrooper Platoon (3rd),UH-1,20,20,Transport (UH-1),320ך,20x40
formation,Paratrooper Company,ך (Kaf-sofit),S2c,Combat,3 of 3 mandatory,A,Paratrooper Platoon (3rd),CH-53,21,21,Transport heli swap (CH-53),321ך,20x40
formation,Paratrooper Company,ך (Kaf-sofit),S2c,Combat,3 of 3 mandatory,A,Paratrooper Platoon (3rd),CH-53,22,22,Transport heli swap (CH-53),322ך,20x40
formation,Paratrooper Company,ך (Kaf-sofit),S3,Tank attachment,0-1 (choice),A,Merkava 1 Tank Platoon,MERKAVA 1,1,1,Tank,401ך,20x40
formation,Paratrooper Company,ך (Kaf-sofit),S3,Tank attachment,0-1 (choice),A,Merkava 1 Tank Platoon,MERKAVA 1,2,2,Tank,402ך,20x40
formation,Paratrooper Company,ך (Kaf-sofit),S3,Tank attachment,0-1 (choice),A,Merkava 1 Tank Platoon,MERKAVA 1,3,3,Tank,403ך,20x40
formation,Paratrooper Company,ך (Kaf-sofit),S3,Tank attachment,0-1 (choice),B,Merkava 2 Tank Platoon,MERKAVA 2,1,4,Tank,404ך,20x40
formation,Paratrooper Company,ך (Kaf-sofit),S3,Tank attachment,0-1 (choice),B,Merkava 2 Tank Platoon,MERKAVA 2,2,5,Tank,405ך,20x40
formation,Paratrooper Company,ך (Kaf-sofit),S3,Tank attachment,0-1 (choice),B,Merkava 2 Tank Platoon,MERKAVA 2,3,6,Tank,406ך,20x40
formation,Paratrooper Company,ך (Kaf-sofit),S3,Tank attachment,0-1 (choice),C,Merkava 3 Tank Platoon,MERKAVA 3,1,7,Tank,407ך,20x40
formation,Paratrooper Company,ך (Kaf-sofit),S3,Tank attachment,0-1 (choice),C,Merkava 3 Tank Platoon,MERKAVA 3,2,8,Tank,408ך,20x40
formation,Paratrooper Company,ך (Kaf-sofit),S3,Tank attachment,0-1 (choice),C,Merkava 3 Tank Platoon,MERKAVA 3,3,9,Tank,409ך,20x40
formation,Paratrooper Company,ך (Kaf-sofit),S3,Tank attachment,0-1 (choice),D,Magach 6 Tank Platoon,MAGACH 6,1,10,Tank,410ך,20x40
formation,Paratrooper Company,ך (Kaf-sofit),S3,Tank attachment,0-1 (choice),D,Magach 6 Tank Platoon,MAGACH 6,2,11,Tank,411ך,20x40
formation,Paratrooper Company,ך (Kaf-sofit),S3,Tank attachment,0-1 (choice),D,Magach 6 Tank Platoon,MAGACH 6,3,12,Tank,412ך,20x40
formation,Paratrooper Company,ך (Kaf-sofit),S3,Tank attachment,0-1 (choice),E,Magach 6 (Blazer) Tank Platoon,MAGACH 6 BLAZER,1,13,Tank,413ך,20x40
formation,Paratrooper Company,ך (Kaf-sofit),S3,Tank attachment,0-1 (choice),E,Magach 6 (Blazer) Tank Platoon,MAGACH 6 BLAZER,2,14,Tank,414ך,20x40
formation,Paratrooper Company,ך (Kaf-sofit),S3,Tank attachment,0-1 (choice),E,Magach 6 (Blazer) Tank Platoon,MAGACH 6 BLAZER,3,15,Tank,415ך,20x40
formation,Paratrooper Company,ך (Kaf-sofit),S3,Tank attachment,0-1 (choice),F,Sho't (Blazer) Tank Platoon,SHO'T BLAZER,1,16,Tank,416ך,20x40
formation,Paratrooper Company,ך (Kaf-sofit),S3,Tank attachment,0-1 (choice),F,Sho't (Blazer) Tank Platoon,SHO'T BLAZER,2,17,Tank,417ך,20x40
formation,Paratrooper Company,ך (Kaf-sofit),S3,Tank attachment,0-1 (choice),F,Sho't (Blazer) Tank Platoon,SHO'T BLAZER,3,18,Tank,418ך,20x40
formation,Paratrooper Company,ך (Kaf-sofit),S4,Weapons,0-1,A,M125 81mm Mortar Platoon,M125,1,1,81mm mortar carrier,501ך,20x30
formation,Paratrooper Company,ך (Kaf-sofit),S4,Weapons,0-1,A,M125 81mm Mortar Platoon,M125,2,2,81mm mortar carrier,502ך,20x30
formation,Paratrooper Company,ך (Kaf-sofit),S4,Weapons,0-1,A,M125 81mm Mortar Platoon,M125,3,3,81mm mortar carrier,503ך,20x30
formation,Paratrooper Company,ך (Kaf-sofit),S5,Weapons,0-1 (choice),A,Jeep Anti-tank Platoon,JEEP,1,1,Jeep ATGM (iTOW or MAPATS),601ך,20x30
formation,Paratrooper Company,ך (Kaf-sofit),S5,Weapons,0-1 (choice),A,Jeep Anti-tank Platoon,JEEP,2,2,Jeep ATGM (iTOW or MAPATS),602ך,20x30
formation,Paratrooper Company,ך (Kaf-sofit),S5,Weapons,0-1 (choice),A,Jeep Anti-tank Platoon,JEEP,3,3,Jeep ATGM (iTOW or MAPATS),603ך,20x30
formation,Paratrooper Company,ך (Kaf-sofit),S5,Weapons,0-1 (choice),A,Jeep Anti-tank Platoon,JEEP,4,4,Jeep ATGM (iTOW or MAPATS),604ך,20x30
formation,Paratrooper Company,ך (Kaf-sofit),S5,Weapons,0-1 (choice),B,Rabbi Anti-tank Platoon,RABBI,1,5,Rabbi ATGM (iTOW or MAPATS),605ך,20x30
formation,Paratrooper Company,ך (Kaf-sofit),S5,Weapons,0-1 (choice),B,Rabbi Anti-tank Platoon,RABBI,2,6,Rabbi ATGM (iTOW or MAPATS),606ך,20x30
formation,Paratrooper Company,ך (Kaf-sofit),S5,Weapons,0-1 (choice),B,Rabbi Anti-tank Platoon,RABBI,3,7,Rabbi ATGM (iTOW or MAPATS),607ך,20x30
formation,Paratrooper Company,ך (Kaf-sofit),S5,Weapons,0-1 (choice),B,Rabbi Anti-tank Platoon,RABBI,4,8,Rabbi ATGM (iTOW or MAPATS),608ך,20x30
formation,Paratrooper Company,ך (Kaf-sofit),S5,Weapons,0-1 (choice),B,Rabbi Anti-tank Platoon,UH-1,5,9,Transport heli,609ך,20x40
formation,Paratrooper Company,ך (Kaf-sofit),S5,Weapons,0-1 (choice),B,Rabbi Anti-tank Platoon,UH-1,6,10,Transport heli,610ך,20x40
formation,Paratrooper Company,ך (Kaf-sofit),S5,Weapons,0-1 (choice),C,M150 Anti-tank Platoon,M150,1,11,ATGM carrier (iTOW or MAPATS),611ך,20x30
formation,Paratrooper Company,ך (Kaf-sofit),S5,Weapons,0-1 (choice),C,M150 Anti-tank Platoon,M150,2,12,ATGM carrier (iTOW or MAPATS),612ך,20x30
formation,Paratrooper Company,ם (Mem-sofit),S1,HQ,1,A,Paratrooper Company HQ,GALIL,1,1,Galil HQ team [Para],001ם,20x20
formation,Paratrooper Company,ם (Mem-sofit),S1,HQ,1,A,Paratrooper Company HQ,ZELDA,2,2,Transport (HQ M113),002ם,20x30
formation,Paratrooper Company,ם (Mem-sofit),S1,HQ,1,A,Paratrooper Company HQ,UH-1,3,3,Transport (HQ UH-1),003ם,20x40
formation,Paratrooper Company,ם (Mem-sofit),S2a,Combat,1 of 3 mandatory,A,Paratrooper Platoon (1st),GALIL,1,1,Galil rifle (M72 LAW) [Para],101ם,40x20
formation,Paratrooper Company,ם (Mem-sofit),S2a,Combat,1 of 3 mandatory,A,Paratrooper Platoon (1st),GALIL,2,2,Galil rifle (M72 LAW) [Para],102ם,40x20
formation,Paratrooper Company,ם (Mem-sofit),S2a,Combat,1 of 3 mandatory,A,Paratrooper Platoon (1st),GALIL,3,3,Galil rifle (M72 LAW) [Para],103ם,40x20
formation,Paratrooper Company,ם (Mem-sofit),S2a,Combat,1 of 3 mandatory,A,Paratrooper Platoon (1st),GALIL,4,4,Galil rifle (M72 LAW) [Para],104ם,40x20
formation,Paratrooper Company,ם (Mem-sofit),S2a,Combat,1 of 3 mandatory,A,Paratrooper Platoon (1st),FN MAG,5,5,FN MAG (M72 LAW) [Para],105ם,20x20
formation,Paratrooper Company,ם (Mem-sofit),S2a,Combat,1 of 3 mandatory,A,Paratrooper Platoon (1st),FN MAG,6,6,FN MAG (M72 LAW) [Para],106ם,20x20
formation,Paratrooper Company,ם (Mem-sofit),S2a,Combat,1 of 3 mandatory,A,Paratrooper Platoon (1st),FN MAG,7,7,FN MAG (M72 LAW) [Para],107ם,20x20
formation,Paratrooper Company,ם (Mem-sofit),S2a,Combat,1 of 3 mandatory,A,Paratrooper Platoon (1st),RPG-7,8,8,RPG-7 (or B-300) [Para],108ם,20x20
formation,Paratrooper Company,ם (Mem-sofit),S2a,Combat,1 of 3 mandatory,A,Paratrooper Platoon (1st),RPG-7,9,9,RPG-7 (or B-300) [Para],109ם,20x20
formation,Paratrooper Company,ם (Mem-sofit),S2a,Combat,1 of 3 mandatory,A,Paratrooper Platoon (1st),RPG-7,10,10,RPG-7 (or B-300) [Para],110ם,20x20
formation,Paratrooper Company,ם (Mem-sofit),S2a,Combat,1 of 3 mandatory,A,Paratrooper Platoon (1st),M47 DRAGON,11,11,M47 Dragon (or Dragon 2) [Para],111ם,20x20
formation,Paratrooper Company,ם (Mem-sofit),S2a,Combat,1 of 3 mandatory,A,Paratrooper Platoon (1st),52MM,12,12,52mm mortar [Para],112ם,20x20
formation,Paratrooper Company,ם (Mem-sofit),S2a,Combat,1 of 3 mandatory,A,Paratrooper Platoon (1st),ZELDA,13,13,Transport (M113) [Para],113ם,20x30
formation,Paratrooper Company,ם (Mem-sofit),S2a,Combat,1 of 3 mandatory,A,Paratrooper Platoon (1st),ZELDA,14,14,Transport (M113) [Para],114ם,20x30
formation,Paratrooper Company,ם (Mem-sofit),S2a,Combat,1 of 3 mandatory,A,Paratrooper Platoon (1st),ZELDA,15,15,Transport (M113) [Para],115ם,20x30
formation,Paratrooper Company,ם (Mem-sofit),S2a,Combat,1 of 3 mandatory,A,Paratrooper Platoon (1st),ZELDA,16,16,Transport (M113) [Para],116ם,20x30
formation,Paratrooper Company,ם (Mem-sofit),S2a,Combat,1 of 3 mandatory,A,Paratrooper Platoon (1st),UH-1,17,17,Transport (UH-1),117ם,20x40
formation,Paratrooper Company,ם (Mem-sofit),S2a,Combat,1 of 3 mandatory,A,Paratrooper Platoon (1st),UH-1,18,18,Transport (UH-1),118ם,20x40
formation,Paratrooper Company,ם (Mem-sofit),S2a,Combat,1 of 3 mandatory,A,Paratrooper Platoon (1st),UH-1,19,19,Transport (UH-1),119ם,20x40
formation,Paratrooper Company,ם (Mem-sofit),S2a,Combat,1 of 3 mandatory,A,Paratrooper Platoon (1st),UH-1,20,20,Transport (UH-1),120ם,20x40
formation,Paratrooper Company,ם (Mem-sofit),S2a,Combat,1 of 3 mandatory,A,Paratrooper Platoon (1st),CH-53,21,21,Transport heli swap (CH-53),121ם,20x40
formation,Paratrooper Company,ם (Mem-sofit),S2a,Combat,1 of 3 mandatory,A,Paratrooper Platoon (1st),CH-53,22,22,Transport heli swap (CH-53),122ם,20x40
formation,Paratrooper Company,ם (Mem-sofit),S2b,Combat,2 of 3 mandatory,A,Paratrooper Platoon (2nd),GALIL,1,1,Galil rifle (M72 LAW) [Para],201ם,40x20
formation,Paratrooper Company,ם (Mem-sofit),S2b,Combat,2 of 3 mandatory,A,Paratrooper Platoon (2nd),GALIL,2,2,Galil rifle (M72 LAW) [Para],202ם,40x20
formation,Paratrooper Company,ם (Mem-sofit),S2b,Combat,2 of 3 mandatory,A,Paratrooper Platoon (2nd),GALIL,3,3,Galil rifle (M72 LAW) [Para],203ם,40x20
formation,Paratrooper Company,ם (Mem-sofit),S2b,Combat,2 of 3 mandatory,A,Paratrooper Platoon (2nd),GALIL,4,4,Galil rifle (M72 LAW) [Para],204ם,40x20
formation,Paratrooper Company,ם (Mem-sofit),S2b,Combat,2 of 3 mandatory,A,Paratrooper Platoon (2nd),FN MAG,5,5,FN MAG (M72 LAW) [Para],205ם,20x20
formation,Paratrooper Company,ם (Mem-sofit),S2b,Combat,2 of 3 mandatory,A,Paratrooper Platoon (2nd),FN MAG,6,6,FN MAG (M72 LAW) [Para],206ם,20x20
formation,Paratrooper Company,ם (Mem-sofit),S2b,Combat,2 of 3 mandatory,A,Paratrooper Platoon (2nd),FN MAG,7,7,FN MAG (M72 LAW) [Para],207ם,20x20
formation,Paratrooper Company,ם (Mem-sofit),S2b,Combat,2 of 3 mandatory,A,Paratrooper Platoon (2nd),RPG-7,8,8,RPG-7 (or B-300) [Para],208ם,20x20
formation,Paratrooper Company,ם (Mem-sofit),S2b,Combat,2 of 3 mandatory,A,Paratrooper Platoon (2nd),RPG-7,9,9,RPG-7 (or B-300) [Para],209ם,20x20
formation,Paratrooper Company,ם (Mem-sofit),S2b,Combat,2 of 3 mandatory,A,Paratrooper Platoon (2nd),RPG-7,10,10,RPG-7 (or B-300) [Para],210ם,20x20
formation,Paratrooper Company,ם (Mem-sofit),S2b,Combat,2 of 3 mandatory,A,Paratrooper Platoon (2nd),M47 DRAGON,11,11,M47 Dragon (or Dragon 2) [Para],211ם,20x20
formation,Paratrooper Company,ם (Mem-sofit),S2b,Combat,2 of 3 mandatory,A,Paratrooper Platoon (2nd),52MM,12,12,52mm mortar [Para],212ם,20x20
formation,Paratrooper Company,ם (Mem-sofit),S2b,Combat,2 of 3 mandatory,A,Paratrooper Platoon (2nd),ZELDA,13,13,Transport (M113) [Para],213ם,20x30
formation,Paratrooper Company,ם (Mem-sofit),S2b,Combat,2 of 3 mandatory,A,Paratrooper Platoon (2nd),ZELDA,14,14,Transport (M113) [Para],214ם,20x30
formation,Paratrooper Company,ם (Mem-sofit),S2b,Combat,2 of 3 mandatory,A,Paratrooper Platoon (2nd),ZELDA,15,15,Transport (M113) [Para],215ם,20x30
formation,Paratrooper Company,ם (Mem-sofit),S2b,Combat,2 of 3 mandatory,A,Paratrooper Platoon (2nd),ZELDA,16,16,Transport (M113) [Para],216ם,20x30
formation,Paratrooper Company,ם (Mem-sofit),S2b,Combat,2 of 3 mandatory,A,Paratrooper Platoon (2nd),UH-1,17,17,Transport (UH-1),217ם,20x40
formation,Paratrooper Company,ם (Mem-sofit),S2b,Combat,2 of 3 mandatory,A,Paratrooper Platoon (2nd),UH-1,18,18,Transport (UH-1),218ם,20x40
formation,Paratrooper Company,ם (Mem-sofit),S2b,Combat,2 of 3 mandatory,A,Paratrooper Platoon (2nd),UH-1,19,19,Transport (UH-1),219ם,20x40
formation,Paratrooper Company,ם (Mem-sofit),S2b,Combat,2 of 3 mandatory,A,Paratrooper Platoon (2nd),UH-1,20,20,Transport (UH-1),220ם,20x40
formation,Paratrooper Company,ם (Mem-sofit),S2b,Combat,2 of 3 mandatory,A,Paratrooper Platoon (2nd),CH-53,21,21,Transport heli swap (CH-53),221ם,20x40
formation,Paratrooper Company,ם (Mem-sofit),S2b,Combat,2 of 3 mandatory,A,Paratrooper Platoon (2nd),CH-53,22,22,Transport heli swap (CH-53),222ם,20x40
formation,Paratrooper Company,ם (Mem-sofit),S2c,Combat,3 of 3 mandatory,A,Paratrooper Platoon (3rd),GALIL,1,1,Galil rifle (M72 LAW) [Para],301ם,40x20
formation,Paratrooper Company,ם (Mem-sofit),S2c,Combat,3 of 3 mandatory,A,Paratrooper Platoon (3rd),GALIL,2,2,Galil rifle (M72 LAW) [Para],302ם,40x20
formation,Paratrooper Company,ם (Mem-sofit),S2c,Combat,3 of 3 mandatory,A,Paratrooper Platoon (3rd),GALIL,3,3,Galil rifle (M72 LAW) [Para],303ם,40x20
formation,Paratrooper Company,ם (Mem-sofit),S2c,Combat,3 of 3 mandatory,A,Paratrooper Platoon (3rd),GALIL,4,4,Galil rifle (M72 LAW) [Para],304ם,40x20
formation,Paratrooper Company,ם (Mem-sofit),S2c,Combat,3 of 3 mandatory,A,Paratrooper Platoon (3rd),FN MAG,5,5,FN MAG (M72 LAW) [Para],305ם,20x20
formation,Paratrooper Company,ם (Mem-sofit),S2c,Combat,3 of 3 mandatory,A,Paratrooper Platoon (3rd),FN MAG,6,6,FN MAG (M72 LAW) [Para],306ם,20x20
formation,Paratrooper Company,ם (Mem-sofit),S2c,Combat,3 of 3 mandatory,A,Paratrooper Platoon (3rd),FN MAG,7,7,FN MAG (M72 LAW) [Para],307ם,20x20
formation,Paratrooper Company,ם (Mem-sofit),S2c,Combat,3 of 3 mandatory,A,Paratrooper Platoon (3rd),RPG-7,8,8,RPG-7 (or B-300) [Para],308ם,20x20
formation,Paratrooper Company,ם (Mem-sofit),S2c,Combat,3 of 3 mandatory,A,Paratrooper Platoon (3rd),RPG-7,9,9,RPG-7 (or B-300) [Para],309ם,20x20
formation,Paratrooper Company,ם (Mem-sofit),S2c,Combat,3 of 3 mandatory,A,Paratrooper Platoon (3rd),RPG-7,10,10,RPG-7 (or B-300) [Para],310ם,20x20
formation,Paratrooper Company,ם (Mem-sofit),S2c,Combat,3 of 3 mandatory,A,Paratrooper Platoon (3rd),M47 DRAGON,11,11,M47 Dragon (or Dragon 2) [Para],311ם,20x20
formation,Paratrooper Company,ם (Mem-sofit),S2c,Combat,3 of 3 mandatory,A,Paratrooper Platoon (3rd),52MM,12,12,52mm mortar [Para],312ם,20x20
formation,Paratrooper Company,ם (Mem-sofit),S2c,Combat,3 of 3 mandatory,A,Paratrooper Platoon (3rd),ZELDA,13,13,Transport (M113) [Para],313ם,20x30
formation,Paratrooper Company,ם (Mem-sofit),S2c,Combat,3 of 3 mandatory,A,Paratrooper Platoon (3rd),ZELDA,14,14,Transport (M113) [Para],314ם,20x30
formation,Paratrooper Company,ם (Mem-sofit),S2c,Combat,3 of 3 mandatory,A,Paratrooper Platoon (3rd),ZELDA,15,15,Transport (M113) [Para],315ם,20x30
formation,Paratrooper Company,ם (Mem-sofit),S2c,Combat,3 of 3 mandatory,A,Paratrooper Platoon (3rd),ZELDA,16,16,Transport (M113) [Para],316ם,20x30
formation,Paratrooper Company,ם (Mem-sofit),S2c,Combat,3 of 3 mandatory,A,Paratrooper Platoon (3rd),UH-1,17,17,Transport (UH-1),317ם,20x40
formation,Paratrooper Company,ם (Mem-sofit),S2c,Combat,3 of 3 mandatory,A,Paratrooper Platoon (3rd),UH-1,18,18,Transport (UH-1),318ם,20x40
formation,Paratrooper Company,ם (Mem-sofit),S2c,Combat,3 of 3 mandatory,A,Paratrooper Platoon (3rd),UH-1,19,19,Transport (UH-1),319ם,20x40
formation,Paratrooper Company,ם (Mem-sofit),S2c,Combat,3 of 3 mandatory,A,Paratrooper Platoon (3rd),UH-1,20,20,Transport (UH-1),320ם,20x40
formation,Paratrooper Company,ם (Mem-sofit),S2c,Combat,3 of 3 mandatory,A,Paratrooper Platoon (3rd),CH-53,21,21,Transport heli swap (CH-53),321ם,20x40
formation,Paratrooper Company,ם (Mem-sofit),S2c,Combat,3 of 3 mandatory,A,Paratrooper Platoon (3rd),CH-53,22,22,Transport heli swap (CH-53),322ם,20x40
formation,Paratrooper Company,ם (Mem-sofit),S3,Tank attachment,0-1 (choice),A,Merkava 1 Tank Platoon,MERKAVA 1,1,1,Tank,401ם,20x40
formation,Paratrooper Company,ם (Mem-sofit),S3,Tank attachment,0-1 (choice),A,Merkava 1 Tank Platoon,MERKAVA 1,2,2,Tank,402ם,20x40
formation,Paratrooper Company,ם (Mem-sofit),S3,Tank attachment,0-1 (choice),A,Merkava 1 Tank Platoon,MERKAVA 1,3,3,Tank,403ם,20x40
formation,Paratrooper Company,ם (Mem-sofit),S3,Tank attachment,0-1 (choice),B,Merkava 2 Tank Platoon,MERKAVA 2,1,4,Tank,404ם,20x40
formation,Paratrooper Company,ם (Mem-sofit),S3,Tank attachment,0-1 (choice),B,Merkava 2 Tank Platoon,MERKAVA 2,2,5,Tank,405ם,20x40
formation,Paratrooper Company,ם (Mem-sofit),S3,Tank attachment,0-1 (choice),B,Merkava 2 Tank Platoon,MERKAVA 2,3,6,Tank,406ם,20x40
formation,Paratrooper Company,ם (Mem-sofit),S3,Tank attachment,0-1 (choice),C,Merkava 3 Tank Platoon,MERKAVA 3,1,7,Tank,407ם,20x40
formation,Paratrooper Company,ם (Mem-sofit),S3,Tank attachment,0-1 (choice),C,Merkava 3 Tank Platoon,MERKAVA 3,2,8,Tank,408ם,20x40
formation,Paratrooper Company,ם (Mem-sofit),S3,Tank attachment,0-1 (choice),C,Merkava 3 Tank Platoon,MERKAVA 3,3,9,Tank,409ם,20x40
formation,Paratrooper Company,ם (Mem-sofit),S3,Tank attachment,0-1 (choice),D,Magach 6 Tank Platoon,MAGACH 6,1,10,Tank,410ם,20x40
formation,Paratrooper Company,ם (Mem-sofit),S3,Tank attachment,0-1 (choice),D,Magach 6 Tank Platoon,MAGACH 6,2,11,Tank,411ם,20x40
formation,Paratrooper Company,ם (Mem-sofit),S3,Tank attachment,0-1 (choice),D,Magach 6 Tank Platoon,MAGACH 6,3,12,Tank,412ם,20x40
formation,Paratrooper Company,ם (Mem-sofit),S3,Tank attachment,0-1 (choice),E,Magach 6 (Blazer) Tank Platoon,MAGACH 6 BLAZER,1,13,Tank,413ם,20x40
formation,Paratrooper Company,ם (Mem-sofit),S3,Tank attachment,0-1 (choice),E,Magach 6 (Blazer) Tank Platoon,MAGACH 6 BLAZER,2,14,Tank,414ם,20x40
formation,Paratrooper Company,ם (Mem-sofit),S3,Tank attachment,0-1 (choice),E,Magach 6 (Blazer) Tank Platoon,MAGACH 6 BLAZER,3,15,Tank,415ם,20x40
formation,Paratrooper Company,ם (Mem-sofit),S3,Tank attachment,0-1 (choice),F,Sho't (Blazer) Tank Platoon,SHO'T BLAZER,1,16,Tank,416ם,20x40
formation,Paratrooper Company,ם (Mem-sofit),S3,Tank attachment,0-1 (choice),F,Sho't (Blazer) Tank Platoon,SHO'T BLAZER,2,17,Tank,417ם,20x40
formation,Paratrooper Company,ם (Mem-sofit),S3,Tank attachment,0-1 (choice),F,Sho't (Blazer) Tank Platoon,SHO'T BLAZER,3,18,Tank,418ם,20x40
formation,Paratrooper Company,ם (Mem-sofit),S4,Weapons,0-1,A,M125 81mm Mortar Platoon,M125,1,1,81mm mortar carrier,501ם,20x30
formation,Paratrooper Company,ם (Mem-sofit),S4,Weapons,0-1,A,M125 81mm Mortar Platoon,M125,2,2,81mm mortar carrier,502ם,20x30
formation,Paratrooper Company,ם (Mem-sofit),S4,Weapons,0-1,A,M125 81mm Mortar Platoon,M125,3,3,81mm mortar carrier,503ם,20x30
formation,Paratrooper Company,ם (Mem-sofit),S5,Weapons,0-1 (choice),A,Jeep Anti-tank Platoon,JEEP,1,1,Jeep ATGM (iTOW or MAPATS),601ם,20x30
formation,Paratrooper Company,ם (Mem-sofit),S5,Weapons,0-1 (choice),A,Jeep Anti-tank Platoon,JEEP,2,2,Jeep ATGM (iTOW or MAPATS),602ם,20x30
formation,Paratrooper Company,ם (Mem-sofit),S5,Weapons,0-1 (choice),A,Jeep Anti-tank Platoon,JEEP,3,3,Jeep ATGM (iTOW or MAPATS),603ם,20x30
formation,Paratrooper Company,ם (Mem-sofit),S5,Weapons,0-1 (choice),A,Jeep Anti-tank Platoon,JEEP,4,4,Jeep ATGM (iTOW or MAPATS),604ם,20x30
formation,Paratrooper Company,ם (Mem-sofit),S5,Weapons,0-1 (choice),B,Rabbi Anti-tank Platoon,RABBI,1,5,Rabbi ATGM (iTOW or MAPATS),605ם,20x30
formation,Paratrooper Company,ם (Mem-sofit),S5,Weapons,0-1 (choice),B,Rabbi Anti-tank Platoon,RABBI,2,6,Rabbi ATGM (iTOW or MAPATS),606ם,20x30
formation,Paratrooper Company,ם (Mem-sofit),S5,Weapons,0-1 (choice),B,Rabbi Anti-tank Platoon,RABBI,3,7,Rabbi ATGM (iTOW or MAPATS),607ם,20x30
formation,Paratrooper Company,ם (Mem-sofit),S5,Weapons,0-1 (choice),B,Rabbi Anti-tank Platoon,RABBI,4,8,Rabbi ATGM (iTOW or MAPATS),608ם,20x30
formation,Paratrooper Company,ם (Mem-sofit),S5,Weapons,0-1 (choice),B,Rabbi Anti-tank Platoon,UH-1,5,9,Transport heli,609ם,20x40
formation,Paratrooper Company,ם (Mem-sofit),S5,Weapons,0-1 (choice),B,Rabbi Anti-tank Platoon,UH-1,6,10,Transport heli,610ם,20x40
formation,Paratrooper Company,ם (Mem-sofit),S5,Weapons,0-1 (choice),C,M150 Anti-tank Platoon,M150,1,11,ATGM carrier (iTOW or MAPATS),611ם,20x30
formation,Paratrooper Company,ם (Mem-sofit),S5,Weapons,0-1 (choice),C,M150 Anti-tank Platoon,M150,2,12,ATGM carrier (iTOW or MAPATS),612ם,20x30
support_pool,Support Pool — Ground,ן (Nun-sofit),G1,Support — Artillery,1,A,M109 SP Artillery Battery,M109,1,1,155mm SP gun,001ן,20x30
support_pool,Support Pool — Ground,ן (Nun-sofit),G1,Support — Artillery,1,A,M109 SP Artillery Battery,M109,2,2,155mm SP gun,002ן,20x30
support_pool,Support Pool — Ground,ן (Nun-sofit),G1,Support — Artillery,1,A,M109 SP Artillery Battery,M109,3,3,155mm SP gun,003ן,20x30
support_pool,Support Pool — Ground,ן (Nun-sofit),G1,Support — Artillery,1,A,M109 SP Artillery Battery,M109,4,4,155mm SP gun,004ן,20x30
support_pool,Support Pool — Ground,ן (Nun-sofit),G1,Support — Artillery,1,A,M109 SP Artillery Battery,M109,5,5,155mm SP gun,005ן,20x30
support_pool,Support Pool — Ground,ן (Nun-sofit),G1,Support — Artillery,1,A,M109 SP Artillery Battery,M109,6,6,155mm SP gun,006ן,20x30
support_pool,Support Pool — Ground,ן (Nun-sofit),G2,Support — Artillery,1 (choice),A,M106 120mm Mortar Battery,M106,1,1,120mm mortar carrier,101ן,20x30
support_pool,Support Pool — Ground,ן (Nun-sofit),G2,Support — Artillery,1 (choice),A,M106 120mm Mortar Battery,M106,2,2,120mm mortar carrier,102ן,20x30
support_pool,Support Pool — Ground,ן (Nun-sofit),G2,Support — Artillery,1 (choice),A,M106 120mm Mortar Battery,M106,3,3,120mm mortar carrier,103ן,20x30
support_pool,Support Pool — Ground,ן (Nun-sofit),G2,Support — Artillery,1 (choice),A,M106 120mm Mortar Battery,M106,4,4,120mm mortar carrier,104ן,20x30
support_pool,Support Pool — Ground,ן (Nun-sofit),G2,Support — Artillery,1 (choice),B,Second M109 SP Artillery Battery,M109,1,5,155mm SP gun,105ן,20x30
support_pool,Support Pool — Ground,ן (Nun-sofit),G2,Support — Artillery,1 (choice),B,Second M109 SP Artillery Battery,M109,2,6,155mm SP gun,106ן,20x30
support_pool,Support Pool — Ground,ן (Nun-sofit),G2,Support — Artillery,1 (choice),B,Second M109 SP Artillery Battery,M109,3,7,155mm SP gun,107ן,20x30
support_pool,Support Pool — Ground,ן (Nun-sofit),G2,Support — Artillery,1 (choice),B,Second M109 SP Artillery Battery,M109,4,8,155mm SP gun,108ן,20x30
support_pool,Support Pool — Ground,ן (Nun-sofit),G2,Support — Artillery,1 (choice),B,Second M109 SP Artillery Battery,M109,5,9,155mm SP gun,109ן,20x30
support_pool,Support Pool — Ground,ן (Nun-sofit),G2,Support — Artillery,1 (choice),B,Second M109 SP Artillery Battery,M109,6,10,155mm SP gun,110ן,20x30
support_pool,Support Pool — Ground,ן (Nun-sofit),G3,Support — Rockets,1 (choice),A,M270 MLRS SP Rocket Battery,MLRS,1,1,MLRS (Minelets opt.),201ן,20x30
support_pool,Support Pool — Ground,ן (Nun-sofit),G3,Support — Rockets,1 (choice),A,M270 MLRS SP Rocket Battery,MLRS,2,2,MLRS (Minelets opt.),202ן,20x30
support_pool,Support Pool — Ground,ן (Nun-sofit),G3,Support — Rockets,1 (choice),A,M270 MLRS SP Rocket Battery,MLRS,3,3,MLRS (Minelets opt.),203ן,20x30
support_pool,Support Pool — Ground,ן (Nun-sofit),G3,Support — Rockets,1 (choice),A,M270 MLRS SP Rocket Battery,MLRS,4,4,MLRS (Minelets opt.),204ן,20x30
support_pool,Support Pool — Ground,ן (Nun-sofit),G3,Support — Rockets,1 (choice),A,M270 MLRS SP Rocket Battery,MLRS,5,5,MLRS (Minelets opt.),205ן,20x30
support_pool,Support Pool — Ground,ן (Nun-sofit),G3,Support — Rockets,1 (choice),A,M270 MLRS SP Rocket Battery,MLRS,6,6,MLRS (Minelets opt.),206ן,20x30
support_pool,Support Pool — Ground,ן (Nun-sofit),G3,Support — Rockets,1 (choice),B,BM-21 Hail SP Rocket Battery,BM-21,1,7,BM-21,207ן,20x30
support_pool,Support Pool — Ground,ן (Nun-sofit),G3,Support — Rockets,1 (choice),B,BM-21 Hail SP Rocket Battery,BM-21,2,8,BM-21,208ן,20x30
support_pool,Support Pool — Ground,ן (Nun-sofit),G3,Support — Rockets,1 (choice),B,BM-21 Hail SP Rocket Battery,BM-21,3,9,BM-21,209ן,20x30
support_pool,Support Pool — Ground,ן (Nun-sofit),G3,Support — Rockets,1 (choice),B,BM-21 Hail SP Rocket Battery,BM-21,4,10,BM-21,210ן,20x30
support_pool,Support Pool — Ground,ן (Nun-sofit),G3,Support — Rockets,1 (choice),B,BM-21 Hail SP Rocket Battery,BM-21,5,11,BM-21,211ן,20x30
support_pool,Support Pool — Ground,ן (Nun-sofit),G3,Support — Rockets,1 (choice),B,BM-21 Hail SP Rocket Battery,BM-21,6,12,BM-21,212ן,20x30
support_pool,Support Pool — Ground,ן (Nun-sofit),G4,Support — Observer,1 (req. battery),A,M113 OP Artillery Observer,M113 OP,1,1,Artillery observer,301ן,20x20
support_pool,Support Pool — Ground,ן (Nun-sofit),G5,Support — Anti-tank,1,A,Pereh Anti-tank Platoon,PEREH,1,1,Pereh (Tammuz/Tammuz 2),401ן,20x30
support_pool,Support Pool — Ground,ן (Nun-sofit),G5,Support — Anti-tank,1,A,Pereh Anti-tank Platoon,PEREH,2,2,Pereh (Tammuz/Tammuz 2),402ן,20x30
support_pool,Support Pool — Ground,ן (Nun-sofit),G5,Support — Anti-tank,1,A,Pereh Anti-tank Platoon,PEREH,3,3,Pereh (Tammuz/Tammuz 2),403ן,20x30
support_pool,Support Pool — Ground,ן (Nun-sofit),G6,Support — Anti-tank,1 (choice),A,Jeep Anti-tank Platoon,JEEP,1,1,Jeep ATGM,501ן,20x30
support_pool,Support Pool — Ground,ן (Nun-sofit),G6,Support — Anti-tank,1 (choice),A,Jeep Anti-tank Platoon,JEEP,2,2,Jeep ATGM,502ן,20x30
support_pool,Support Pool — Ground,ן (Nun-sofit),G6,Support — Anti-tank,1 (choice),A,Jeep Anti-tank Platoon,JEEP,3,3,Jeep ATGM,503ן,20x30
support_pool,Support Pool — Ground,ן (Nun-sofit),G6,Support — Anti-tank,1 (choice),A,Jeep Anti-tank Platoon,JEEP,4,4,Jeep ATGM,504ן,20x30
support_pool,Support Pool — Ground,ן (Nun-sofit),G6,Support — Anti-tank,1 (choice),B,Rabbi Anti-tank Platoon,RABBI,1,5,Rabbi ATGM,505ן,20x30
support_pool,Support Pool — Ground,ן (Nun-sofit),G6,Support — Anti-tank,1 (choice),B,Rabbi Anti-tank Platoon,RABBI,2,6,Rabbi ATGM,506ן,20x30
support_pool,Support Pool — Ground,ן (Nun-sofit),G6,Support — Anti-tank,1 (choice),B,Rabbi Anti-tank Platoon,RABBI,3,7,Rabbi ATGM,507ן,20x30
support_pool,Support Pool — Ground,ן (Nun-sofit),G6,Support — Anti-tank,1 (choice),B,Rabbi Anti-tank Platoon,RABBI,4,8,Rabbi ATGM,508ן,20x30
support_pool,Support Pool — Ground,ן (Nun-sofit),G6,Support — Anti-tank,1 (choice),B,Rabbi Anti-tank Platoon,UH-1,5,9,Transport heli,509ן,20x40
support_pool,Support Pool — Ground,ן (Nun-sofit),G6,Support — Anti-tank,1 (choice),B,Rabbi Anti-tank Platoon,UH-1,6,10,Transport heli,510ן,20x40
support_pool,Support Pool — Ground,ן (Nun-sofit),G7,Support — Recce,1 (choice),A,Jeep Recce Platoon,JEEP,1,1,Recce,601ן,20x30
support_pool,Support Pool — Ground,ן (Nun-sofit),G7,Support — Recce,1 (choice),A,Jeep Recce Platoon,JEEP,2,2,Recce,602ן,20x30
support_pool,Support Pool — Ground,ן (Nun-sofit),G7,Support — Recce,1 (choice),A,Jeep Recce Platoon,JEEP,3,3,Recce,603ן,20x30
support_pool,Support Pool — Ground,ן (Nun-sofit),G7,Support — Recce,1 (choice),B,Rabbi Recce Platoon,RABBI,1,4,Recce,604ן,20x30
support_pool,Support Pool — Ground,ן (Nun-sofit),G7,Support — Recce,1 (choice),B,Rabbi Recce Platoon,RABBI,2,5,Recce,605ן,20x30
support_pool,Support Pool — Ground,ן (Nun-sofit),G7,Support — Recce,1 (choice),B,Rabbi Recce Platoon,RABBI,3,6,Recce,606ן,20x30
support_pool,Support Pool — Ground,ן (Nun-sofit),G7,Support — Recce,1 (choice),B,Rabbi Recce Platoon,UH-1,4,7,Transport heli,607ן,20x40
support_pool,Support Pool — Ground,ן (Nun-sofit),G7,Support — Recce,1 (choice),B,Rabbi Recce Platoon,UH-1,5,8,Transport heli,608ן,20x40
support_pool,Support Pool — Ground,ן (Nun-sofit),G8,Support — AA,1 (choice),A,M163 VADS AA Platoon,VULCAN,1,1,Vulcan AA,701ן,20x30
support_pool,Support Pool — Ground,ן (Nun-sofit),G8,Support — AA,1 (choice),A,M163 VADS AA Platoon,VULCAN,2,2,Vulcan AA,702ן,20x30
support_pool,Support Pool — Ground,ן (Nun-sofit),G8,Support — AA,1 (choice),A,M163 VADS AA Platoon,VULCAN,3,3,Vulcan AA,703ן,20x30
support_pool,Support Pool — Ground,ן (Nun-sofit),G8,Support — AA,1 (choice),A,M163 VADS AA Platoon,VULCAN,4,4,Vulcan AA,704ן,20x30
support_pool,Support Pool — Ground,ן (Nun-sofit),G8,Support — AA,1 (choice),B,ZSU-23-4 Shilka AA Platoon,SHILKA,1,5,Shilka AA,705ן,20x30
support_pool,Support Pool — Ground,ן (Nun-sofit),G8,Support — AA,1 (choice),B,ZSU-23-4 Shilka AA Platoon,SHILKA,2,6,Shilka AA,706ן,20x30
support_pool,Support Pool — Ground,ן (Nun-sofit),G8,Support — AA,1 (choice),B,ZSU-23-4 Shilka AA Platoon,SHILKA,3,7,Shilka AA,707ן,20x30
support_pool,Support Pool — Ground,ן (Nun-sofit),G8,Support — AA,1 (choice),B,ZSU-23-4 Shilka AA Platoon,SHILKA,4,8,Shilka AA,708ן,20x30
support_pool,Support Pool — Ground,ן (Nun-sofit),G9,Support — SAM,1,A,M48 Chaparral SAM Platoon,CHAPARRAL,1,1,SAM,801ן,20x30
support_pool,Support Pool — Ground,ן (Nun-sofit),G9,Support — SAM,1,A,M48 Chaparral SAM Platoon,CHAPARRAL,2,2,SAM,802ן,20x30
support_pool,Support Pool — Ground,ן (Nun-sofit),G9,Support — SAM,1,A,M48 Chaparral SAM Platoon,CHAPARRAL,3,3,SAM,803ן,20x30
support_pool,Support Pool — Ground,ן (Nun-sofit),G9,Support — SAM,1,A,M48 Chaparral SAM Platoon,CHAPARRAL,4,4,SAM,804ן,20x30
support_pool,Support Pool — Ground,ן (Nun-sofit),G10,Support — SAM,1,A,Redeye SAM Platoon,REDEYE,1,1,MANPADS,901ן,20x20
support_pool,Support Pool — Ground,ן (Nun-sofit),G10,Support — SAM,1,A,Redeye SAM Platoon,REDEYE,2,2,MANPADS,902ן,20x20
support_pool,Support Pool — Ground,ן (Nun-sofit),G10,Support — SAM,1,A,Redeye SAM Platoon,REDEYE,3,3,MANPADS,903ן,20x20
support_pool,Support Pool — Ground,ן (Nun-sofit),G10,Support — SAM,1,A,Redeye SAM Platoon,REDEYE,4,4,MANPADS,904ן,20x20
support_pool,Support Pool — Air,ף (Pe-sofit),A1,Support — Aircraft,1,A,Skyhawk Fighter Flight,A-4 SKYHAWK,1,1,Strike jet (Napalm opt.),001ף,20x40
support_pool,Support Pool — Air,ף (Pe-sofit),A1,Support — Aircraft,1,A,Skyhawk Fighter Flight,A-4 SKYHAWK,2,2,Strike jet (Napalm opt.),002ף,20x40
support_pool,Support Pool — Air,ף (Pe-sofit),A1,Support — Aircraft,1,A,Skyhawk Fighter Flight,A-4 SKYHAWK,3,3,Strike jet (Napalm opt.),003ף,20x40
support_pool,Support Pool — Air,ף (Pe-sofit),A1,Support — Aircraft,1,A,Skyhawk Fighter Flight,A-4 SKYHAWK,4,4,Strike jet (Napalm opt.),004ף,20x40
support_pool,Support Pool — Air,ף (Pe-sofit),A2,Support — Attack heli (slot 1),1 (choice),A,AH-64 Cobra Attack Helicopter Platoon (1st),AH-64,1,1,Attack heli (model is Apache despite 'Cobra' label),101ף,20x40
support_pool,Support Pool — Air,ף (Pe-sofit),A2,Support — Attack heli (slot 1),1 (choice),A,AH-64 Cobra Attack Helicopter Platoon (1st),AH-64,2,2,Attack heli (model is Apache despite 'Cobra' label),102ף,20x40
support_pool,Support Pool — Air,ף (Pe-sofit),A2,Support — Attack heli (slot 1),1 (choice),A,AH-64 Cobra Attack Helicopter Platoon (1st),AH-64,3,3,Attack heli (model is Apache despite 'Cobra' label),103ף,20x40
support_pool,Support Pool — Air,ף (Pe-sofit),A2,Support — Attack heli (slot 1),1 (choice),A,AH-64 Cobra Attack Helicopter Platoon (1st),AH-64,4,4,Attack heli (model is Apache despite 'Cobra' label),104ף,20x40
support_pool,Support Pool — Air,ף (Pe-sofit),A2,Support — Attack heli (slot 1),1 (choice),B,AH-1 Viper Attack Helicopter Platoon (1st),AH-1,1,5,Attack heli (iTOW or MAPATS),105ף,20x40
support_pool,Support Pool — Air,ף (Pe-sofit),A2,Support — Attack heli (slot 1),1 (choice),B,AH-1 Viper Attack Helicopter Platoon (1st),AH-1,2,6,Attack heli (iTOW or MAPATS),106ף,20x40
support_pool,Support Pool — Air,ף (Pe-sofit),A2,Support — Attack heli (slot 1),1 (choice),B,AH-1 Viper Attack Helicopter Platoon (1st),AH-1,3,7,Attack heli (iTOW or MAPATS),107ף,20x40
support_pool,Support Pool — Air,ף (Pe-sofit),A2,Support — Attack heli (slot 1),1 (choice),B,AH-1 Viper Attack Helicopter Platoon (1st),AH-1,4,8,Attack heli (iTOW or MAPATS),108ף,20x40
support_pool,Support Pool — Air,ף (Pe-sofit),A3,Support — Attack heli (slot 2),1 (choice),A,AH-64 Cobra Attack Helicopter Platoon (2nd),AH-64,1,1,Attack heli,201ף,20x40
support_pool,Support Pool — Air,ף (Pe-sofit),A3,Support — Attack heli (slot 2),1 (choice),A,AH-64 Cobra Attack Helicopter Platoon (2nd),AH-64,2,2,Attack heli,202ף,20x40
support_pool,Support Pool — Air,ף (Pe-sofit),A3,Support — Attack heli (slot 2),1 (choice),A,AH-64 Cobra Attack Helicopter Platoon (2nd),AH-64,3,3,Attack heli,203ף,20x40
support_pool,Support Pool — Air,ף (Pe-sofit),A3,Support — Attack heli (slot 2),1 (choice),A,AH-64 Cobra Attack Helicopter Platoon (2nd),AH-64,4,4,Attack heli,204ף,20x40
support_pool,Support Pool — Air,ף (Pe-sofit),A3,Support — Attack heli (slot 2),1 (choice),B,AH-1 Viper Attack Helicopter Platoon (2nd),AH-1,1,5,Attack heli (iTOW or MAPATS),205ף,20x40
support_pool,Support Pool — Air,ף (Pe-sofit),A3,Support — Attack heli (slot 2),1 (choice),B,AH-1 Viper Attack Helicopter Platoon (2nd),AH-1,2,6,Attack heli (iTOW or MAPATS),206ף,20x40
support_pool,Support Pool — Air,ף (Pe-sofit),A3,Support — Attack heli (slot 2),1 (choice),B,AH-1 Viper Attack Helicopter Platoon (2nd),AH-1,3,7,Attack heli (iTOW or MAPATS),207ף,20x40
support_pool,Support Pool — Air,ף (Pe-sofit),A3,Support — Attack heli (slot 2),1 (choice),B,AH-1 Viper Attack Helicopter Platoon (2nd),AH-1,4,8,Attack heli (iTOW or MAPATS),208ף,20x40
