designation,name,symbol,width,base,hq,formation,group
001א,MERKAVA 3,armor,20,20x40,true,Merkava 3 Tank Company,א
002א,MERKAVA 3,armor,20,20x40,true,Merkava 3 Tank Company,א
101א,MERKAVA 3,armor,20,20x40,,Merkava 3 Tank Company,א
102א,MERKAVA 3,armor,20,20x40,,Merkava 3 Tank Company,א
103א,MERKAVA 3,armor,20,20x40,,Merkava 3 Tank Company,א
201א,MERKAVA 3,armor,20,20x40,,Merkava 3 Tank Company,א
202א,MERKAVA 3,armor,20,20x40,,Merkava 3 Tank Company,א
203א,MERKAVA 3,armor,20,20x40,,Merkava 3 Tank Company,א
301א,MERKAVA 3,armor,20,20x40,,Merkava 3 Tank Company,א
302א,MERKAVA 3,armor,20,20x40,,Merkava 3 Tank Company,א
303א,MERKAVA 3,armor,20,20x40,,Merkava 3 Tank Company,א
304א,MERKAVA 2,armor,20,20x40,,Merkava 3 Tank Company,א
305א,MERKAVA 2,armor,20,20x40,,Merkava 3 Tank Company,א
306א,MERKAVA 2,armor,20,20x40,,Merkava 3 Tank Company,א
307א,MERKAVA 1,armor,20,20x40,,Merkava 3 Tank Company,א
308א,MERKAVA 1,armor,20,20x40,,Merkava 3 Tank Company,א
309א,MERKAVA 1,armor,20,20x40,,Merkava 3 Tank Company,א
401א,MERKAVA 3,armor,20,20x40,,Merkava 3 Tank Company,א
402א,MERKAVA 3,armor,20,20x40,,Merkava 3 Tank Company,א
403א,MERKAVA 3,armor,20,20x40,,Merkava 3 Tank Company,א
501א,JEEP,reconnaissance,20,20x30,,Merkava 3 Tank Company,א
502א,JEEP,reconnaissance,20,20x30,,Merkava 3 Tank Company,א
503א,JEEP,reconnaissance,20,20x30,,Merkava 3 Tank Company,א
504א,M113 ZELDA,reconnaissance,20,20x30,,Merkava 3 Tank Company,א
505א,M113 ZELDA,reconnaissance,20,20x30,,Merkava 3 Tank Company,א
506א,M113 ZELDA,reconnaissance,20,20x30,,Merkava 3 Tank Company,א
507א,M113 ZELDA,reconnaissance,20,20x30,,Merkava 3 Tank Company,א
508א,RABBI,reconnaissance,20,20x30,,Merkava 3 Tank Company,א
509א,RABBI,reconnaissance,20,20x30,,Merkava 3 Tank Company,א
510א,RABBI,reconnaissance,20,20x30,,Merkava 3 Tank Company,א
511א,UH-1,utility helicopter,20,20x40,,Merkava 3 Tank Company,א
512א,UH-1,utility helicopter,20,20x40,,Merkava 3 Tank Company,א
601א,GALIL,infantry,40,40x20,,Merkava 3 Tank Company,א
602א,GALIL,infantry,40,40x20,,Merkava 3 Tank Company,א
603א,GALIL,infantry,40,40x20,,Merkava 3 Tank Company,א
604א,GALIL,infantry,40,40x20,,Merkava 3 Tank Company,א
605א,FN MAG,machine gun,40,40x20,,Merkava 3 Tank Company,א
606א,FN MAG,machine gun,40,40x20,,Merkava 3 Tank Company,א
607א,FN MAG,machine gun,40,40x20,,Merkava 3 Tank Company,א
608א,RPG-7,anti-tank,20,20x20,,Merkava 3 Tank Company,א
609א,RPG-7,anti-tank,20,20x20,,Merkava 3 Tank Company,א
610א,RPG-7,anti-tank,20,20x20,,Merkava 3 Tank Company,א
611א,M47 DRAGON,anti-tank,20,20x20,,Merkava 3 Tank Company,א
612א,52MM,mortar,20,20x20,,Merkava 3 Tank Company,א
613א,M113 ZELDA,armored personnel carrier,20,20x30,,Merkava 3 Tank Company,א
614א,M113 ZELDA,armored personnel carrier,20,20x30,,Merkava 3 Tank Company,א
615א,M113 ZELDA,armored personnel carrier,20,20x30,,Merkava 3 Tank Company,א
616א,M113 ZELDA,armored personnel carrier,20,20x30,,Merkava 3 Tank Company,א
613א,M113 VAYZATA,armored personnel carrier,20,20x30,,Merkava 3 Tank Company,א
614א,M113 VAYZATA,armored personnel carrier,20,20x30,,Merkava 3 Tank Company,א
615א,M113 VAYZATA,armored personnel carrier,20,20x30,,Merkava 3 Tank Company,א
616א,M113 VAYZATA,armored personnel carrier,20,20x30,,Merkava 3 Tank Company,א
613א,NAGMASHOT,armored personnel carrier,20,20x40,,Merkava 3 Tank Company,א
614א,NAGMASHOT,armored personnel carrier,20,20x40,,Merkava 3 Tank Company,א
615א,NAGMASHOT,armored personnel carrier,20,20x40,,Merkava 3 Tank Company,א
616א,NAGMASHOT,armored personnel carrier,20,20x40,,Merkava 3 Tank Company,א
625א,GALIL,infantry,40,40x20,,Merkava 3 Tank Company,א
626א,GALIL,infantry,40,40x20,,Merkava 3 Tank Company,א
627א,GALIL,infantry,40,40x20,,Merkava 3 Tank Company,א
628א,GALIL,infantry,40,40x20,,Merkava 3 Tank Company,א
629א,FN MAG,machine gun,40,40x20,,Merkava 3 Tank Company,א
630א,FN MAG,machine gun,40,40x20,,Merkava 3 Tank Company,א
631א,FN MAG,machine gun,40,40x20,,Merkava 3 Tank Company,א
632א,RPG-7,anti-tank,20,20x20,,Merkava 3 Tank Company,א
633א,RPG-7,anti-tank,20,20x20,,Merkava 3 Tank Company,א
634א,RPG-7,anti-tank,20,20x20,,Merkava 3 Tank Company,א
635א,M47 DRAGON,anti-tank,20,20x20,,Merkava 3 Tank Company,א
636א,52MM,mortar,20,20x20,,Merkava 3 Tank Company,א
637א,M113 ZELDA,armored personnel carrier,20,20x30,,Merkava 3 Tank Company,א
638א,M113 ZELDA,armored personnel carrier,20,20x30,,Merkava 3 Tank Company,א
639א,M113 ZELDA,armored personnel carrier,20,20x30,,Merkava 3 Tank Company,א
640א,M113 ZELDA,armored personnel carrier,20,20x30,,Merkava 3 Tank Company,א
001ב,MERKAVA 3,armor,20,20x40,true,Merkava 3 Tank Company,ב
002ב,MERKAVA 3,armor,20,20x40,true,Merkava 3 Tank Company,ב
101ב,MERKAVA 3,armor,20,20x40,,Merkava 3 Tank Company,ב
102ב,MERKAVA 3,armor,20,20x40,,Merkava 3 Tank Company,ב
103ב,MERKAVA 3,armor,20,20x40,,Merkava 3 Tank Company,ב
201ב,MERKAVA 3,armor,20,20x40,,Merkava 3 Tank Company,ב
202ב,MERKAVA 3,armor,20,20x40,,Merkava 3 Tank Company,ב
203ב,MERKAVA 3,armor,20,20x40,,Merkava 3 Tank Company,ב
301ב,MERKAVA 3,armor,20,20x40,,Merkava 3 Tank Company,ב
302ב,MERKAVA 3,armor,20,20x40,,Merkava 3 Tank Company,ב
303ב,MERKAVA 3,armor,20,20x40,,Merkava 3 Tank Company,ב
304ב,MERKAVA 2,armor,20,20x40,,Merkava 3 Tank Company,ב
305ב,MERKAVA 2,armor,20,20x40,,Merkava 3 Tank Company,ב
306ב,MERKAVA 2,armor,20,20x40,,Merkava 3 Tank Company,ב
307ב,MERKAVA 1,armor,20,20x40,,Merkava 3 Tank Company,ב
308ב,MERKAVA 1,armor,20,20x40,,Merkava 3 Tank Company,ב
309ב,MERKAVA 1,armor,20,20x40,,Merkava 3 Tank Company,ב
401ב,MERKAVA 3,armor,20,20x40,,Merkava 3 Tank Company,ב
402ב,MERKAVA 3,armor,20,20x40,,Merkava 3 Tank Company,ב
403ב,MERKAVA 3,armor,20,20x40,,Merkava 3 Tank Company,ב
501ב,JEEP,reconnaissance,20,20x30,,Merkava 3 Tank Company,ב
502ב,JEEP,reconnaissance,20,20x30,,Merkava 3 Tank Company,ב
503ב,JEEP,reconnaissance,20,20x30,,Merkava 3 Tank Company,ב
504ב,M113 ZELDA,reconnaissance,20,20x30,,Merkava 3 Tank Company,ב
505ב,M113 ZELDA,reconnaissance,20,20x30,,Merkava 3 Tank Company,ב
506ב,M113 ZELDA,reconnaissance,20,20x30,,Merkava 3 Tank Company,ב
507ב,M113 ZELDA,reconnaissance,20,20x30,,Merkava 3 Tank Company,ב
508ב,RABBI,reconnaissance,20,20x30,,Merkava 3 Tank Company,ב
509ב,RABBI,reconnaissance,20,20x30,,Merkava 3 Tank Company,ב
510ב,RABBI,reconnaissance,20,20x30,,Merkava 3 Tank Company,ב
511ב,UH-1,utility helicopter,20,20x40,,Merkava 3 Tank Company,ב
512ב,UH-1,utility helicopter,20,20x40,,Merkava 3 Tank Company,ב
601ב,GALIL,infantry,40,40x20,,Merkava 3 Tank Company,ב
602ב,GALIL,infantry,40,40x20,,Merkava 3 Tank Company,ב
603ב,GALIL,infantry,40,40x20,,Merkava 3 Tank Company,ב
604ב,GALIL,infantry,40,40x20,,Merkava 3 Tank Company,ב
605ב,FN MAG,machine gun,40,40x20,,Merkava 3 Tank Company,ב
606ב,FN MAG,machine gun,40,40x20,,Merkava 3 Tank Company,ב
607ב,FN MAG,machine gun,40,40x20,,Merkava 3 Tank Company,ב
608ב,RPG-7,anti-tank,20,20x20,,Merkava 3 Tank Company,ב
609ב,RPG-7,anti-tank,20,20x20,,Merkava 3 Tank Company,ב
610ב,RPG-7,anti-tank,20,20x20,,Merkava 3 Tank Company,ב
611ב,M47 DRAGON,anti-tank,20,20x20,,Merkava 3 Tank Company,ב
612ב,52MM,mortar,20,20x20,,Merkava 3 Tank Company,ב
613ב,M113 ZELDA,armored personnel carrier,20,20x30,,Merkava 3 Tank Company,ב
614ב,M113 ZELDA,armored personnel carrier,20,20x30,,Merkava 3 Tank Company,ב
615ב,M113 ZELDA,armored personnel carrier,20,20x30,,Merkava 3 Tank Company,ב
616ב,M113 ZELDA,armored personnel carrier,20,20x30,,Merkava 3 Tank Company,ב
613ב,M113 VAYZATA,armored personnel carrier,20,20x30,,Merkava 3 Tank Company,ב
614ב,M113 VAYZATA,armored personnel carrier,20,20x30,,Merkava 3 Tank Company,ב
615ב,M113 VAYZATA,armored personnel carrier,20,20x30,,Merkava 3 Tank Company,ב
616ב,M113 VAYZATA,armored personnel carrier,20,20x30,,Merkava 3 Tank Company,ב
613ב,NAGMASHOT,armored personnel carrier,20,20x40,,Merkava 3 Tank Company,ב
614ב,NAGMASHOT,armored personnel carrier,20,20x40,,Merkava 3 Tank Company,ב
615ב,NAGMASHOT,armored personnel carrier,20,20x40,,Merkava 3 Tank Company,ב
616ב,NAGMASHOT,armored personnel carrier,20,20x40,,Merkava 3 Tank Company,ב
625ב,GALIL,infantry,40,40x20,,Merkava 3 Tank Company,ב
626ב,GALIL,infantry,40,40x20,,Merkava 3 Tank Company,ב
627ב,GALIL,infantry,40,40x20,,Merkava 3 Tank Company,ב
628ב,GALIL,infantry,40,40x20,,Merkava 3 Tank Company,ב
629ב,FN MAG,machine gun,40,40x20,,Merkava 3 Tank Company,ב
630ב,FN MAG,machine gun,40,40x20,,Merkava 3 Tank Company,ב
631ב,FN MAG,machine gun,40,40x20,,Merkava 3 Tank Company,ב
632ב,RPG-7,anti-tank,20,20x20,,Merkava 3 Tank Company,ב
633ב,RPG-7,anti-tank,20,20x20,,Merkava 3 Tank Company,ב
634ב,RPG-7,anti-tank,20,20x20,,Merkava 3 Tank Company,ב
635ב,M47 DRAGON,anti-tank,20,20x20,,Merkava 3 Tank Company,ב
636ב,52MM,mortar,20,20x20,,Merkava 3 Tank Company,ב
637ב,M113 ZELDA,armored personnel carrier,20,20x30,,Merkava 3 Tank Company,ב
638ב,M113 ZELDA,armored personnel carrier,20,20x30,,Merkava 3 Tank Company,ב
639ב,M113 ZELDA,armored personnel carrier,20,20x30,,Merkava 3 Tank Company,ב
640ב,M113 ZELDA,armored personnel carrier,20,20x30,,Merkava 3 Tank Company,ב
001ג,MERKAVA 3,armor,20,20x40,true,Merkava 3 Tank Company,ג
002ג,MERKAVA 3,armor,20,20x40,true,Merkava 3 Tank Company,ג
101ג,MERKAVA 3,armor,20,20x40,,Merkava 3 Tank Company,ג
102ג,MERKAVA 3,armor,20,20x40,,Merkava 3 Tank Company,ג
103ג,MERKAVA 3,armor,20,20x40,,Merkava 3 Tank Company,ג
201ג,MERKAVA 3,armor,20,20x40,,Merkava 3 Tank Company,ג
202ג,MERKAVA 3,armor,20,20x40,,Merkava 3 Tank Company,ג
203ג,MERKAVA 3,armor,20,20x40,,Merkava 3 Tank Company,ג
301ג,MERKAVA 3,armor,20,20x40,,Merkava 3 Tank Company,ג
302ג,MERKAVA 3,armor,20,20x40,,Merkava 3 Tank Company,ג
303ג,MERKAVA 3,armor,20,20x40,,Merkava 3 Tank Company,ג
304ג,MERKAVA 2,armor,20,20x40,,Merkava 3 Tank Company,ג
305ג,MERKAVA 2,armor,20,20x40,,Merkava 3 Tank Company,ג
306ג,MERKAVA 2,armor,20,20x40,,Merkava 3 Tank Company,ג
307ג,MERKAVA 1,armor,20,20x40,,Merkava 3 Tank Company,ג
308ג,MERKAVA 1,armor,20,20x40,,Merkava 3 Tank Company,ג
309ג,MERKAVA 1,armor,20,20x40,,Merkava 3 Tank Company,ג
401ג,MERKAVA 3,armor,20,20x40,,Merkava 3 Tank Company,ג
402ג,MERKAVA 3,armor,20,20x40,,Merkava 3 Tank Company,ג
403ג,MERKAVA 3,armor,20,20x40,,Merkava 3 Tank Company,ג
501ג,JEEP,reconnaissance,20,20x30,,Merkava 3 Tank Company,ג
502ג,JEEP,reconnaissance,20,20x30,,Merkava 3 Tank Company,ג
503ג,JEEP,reconnaissance,20,20x30,,Merkava 3 Tank Company,ג
504ג,M113 ZELDA,reconnaissance,20,20x30,,Merkava 3 Tank Company,ג
505ג,M113 ZELDA,reconnaissance,20,20x30,,Merkava 3 Tank Company,ג
506ג,M113 ZELDA,reconnaissance,20,20x30,,Merkava 3 Tank Company,ג
507ג,M113 ZELDA,reconnaissance,20,20x30,,Merkava 3 Tank Company,ג
508ג,RABBI,reconnaissance,20,20x30,,Merkava 3 Tank Company,ג
509ג,RABBI,reconnaissance,20,20x30,,Merkava 3 Tank Company,ג
510ג,RABBI,reconnaissance,20,20x30,,Merkava 3 Tank Company,ג
511ג,UH-1,utility helicopter,20,20x40,,Merkava 3 Tank Company,ג
512ג,UH-1,utility helicopter,20,20x40,,Merkava 3 Tank Company,ג
601ג,GALIL,infantry,40,40x20,,Merkava 3 Tank Company,ג
602ג,GALIL,infantry,40,40x20,,Merkava 3 Tank Company,ג
603ג,GALIL,infantry,40,40x20,,Merkava 3 Tank Company,ג
604ג,GALIL,infantry,40,40x20,,Merkava 3 Tank Company,ג
605ג,FN MAG,machine gun,40,40x20,,Merkava 3 Tank Company,ג
606ג,FN MAG,machine gun,40,40x20,,Merkava 3 Tank Company,ג
607ג,FN MAG,machine gun,40,40x20,,Merkava 3 Tank Company,ג
608ג,RPG-7,anti-tank,20,20x20,,Merkava 3 Tank Company,ג
609ג,RPG-7,anti-tank,20,20x20,,Merkava 3 Tank Company,ג
610ג,RPG-7,anti-tank,20,20x20,,Merkava 3 Tank Company,ג
611ג,M47 DRAGON,anti-tank,20,20x20,,Merkava 3 Tank Company,ג
612ג,52MM,mortar,20,20x20,,Merkava 3 Tank Company,ג
613ג,M113 ZELDA,armored personnel carrier,20,20x30,,Merkava 3 Tank Company,ג
614ג,M113 ZELDA,armored personnel carrier,20,20x30,,Merkava 3 Tank Company,ג
615ג,M113 ZELDA,armored personnel carrier,20,20x30,,Merkava 3 Tank Company,ג
616ג,M113 ZELDA,armored personnel carrier,20,20x30,,Merkava 3 Tank Company,ג
613ג,M113 VAYZATA,armored personnel carrier,20,20x30,,Merkava 3 Tank Company,ג
614ג,M113 VAYZATA,armored personnel carrier,20,20x30,,Merkava 3 Tank Company,ג
615ג,M113 VAYZATA,armored personnel carrier,20,20x30,,Merkava 3 Tank Company,ג
616ג,M113 VAYZATA,armored personnel carrier,20,20x30,,Merkava 3 Tank Company,ג
613ג,NAGMASHOT,armored personnel carrier,20,20x40,,Merkava 3 Tank Company,ג
614ג,NAGMASHOT,armored personnel carrier,20,20x40,,Merkava 3 Tank Company,ג
615ג,NAGMASHOT,armored personnel carrier,20,20x40,,Merkava 3 Tank Company,ג
616ג,NAGMASHOT,armored personnel carrier,20,20x40,,Merkava 3 Tank Company,ג
625ג,GALIL,infantry,40,40x20,,Merkava 3 Tank Company,ג
626ג,GALIL,infantry,40,40x20,,Merkava 3 Tank Company,ג
627ג,GALIL,infantry,40,40x20,,Merkava 3 Tank Company,ג
628ג,GALIL,infantry,40,40x20,,Merkava 3 Tank Company,ג
629ג,FN MAG,machine gun,40,40x20,,Merkava 3 Tank Company,ג
630ג,FN MAG,machine gun,40,40x20,,Merkava 3 Tank Company,ג
631ג,FN MAG,machine gun,40,40x20,,Merkava 3 Tank Company,ג
632ג,RPG-7,anti-tank,20,20x20,,Merkava 3 Tank Company,ג
633ג,RPG-7,anti-tank,20,20x20,,Merkava 3 Tank Company,ג
634ג,RPG-7,anti-tank,20,20x20,,Merkava 3 Tank Company,ג
635ג,M47 DRAGON,anti-tank,20,20x20,,Merkava 3 Tank Company,ג
636ג,52MM,mortar,20,20x20,,Merkava 3 Tank Company,ג
637ג,M113 ZELDA,armored personnel carrier,20,20x30,,Merkava 3 Tank Company,ג
638ג,M113 ZELDA,armored personnel carrier,20,20x30,,Merkava 3 Tank Company,ג
639ג,M113 ZELDA,armored personnel carrier,20,20x30,,Merkava 3 Tank Company,ג
640ג,M113 ZELDA,armored personnel carrier,20,20x30,,Merkava 3 Tank Company,ג
001ד,MERKAVA 2,armor,20,20x40,true,Merkava 2 Tank Company,ד
002ד,MERKAVA 2,armor,20,20x40,true,Merkava 2 Tank Company,ד
101ד,MERKAVA 2,armor,20,20x40,,Merkava 2 Tank Company,ד
102ד,MERKAVA 2,armor,20,20x40,,Merkava 2 Tank Company,ד
103ד,MERKAVA 2,armor,20,20x40,,Merkava 2 Tank Company,ד
201ד,MERKAVA 2,armor,20,20x40,,Merkava 2 Tank Company,ד
202ד,MERKAVA 2,armor,20,20x40,,Merkava 2 Tank Company,ד
203ד,MERKAVA 2,armor,20,20x40,,Merkava 2 Tank Company,ד
301ד,MERKAVA 2,armor,20,20x40,,Merkava 2 Tank Company,ד
302ד,MERKAVA 2,armor,20,20x40,,Merkava 2 Tank Company,ד
303ד,MERKAVA 2,armor,20,20x40,,Merkava 2 Tank Company,ד
304ד,MERKAVA 1,armor,20,20x40,,Merkava 2 Tank Company,ד
305ד,MERKAVA 1,armor,20,20x40,,Merkava 2 Tank Company,ד
306ד,MERKAVA 1,armor,20,20x40,,Merkava 2 Tank Company,ד
307ד,MERKAVA 3,armor,20,20x40,,Merkava 2 Tank Company,ד
308ד,MERKAVA 3,armor,20,20x40,,Merkava 2 Tank Company,ד
309ד,MERKAVA 3,armor,20,20x40,,Merkava 2 Tank Company,ד
401ד,MERKAVA 2,armor,20,20x40,,Merkava 2 Tank Company,ד
402ד,MERKAVA 2,armor,20,20x40,,Merkava 2 Tank Company,ד
403ד,MERKAVA 2,armor,20,20x40,,Merkava 2 Tank Company,ד
501ד,JEEP,reconnaissance,20,20x30,,Merkava 2 Tank Company,ד
502ד,JEEP,reconnaissance,20,20x30,,Merkava 2 Tank Company,ד
503ד,JEEP,reconnaissance,20,20x30,,Merkava 2 Tank Company,ד
504ד,M113 ZELDA,reconnaissance,20,20x30,,Merkava 2 Tank Company,ד
505ד,M113 ZELDA,reconnaissance,20,20x30,,Merkava 2 Tank Company,ד
506ד,M113 ZELDA,reconnaissance,20,20x30,,Merkava 2 Tank Company,ד
507ד,M113 ZELDA,reconnaissance,20,20x30,,Merkava 2 Tank Company,ד
508ד,RABBI,reconnaissance,20,20x30,,Merkava 2 Tank Company,ד
509ד,RABBI,reconnaissance,20,20x30,,Merkava 2 Tank Company,ד
510ד,RABBI,reconnaissance,20,20x30,,Merkava 2 Tank Company,ד
511ד,UH-1,utility helicopter,20,20x40,,Merkava 2 Tank Company,ד
512ד,UH-1,utility helicopter,20,20x40,,Merkava 2 Tank Company,ד
601ד,GALIL,infantry,40,40x20,,Merkava 2 Tank Company,ד
602ד,GALIL,infantry,40,40x20,,Merkava 2 Tank Company,ד
603ד,GALIL,infantry,40,40x20,,Merkava 2 Tank Company,ד
604ד,GALIL,infantry,40,40x20,,Merkava 2 Tank Company,ד
605ד,FN MAG,machine gun,40,40x20,,Merkava 2 Tank Company,ד
606ד,FN MAG,machine gun,40,40x20,,Merkava 2 Tank Company,ד
607ד,FN MAG,machine gun,40,40x20,,Merkava 2 Tank Company,ד
608ד,RPG-7,anti-tank,20,20x20,,Merkava 2 Tank Company,ד
609ד,RPG-7,anti-tank,20,20x20,,Merkava 2 Tank Company,ד
610ד,RPG-7,anti-tank,20,20x20,,Merkava 2 Tank Company,ד
611ד,M47 DRAGON,anti-tank,20,20x20,,Merkava 2 Tank Company,ד
612ד,52MM,mortar,20,20x20,,Merkava 2 Tank Company,ד
613ד,M113 ZELDA,armored personnel carrier,20,20x30,,Merkava 2 Tank Company,ד
614ד,M113 ZELDA,armored personnel carrier,20,20x30,,Merkava 2 Tank Company,ד
615ד,M113 ZELDA,armored personnel carrier,20,20x30,,Merkava 2 Tank Company,ד
616ד,M113 ZELDA,armored personnel carrier,20,20x30,,Merkava 2 Tank Company,ד
613ד,M113 VAYZATA,armored personnel carrier,20,20x30,,Merkava 2 Tank Company,ד
614ד,M113 VAYZATA,armored personnel carrier,20,20x30,,Merkava 2 Tank Company,ד
615ד,M113 VAYZATA,armored personnel carrier,20,20x30,,Merkava 2 Tank Company,ד
616ד,M113 VAYZATA,armored personnel carrier,20,20x30,,Merkava 2 Tank Company,ד
613ד,NAGMASHOT,armored personnel carrier,20,20x40,,Merkava 2 Tank Company,ד
614ד,NAGMASHOT,armored personnel carrier,20,20x40,,Merkava 2 Tank Company,ד
615ד,NAGMASHOT,armored personnel carrier,20,20x40,,Merkava 2 Tank Company,ד
616ד,NAGMASHOT,armored personnel carrier,20,20x40,,Merkava 2 Tank Company,ד
625ד,GALIL,infantry,40,40x20,,Merkava 2 Tank Company,ד
626ד,GALIL,infantry,40,40x20,,Merkava 2 Tank Company,ד
627ד,GALIL,infantry,40,40x20,,Merkava 2 Tank Company,ד
628ד,GALIL,infantry,40,40x20,,Merkava 2 Tank Company,ד
629ד,FN MAG,machine gun,40,40x20,,Merkava 2 Tank Company,ד
630ד,FN MAG,machine gun,40,40x20,,Merkava 2 Tank Company,ד
631ד,FN MAG,machine gun,40,40x20,,Merkava 2 Tank Company,ד
632ד,RPG-7,anti-tank,20,20x20,,Merkava 2 Tank Company,ד
633ד,RPG-7,anti-tank,20,20x20,,Merkava 2 Tank Company,ד
634ד,RPG-7,anti-tank,20,20x20,,Merkava 2 Tank Company,ד
635ד,M47 DRAGON,anti-tank,20,20x20,,Merkava 2 Tank Company,ד
636ד,52MM,mortar,20,20x20,,Merkava 2 Tank Company,ד
637ד,M113 ZELDA,armored personnel carrier,20,20x30,,Merkava 2 Tank Company,ד
638ד,M113 ZELDA,armored personnel carrier,20,20x30,,Merkava 2 Tank Company,ד
639ד,M113 ZELDA,armored personnel carrier,20,20x30,,Merkava 2 Tank Company,ד
640ד,M113 ZELDA,armored personnel carrier,20,20x30,,Merkava 2 Tank Company,ד
001ה,MERKAVA 2,armor,20,20x40,true,Merkava 2 Tank Company,ה
002ה,MERKAVA 2,armor,20,20x40,true,Merkava 2 Tank Company,ה
101ה,MERKAVA 2,armor,20,20x40,,Merkava 2 Tank Company,ה
102ה,MERKAVA 2,armor,20,20x40,,Merkava 2 Tank Company,ה
103ה,MERKAVA 2,armor,20,20x40,,Merkava 2 Tank Company,ה
201ה,MERKAVA 2,armor,20,20x40,,Merkava 2 Tank Company,ה
202ה,MERKAVA 2,armor,20,20x40,,Merkava 2 Tank Company,ה
203ה,MERKAVA 2,armor,20,20x40,,Merkava 2 Tank Company,ה
301ה,MERKAVA 2,armor,20,20x40,,Merkava 2 Tank Company,ה
302ה,MERKAVA 2,armor,20,20x40,,Merkava 2 Tank Company,ה
303ה,MERKAVA 2,armor,20,20x40,,Merkava 2 Tank Company,ה
304ה,MERKAVA 1,armor,20,20x40,,Merkava 2 Tank Company,ה
305ה,MERKAVA 1,armor,20,20x40,,Merkava 2 Tank Company,ה
306ה,MERKAVA 1,armor,20,20x40,,Merkava 2 Tank Company,ה
307ה,MERKAVA 3,armor,20,20x40,,Merkava 2 Tank Company,ה
308ה,MERKAVA 3,armor,20,20x40,,Merkava 2 Tank Company,ה
309ה,MERKAVA 3,armor,20,20x40,,Merkava 2 Tank Company,ה
401ה,MERKAVA 2,armor,20,20x40,,Merkava 2 Tank Company,ה
402ה,MERKAVA 2,armor,20,20x40,,Merkava 2 Tank Company,ה
403ה,MERKAVA 2,armor,20,20x40,,Merkava 2 Tank Company,ה
501ה,JEEP,reconnaissance,20,20x30,,Merkava 2 Tank Company,ה
502ה,JEEP,reconnaissance,20,20x30,,Merkava 2 Tank Company,ה
503ה,JEEP,reconnaissance,20,20x30,,Merkava 2 Tank Company,ה
504ה,M113 ZELDA,reconnaissance,20,20x30,,Merkava 2 Tank Company,ה
505ה,M113 ZELDA,reconnaissance,20,20x30,,Merkava 2 Tank Company,ה
506ה,M113 ZELDA,reconnaissance,20,20x30,,Merkava 2 Tank Company,ה
507ה,M113 ZELDA,reconnaissance,20,20x30,,Merkava 2 Tank Company,ה
508ה,RABBI,reconnaissance,20,20x30,,Merkava 2 Tank Company,ה
509ה,RABBI,reconnaissance,20,20x30,,Merkava 2 Tank Company,ה
510ה,RABBI,reconnaissance,20,20x30,,Merkava 2 Tank Company,ה
511ה,UH-1,utility helicopter,20,20x40,,Merkava 2 Tank Company,ה
512ה,UH-1,utility helicopter,20,20x40,,Merkava 2 Tank Company,ה
601ה,GALIL,infantry,40,40x20,,Merkava 2 Tank Company,ה
602ה,GALIL,infantry,40,40x20,,Merkava 2 Tank Company,ה
603ה,GALIL,infantry,40,40x20,,Merkava 2 Tank Company,ה
604ה,GALIL,infantry,40,40x20,,Merkava 2 Tank Company,ה
605ה,FN MAG,machine gun,40,40x20,,Merkava 2 Tank Company,ה
606ה,FN MAG,machine gun,40,40x20,,Merkava 2 Tank Company,ה
607ה,FN MAG,machine gun,40,40x20,,Merkava 2 Tank Company,ה
608ה,RPG-7,anti-tank,20,20x20,,Merkava 2 Tank Company,ה
609ה,RPG-7,anti-tank,20,20x20,,Merkava 2 Tank Company,ה
610ה,RPG-7,anti-tank,20,20x20,,Merkava 2 Tank Company,ה
611ה,M47 DRAGON,anti-tank,20,20x20,,Merkava 2 Tank Company,ה
612ה,52MM,mortar,20,20x20,,Merkava 2 Tank Company,ה
613ה,M113 ZELDA,armored personnel carrier,20,20x30,,Merkava 2 Tank Company,ה
614ה,M113 ZELDA,armored personnel carrier,20,20x30,,Merkava 2 Tank Company,ה
615ה,M113 ZELDA,armored personnel carrier,20,20x30,,Merkava 2 Tank Company,ה
616ה,M113 ZELDA,armored personnel carrier,20,20x30,,Merkava 2 Tank Company,ה
613ה,M113 VAYZATA,armored personnel carrier,20,20x30,,Merkava 2 Tank Company,ה
614ה,M113 VAYZATA,armored personnel carrier,20,20x30,,Merkava 2 Tank Company,ה
615ה,M113 VAYZATA,armored personnel carrier,20,20x30,,Merkava 2 Tank Company,ה
616ה,M113 VAYZATA,armored personnel carrier,20,20x30,,Merkava 2 Tank Company,ה
613ה,NAGMASHOT,armored personnel carrier,20,20x40,,Merkava 2 Tank Company,ה
614ה,NAGMASHOT,armored personnel carrier,20,20x40,,Merkava 2 Tank Company,ה
615ה,NAGMASHOT,armored personnel carrier,20,20x40,,Merkava 2 Tank Company,ה
616ה,NAGMASHOT,armored personnel carrier,20,20x40,,Merkava 2 Tank Company,ה
625ה,GALIL,infantry,40,40x20,,Merkava 2 Tank Company,ה
626ה,GALIL,infantry,40,40x20,,Merkava 2 Tank Company,ה
627ה,GALIL,infantry,40,40x20,,Merkava 2 Tank Company,ה
628ה,GALIL,infantry,40,40x20,,Merkava 2 Tank Company,ה
629ה,FN MAG,machine gun,40,40x20,,Merkava 2 Tank Company,ה
630ה,FN MAG,machine gun,40,40x20,,Merkava 2 Tank Company,ה
631ה,FN MAG,machine gun,40,40x20,,Merkava 2 Tank Company,ה
632ה,RPG-7,anti-tank,20,20x20,,Merkava 2 Tank Company,ה
633ה,RPG-7,anti-tank,20,20x20,,Merkava 2 Tank Company,ה
634ה,RPG-7,anti-tank,20,20x20,,Merkava 2 Tank Company,ה
635ה,M47 DRAGON,anti-tank,20,20x20,,Merkava 2 Tank Company,ה
636ה,52MM,mortar,20,20x20,,Merkava 2 Tank Company,ה
637ה,M113 ZELDA,armored personnel carrier,20,20x30,,Merkava 2 Tank Company,ה
638ה,M113 ZELDA,armored personnel carrier,20,20x30,,Merkava 2 Tank Company,ה
639ה,M113 ZELDA,armored personnel carrier,20,20x30,,Merkava 2 Tank Company,ה
640ה,M113 ZELDA,armored personnel carrier,20,20x30,,Merkava 2 Tank Company,ה
001ו,MERKAVA 2,armor,20,20x40,true,Merkava 2 Tank Company,ו
002ו,MERKAVA 2,armor,20,20x40,true,Merkava 2 Tank Company,ו
101ו,MERKAVA 2,armor,20,20x40,,Merkava 2 Tank Company,ו
102ו,MERKAVA 2,armor,20,20x40,,Merkava 2 Tank Company,ו
103ו,MERKAVA 2,armor,20,20x40,,Merkava 2 Tank Company,ו
201ו,MERKAVA 2,armor,20,20x40,,Merkava 2 Tank Company,ו
202ו,MERKAVA 2,armor,20,20x40,,Merkava 2 Tank Company,ו
203ו,MERKAVA 2,armor,20,20x40,,Merkava 2 Tank Company,ו
301ו,MERKAVA 2,armor,20,20x40,,Merkava 2 Tank Company,ו
302ו,MERKAVA 2,armor,20,20x40,,Merkava 2 Tank Company,ו
303ו,MERKAVA 2,armor,20,20x40,,Merkava 2 Tank Company,ו
304ו,MERKAVA 1,armor,20,20x40,,Merkava 2 Tank Company,ו
305ו,MERKAVA 1,armor,20,20x40,,Merkava 2 Tank Company,ו
306ו,MERKAVA 1,armor,20,20x40,,Merkava 2 Tank Company,ו
307ו,MERKAVA 3,armor,20,20x40,,Merkava 2 Tank Company,ו
308ו,MERKAVA 3,armor,20,20x40,,Merkava 2 Tank Company,ו
309ו,MERKAVA 3,armor,20,20x40,,Merkava 2 Tank Company,ו
401ו,MERKAVA 2,armor,20,20x40,,Merkava 2 Tank Company,ו
402ו,MERKAVA 2,armor,20,20x40,,Merkava 2 Tank Company,ו
403ו,MERKAVA 2,armor,20,20x40,,Merkava 2 Tank Company,ו
501ו,JEEP,reconnaissance,20,20x30,,Merkava 2 Tank Company,ו
502ו,JEEP,reconnaissance,20,20x30,,Merkava 2 Tank Company,ו
503ו,JEEP,reconnaissance,20,20x30,,Merkava 2 Tank Company,ו
504ו,M113 ZELDA,reconnaissance,20,20x30,,Merkava 2 Tank Company,ו
505ו,M113 ZELDA,reconnaissance,20,20x30,,Merkava 2 Tank Company,ו
506ו,M113 ZELDA,reconnaissance,20,20x30,,Merkava 2 Tank Company,ו
507ו,M113 ZELDA,reconnaissance,20,20x30,,Merkava 2 Tank Company,ו
508ו,RABBI,reconnaissance,20,20x30,,Merkava 2 Tank Company,ו
509ו,RABBI,reconnaissance,20,20x30,,Merkava 2 Tank Company,ו
510ו,RABBI,reconnaissance,20,20x30,,Merkava 2 Tank Company,ו
511ו,UH-1,utility helicopter,20,20x40,,Merkava 2 Tank Company,ו
512ו,UH-1,utility helicopter,20,20x40,,Merkava 2 Tank Company,ו
601ו,GALIL,infantry,40,40x20,,Merkava 2 Tank Company,ו
602ו,GALIL,infantry,40,40x20,,Merkava 2 Tank Company,ו
603ו,GALIL,infantry,40,40x20,,Merkava 2 Tank Company,ו
604ו,GALIL,infantry,40,40x20,,Merkava 2 Tank Company,ו
605ו,FN MAG,machine gun,40,40x20,,Merkava 2 Tank Company,ו
606ו,FN MAG,machine gun,40,40x20,,Merkava 2 Tank Company,ו
607ו,FN MAG,machine gun,40,40x20,,Merkava 2 Tank Company,ו
608ו,RPG-7,anti-tank,20,20x20,,Merkava 2 Tank Company,ו
609ו,RPG-7,anti-tank,20,20x20,,Merkava 2 Tank Company,ו
610ו,RPG-7,anti-tank,20,20x20,,Merkava 2 Tank Company,ו
611ו,M47 DRAGON,anti-tank,20,20x20,,Merkava 2 Tank Company,ו
612ו,52MM,mortar,20,20x20,,Merkava 2 Tank Company,ו
613ו,M113 ZELDA,armored personnel carrier,20,20x30,,Merkava 2 Tank Company,ו
614ו,M113 ZELDA,armored personnel carrier,20,20x30,,Merkava 2 Tank Company,ו
615ו,M113 ZELDA,armored personnel carrier,20,20x30,,Merkava 2 Tank Company,ו
616ו,M113 ZELDA,armored personnel carrier,20,20x30,,Merkava 2 Tank Company,ו
613ו,M113 VAYZATA,armored personnel carrier,20,20x30,,Merkava 2 Tank Company,ו
614ו,M113 VAYZATA,armored personnel carrier,20,20x30,,Merkava 2 Tank Company,ו
615ו,M113 VAYZATA,armored personnel carrier,20,20x30,,Merkava 2 Tank Company,ו
616ו,M113 VAYZATA,armored personnel carrier,20,20x30,,Merkava 2 Tank Company,ו
613ו,NAGMASHOT,armored personnel carrier,20,20x40,,Merkava 2 Tank Company,ו
614ו,NAGMASHOT,armored personnel carrier,20,20x40,,Merkava 2 Tank Company,ו
615ו,NAGMASHOT,armored personnel carrier,20,20x40,,Merkava 2 Tank Company,ו
616ו,NAGMASHOT,armored personnel carrier,20,20x40,,Merkava 2 Tank Company,ו
625ו,GALIL,infantry,40,40x20,,Merkava 2 Tank Company,ו
626ו,GALIL,infantry,40,40x20,,Merkava 2 Tank Company,ו
627ו,GALIL,infantry,40,40x20,,Merkava 2 Tank Company,ו
628ו,GALIL,infantry,40,40x20,,Merkava 2 Tank Company,ו
629ו,FN MAG,machine gun,40,40x20,,Merkava 2 Tank Company,ו
630ו,FN MAG,machine gun,40,40x20,,Merkava 2 Tank Company,ו
631ו,FN MAG,machine gun,40,40x20,,Merkava 2 Tank Company,ו
632ו,RPG-7,anti-tank,20,20x20,,Merkava 2 Tank Company,ו
633ו,RPG-7,anti-tank,20,20x20,,Merkava 2 Tank Company,ו
634ו,RPG-7,anti-tank,20,20x20,,Merkava 2 Tank Company,ו
635ו,M47 DRAGON,anti-tank,20,20x20,,Merkava 2 Tank Company,ו
636ו,52MM,mortar,20,20x20,,Merkava 2 Tank Company,ו
637ו,M113 ZELDA,armored personnel carrier,20,20x30,,Merkava 2 Tank Company,ו
638ו,M113 ZELDA,armored personnel carrier,20,20x30,,Merkava 2 Tank Company,ו
639ו,M113 ZELDA,armored personnel carrier,20,20x30,,Merkava 2 Tank Company,ו
640ו,M113 ZELDA,armored personnel carrier,20,20x30,,Merkava 2 Tank Company,ו
001ז,MERKAVA 1,armor,20,20x40,true,Merkava 1 Tank Company,ז
002ז,MERKAVA 1,armor,20,20x40,true,Merkava 1 Tank Company,ז
101ז,MERKAVA 1,armor,20,20x40,,Merkava 1 Tank Company,ז
102ז,MERKAVA 1,armor,20,20x40,,Merkava 1 Tank Company,ז
103ז,MERKAVA 1,armor,20,20x40,,Merkava 1 Tank Company,ז
201ז,MERKAVA 1,armor,20,20x40,,Merkava 1 Tank Company,ז
202ז,MERKAVA 1,armor,20,20x40,,Merkava 1 Tank Company,ז
203ז,MERKAVA 1,armor,20,20x40,,Merkava 1 Tank Company,ז
301ז,MERKAVA 1,armor,20,20x40,,Merkava 1 Tank Company,ז
302ז,MERKAVA 1,armor,20,20x40,,Merkava 1 Tank Company,ז
303ז,MERKAVA 1,armor,20,20x40,,Merkava 1 Tank Company,ז
304ז,MERKAVA 2,armor,20,20x40,,Merkava 1 Tank Company,ז
305ז,MERKAVA 2,armor,20,20x40,,Merkava 1 Tank Company,ז
306ז,MERKAVA 2,armor,20,20x40,,Merkava 1 Tank Company,ז
307ז,MERKAVA 3,armor,20,20x40,,Merkava 1 Tank Company,ז
308ז,MERKAVA 3,armor,20,20x40,,Merkava 1 Tank Company,ז
309ז,MERKAVA 3,armor,20,20x40,,Merkava 1 Tank Company,ז
401ז,MERKAVA 1,armor,20,20x40,,Merkava 1 Tank Company,ז
402ז,MERKAVA 1,armor,20,20x40,,Merkava 1 Tank Company,ז
403ז,MERKAVA 1,armor,20,20x40,,Merkava 1 Tank Company,ז
501ז,JEEP,reconnaissance,20,20x30,,Merkava 1 Tank Company,ז
502ז,JEEP,reconnaissance,20,20x30,,Merkava 1 Tank Company,ז
503ז,JEEP,reconnaissance,20,20x30,,Merkava 1 Tank Company,ז
504ז,M113 ZELDA,reconnaissance,20,20x30,,Merkava 1 Tank Company,ז
505ז,M113 ZELDA,reconnaissance,20,20x30,,Merkava 1 Tank Company,ז
506ז,M113 ZELDA,reconnaissance,20,20x30,,Merkava 1 Tank Company,ז
507ז,M113 ZELDA,reconnaissance,20,20x30,,Merkava 1 Tank Company,ז
508ז,RABBI,reconnaissance,20,20x30,,Merkava 1 Tank Company,ז
509ז,RABBI,reconnaissance,20,20x30,,Merkava 1 Tank Company,ז
510ז,RABBI,reconnaissance,20,20x30,,Merkava 1 Tank Company,ז
511ז,UH-1,utility helicopter,20,20x40,,Merkava 1 Tank Company,ז
512ז,UH-1,utility helicopter,20,20x40,,Merkava 1 Tank Company,ז
601ז,GALIL,infantry,40,40x20,,Merkava 1 Tank Company,ז
602ז,GALIL,infantry,40,40x20,,Merkava 1 Tank Company,ז
603ז,GALIL,infantry,40,40x20,,Merkava 1 Tank Company,ז
604ז,GALIL,infantry,40,40x20,,Merkava 1 Tank Company,ז
605ז,FN MAG,machine gun,40,40x20,,Merkava 1 Tank Company,ז
606ז,FN MAG,machine gun,40,40x20,,Merkava 1 Tank Company,ז
607ז,FN MAG,machine gun,40,40x20,,Merkava 1 Tank Company,ז
608ז,RPG-7,anti-tank,20,20x20,,Merkava 1 Tank Company,ז
609ז,RPG-7,anti-tank,20,20x20,,Merkava 1 Tank Company,ז
610ז,RPG-7,anti-tank,20,20x20,,Merkava 1 Tank Company,ז
611ז,M47 DRAGON,anti-tank,20,20x20,,Merkava 1 Tank Company,ז
612ז,52MM,mortar,20,20x20,,Merkava 1 Tank Company,ז
613ז,M113 ZELDA,armored personnel carrier,20,20x30,,Merkava 1 Tank Company,ז
614ז,M113 ZELDA,armored personnel carrier,20,20x30,,Merkava 1 Tank Company,ז
615ז,M113 ZELDA,armored personnel carrier,20,20x30,,Merkava 1 Tank Company,ז
616ז,M113 ZELDA,armored personnel carrier,20,20x30,,Merkava 1 Tank Company,ז
613ז,M113 VAYZATA,armored personnel carrier,20,20x30,,Merkava 1 Tank Company,ז
614ז,M113 VAYZATA,armored personnel carrier,20,20x30,,Merkava 1 Tank Company,ז
615ז,M113 VAYZATA,armored personnel carrier,20,20x30,,Merkava 1 Tank Company,ז
616ז,M113 VAYZATA,armored personnel carrier,20,20x30,,Merkava 1 Tank Company,ז
613ז,NAGMASHOT,armored personnel carrier,20,20x40,,Merkava 1 Tank Company,ז
614ז,NAGMASHOT,armored personnel carrier,20,20x40,,Merkava 1 Tank Company,ז
615ז,NAGMASHOT,armored personnel carrier,20,20x40,,Merkava 1 Tank Company,ז
616ז,NAGMASHOT,armored personnel carrier,20,20x40,,Merkava 1 Tank Company,ז
625ז,GALIL,infantry,40,40x20,,Merkava 1 Tank Company,ז
626ז,GALIL,infantry,40,40x20,,Merkava 1 Tank Company,ז
627ז,GALIL,infantry,40,40x20,,Merkava 1 Tank Company,ז
628ז,GALIL,infantry,40,40x20,,Merkava 1 Tank Company,ז
629ז,FN MAG,machine gun,40,40x20,,Merkava 1 Tank Company,ז
630ז,FN MAG,machine gun,40,40x20,,Merkava 1 Tank Company,ז
631ז,FN MAG,machine gun,40,40x20,,Merkava 1 Tank Company,ז
632ז,RPG-7,anti-tank,20,20x20,,Merkava 1 Tank Company,ז
633ז,RPG-7,anti-tank,20,20x20,,Merkava 1 Tank Company,ז
634ז,RPG-7,anti-tank,20,20x20,,Merkava 1 Tank Company,ז
635ז,M47 DRAGON,anti-tank,20,20x20,,Merkava 1 Tank Company,ז
636ז,52MM,mortar,20,20x20,,Merkava 1 Tank Company,ז
637ז,M113 ZELDA,armored personnel carrier,20,20x30,,Merkava 1 Tank Company,ז
638ז,M113 ZELDA,armored personnel carrier,20,20x30,,Merkava 1 Tank Company,ז
639ז,M113 ZELDA,armored personnel carrier,20,20x30,,Merkava 1 Tank Company,ז
640ז,M113 ZELDA,armored personnel carrier,20,20x30,,Merkava 1 Tank Company,ז
001ח,MERKAVA 1,armor,20,20x40,true,Merkava 1 Tank Company,ח
002ח,MERKAVA 1,armor,20,20x40,true,Merkava 1 Tank Company,ח
101ח,MERKAVA 1,armor,20,20x40,,Merkava 1 Tank Company,ח
102ח,MERKAVA 1,armor,20,20x40,,Merkava 1 Tank Company,ח
103ח,MERKAVA 1,armor,20,20x40,,Merkava 1 Tank Company,ח
201ח,MERKAVA 1,armor,20,20x40,,Merkava 1 Tank Company,ח
202ח,MERKAVA 1,armor,20,20x40,,Merkava 1 Tank Company,ח
203ח,MERKAVA 1,armor,20,20x40,,Merkava 1 Tank Company,ח
301ח,MERKAVA 1,armor,20,20x40,,Merkava 1 Tank Company,ח
302ח,MERKAVA 1,armor,20,20x40,,Merkava 1 Tank Company,ח
303ח,MERKAVA 1,armor,20,20x40,,Merkava 1 Tank Company,ח
304ח,MERKAVA 2,armor,20,20x40,,Merkava 1 Tank Company,ח
305ח,MERKAVA 2,armor,20,20x40,,Merkava 1 Tank Company,ח
306ח,MERKAVA 2,armor,20,20x40,,Merkava 1 Tank Company,ח
307ח,MERKAVA 3,armor,20,20x40,,Merkava 1 Tank Company,ח
308ח,MERKAVA 3,armor,20,20x40,,Merkava 1 Tank Company,ח
309ח,MERKAVA 3,armor,20,20x40,,Merkava 1 Tank Company,ח
401ח,MERKAVA 1,armor,20,20x40,,Merkava 1 Tank Company,ח
402ח,MERKAVA 1,armor,20,20x40,,Merkava 1 Tank Company,ח
403ח,MERKAVA 1,armor,20,20x40,,Merkava 1 Tank Company,ח
501ח,JEEP,reconnaissance,20,20x30,,Merkava 1 Tank Company,ח
502ח,JEEP,reconnaissance,20,20x30,,Merkava 1 Tank Company,ח
503ח,JEEP,reconnaissance,20,20x30,,Merkava 1 Tank Company,ח
504ח,M113 ZELDA,reconnaissance,20,20x30,,Merkava 1 Tank Company,ח
505ח,M113 ZELDA,reconnaissance,20,20x30,,Merkava 1 Tank Company,ח
506ח,M113 ZELDA,reconnaissance,20,20x30,,Merkava 1 Tank Company,ח
507ח,M113 ZELDA,reconnaissance,20,20x30,,Merkava 1 Tank Company,ח
508ח,RABBI,reconnaissance,20,20x30,,Merkava 1 Tank Company,ח
509ח,RABBI,reconnaissance,20,20x30,,Merkava 1 Tank Company,ח
510ח,RABBI,reconnaissance,20,20x30,,Merkava 1 Tank Company,ח
511ח,UH-1,utility helicopter,20,20x40,,Merkava 1 Tank Company,ח
512ח,UH-1,utility helicopter,20,20x40,,Merkava 1 Tank Company,ח
601ח,GALIL,infantry,40,40x20,,Merkava 1 Tank Company,ח
602ח,GALIL,infantry,40,40x20,,Merkava 1 Tank Company,ח
603ח,GALIL,infantry,40,40x20,,Merkava 1 Tank Company,ח
604ח,GALIL,infantry,40,40x20,,Merkava 1 Tank Company,ח
605ח,FN MAG,machine gun,40,40x20,,Merkava 1 Tank Company,ח
606ח,FN MAG,machine gun,40,40x20,,Merkava 1 Tank Company,ח
607ח,FN MAG,machine gun,40,40x20,,Merkava 1 Tank Company,ח
608ח,RPG-7,anti-tank,20,20x20,,Merkava 1 Tank Company,ח
609ח,RPG-7,anti-tank,20,20x20,,Merkava 1 Tank Company,ח
610ח,RPG-7,anti-tank,20,20x20,,Merkava 1 Tank Company,ח
611ח,M47 DRAGON,anti-tank,20,20x20,,Merkava 1 Tank Company,ח
612ח,52MM,mortar,20,20x20,,Merkava 1 Tank Company,ח
613ח,M113 ZELDA,armored personnel carrier,20,20x30,,Merkava 1 Tank Company,ח
614ח,M113 ZELDA,armored personnel carrier,20,20x30,,Merkava 1 Tank Company,ח
615ח,M113 ZELDA,armored personnel carrier,20,20x30,,Merkava 1 Tank Company,ח
616ח,M113 ZELDA,armored personnel carrier,20,20x30,,Merkava 1 Tank Company,ח
613ח,M113 VAYZATA,armored personnel carrier,20,20x30,,Merkava 1 Tank Company,ח
614ח,M113 VAYZATA,armored personnel carrier,20,20x30,,Merkava 1 Tank Company,ח
615ח,M113 VAYZATA,armored personnel carrier,20,20x30,,Merkava 1 Tank Company,ח
616ח,M113 VAYZATA,armored personnel carrier,20,20x30,,Merkava 1 Tank Company,ח
613ח,NAGMASHOT,armored personnel carrier,20,20x40,,Merkava 1 Tank Company,ח
614ח,NAGMASHOT,armored personnel carrier,20,20x40,,Merkava 1 Tank Company,ח
615ח,NAGMASHOT,armored personnel carrier,20,20x40,,Merkava 1 Tank Company,ח
616ח,NAGMASHOT,armored personnel carrier,20,20x40,,Merkava 1 Tank Company,ח
625ח,GALIL,infantry,40,40x20,,Merkava 1 Tank Company,ח
626ח,GALIL,infantry,40,40x20,,Merkava 1 Tank Company,ח
627ח,GALIL,infantry,40,40x20,,Merkava 1 Tank Company,ח
628ח,GALIL,infantry,40,40x20,,Merkava 1 Tank Company,ח
629ח,FN MAG,machine gun,40,40x20,,Merkava 1 Tank Company,ח
630ח,FN MAG,machine gun,40,40x20,,Merkava 1 Tank Company,ח
631ח,FN MAG,machine gun,40,40x20,,Merkava 1 Tank Company,ח
632ח,RPG-7,anti-tank,20,20x20,,Merkava 1 Tank Company,ח
633ח,RPG-7,anti-tank,20,20x20,,Merkava 1 Tank Company,ח
634ח,RPG-7,anti-tank,20,20x20,,Merkava 1 Tank Company,ח
635ח,M47 DRAGON,anti-tank,20,20x20,,Merkava 1 Tank Company,ח
636ח,52MM,mortar,20,20x20,,Merkava 1 Tank Company,ח
637ח,M113 ZELDA,armored personnel carrier,20,20x30,,Merkava 1 Tank Company,ח
638ח,M113 ZELDA,armored personnel carrier,20,20x30,,Merkava 1 Tank Company,ח
639ח,M113 ZELDA,armored personnel carrier,20,20x30,,Merkava 1 Tank Company,ח
640ח,M113 ZELDA,armored personnel carrier,20,20x30,,Merkava 1 Tank Company,ח
001ט,MERKAVA 1,armor,20,20x40,true,Merkava 1 Tank Company,ט
002ט,MERKAVA 1,armor,20,20x40,true,Merkava 1 Tank Company,ט
101ט,MERKAVA 1,armor,20,20x40,,Merkava 1 Tank Company,ט
102ט,MERKAVA 1,armor,20,20x40,,Merkava 1 Tank Company,ט
103ט,MERKAVA 1,armor,20,20x40,,Merkava 1 Tank Company,ט
201ט,MERKAVA 1,armor,20,20x40,,Merkava 1 Tank Company,ט
202ט,MERKAVA 1,armor,20,20x40,,Merkava 1 Tank Company,ט
203ט,MERKAVA 1,armor,20,20x40,,Merkava 1 Tank Company,ט
301ט,MERKAVA 1,armor,20,20x40,,Merkava 1 Tank Company,ט
302ט,MERKAVA 1,armor,20,20x40,,Merkava 1 Tank Company,ט
303ט,MERKAVA 1,armor,20,20x40,,Merkava 1 Tank Company,ט
304ט,MERKAVA 2,armor,20,20x40,,Merkava 1 Tank Company,ט
305ט,MERKAVA 2,armor,20,20x40,,Merkava 1 Tank Company,ט
306ט,MERKAVA 2,armor,20,20x40,,Merkava 1 Tank Company,ט
307ט,MERKAVA 3,armor,20,20x40,,Merkava 1 Tank Company,ט
308ט,MERKAVA 3,armor,20,20x40,,Merkava 1 Tank Company,ט
309ט,MERKAVA 3,armor,20,20x40,,Merkava 1 Tank Company,ט
401ט,MERKAVA 1,armor,20,20x40,,Merkava 1 Tank Company,ט
402ט,MERKAVA 1,armor,20,20x40,,Merkava 1 Tank Company,ט
403ט,MERKAVA 1,armor,20,20x40,,Merkava 1 Tank Company,ט
501ט,JEEP,reconnaissance,20,20x30,,Merkava 1 Tank Company,ט
502ט,JEEP,reconnaissance,20,20x30,,Merkava 1 Tank Company,ט
503ט,JEEP,reconnaissance,20,20x30,,Merkava 1 Tank Company,ט
504ט,M113 ZELDA,reconnaissance,20,20x30,,Merkava 1 Tank Company,ט
505ט,M113 ZELDA,reconnaissance,20,20x30,,Merkava 1 Tank Company,ט
506ט,M113 ZELDA,reconnaissance,20,20x30,,Merkava 1 Tank Company,ט
507ט,M113 ZELDA,reconnaissance,20,20x30,,Merkava 1 Tank Company,ט
508ט,RABBI,reconnaissance,20,20x30,,Merkava 1 Tank Company,ט
509ט,RABBI,reconnaissance,20,20x30,,Merkava 1 Tank Company,ט
510ט,RABBI,reconnaissance,20,20x30,,Merkava 1 Tank Company,ט
511ט,UH-1,utility helicopter,20,20x40,,Merkava 1 Tank Company,ט
512ט,UH-1,utility helicopter,20,20x40,,Merkava 1 Tank Company,ט
601ט,GALIL,infantry,40,40x20,,Merkava 1 Tank Company,ט
602ט,GALIL,infantry,40,40x20,,Merkava 1 Tank Company,ט
603ט,GALIL,infantry,40,40x20,,Merkava 1 Tank Company,ט
604ט,GALIL,infantry,40,40x20,,Merkava 1 Tank Company,ט
605ט,FN MAG,machine gun,40,40x20,,Merkava 1 Tank Company,ט
606ט,FN MAG,machine gun,40,40x20,,Merkava 1 Tank Company,ט
607ט,FN MAG,machine gun,40,40x20,,Merkava 1 Tank Company,ט
608ט,RPG-7,anti-tank,20,20x20,,Merkava 1 Tank Company,ט
609ט,RPG-7,anti-tank,20,20x20,,Merkava 1 Tank Company,ט
610ט,RPG-7,anti-tank,20,20x20,,Merkava 1 Tank Company,ט
611ט,M47 DRAGON,anti-tank,20,20x20,,Merkava 1 Tank Company,ט
612ט,52MM,mortar,20,20x20,,Merkava 1 Tank Company,ט
613ט,M113 ZELDA,armored personnel carrier,20,20x30,,Merkava 1 Tank Company,ט
614ט,M113 ZELDA,armored personnel carrier,20,20x30,,Merkava 1 Tank Company,ט
615ט,M113 ZELDA,armored personnel carrier,20,20x30,,Merkava 1 Tank Company,ט
616ט,M113 ZELDA,armored personnel carrier,20,20x30,,Merkava 1 Tank Company,ט
613ט,M113 VAYZATA,armored personnel carrier,20,20x30,,Merkava 1 Tank Company,ט
614ט,M113 VAYZATA,armored personnel carrier,20,20x30,,Merkava 1 Tank Company,ט
615ט,M113 VAYZATA,armored personnel carrier,20,20x30,,Merkava 1 Tank Company,ט
616ט,M113 VAYZATA,armored personnel carrier,20,20x30,,Merkava 1 Tank Company,ט
613ט,NAGMASHOT,armored personnel carrier,20,20x40,,Merkava 1 Tank Company,ט
614ט,NAGMASHOT,armored personnel carrier,20,20x40,,Merkava 1 Tank Company,ט
615ט,NAGMASHOT,armored personnel carrier,20,20x40,,Merkava 1 Tank Company,ט
616ט,NAGMASHOT,armored personnel carrier,20,20x40,,Merkava 1 Tank Company,ט
625ט,GALIL,infantry,40,40x20,,Merkava 1 Tank Company,ט
626ט,GALIL,infantry,40,40x20,,Merkava 1 Tank Company,ט
627ט,GALIL,infantry,40,40x20,,Merkava 1 Tank Company,ט
628ט,GALIL,infantry,40,40x20,,Merkava 1 Tank Company,ט
629ט,FN MAG,machine gun,40,40x20,,Merkava 1 Tank Company,ט
630ט,FN MAG,machine gun,40,40x20,,Merkava 1 Tank Company,ט
631ט,FN MAG,machine gun,40,40x20,,Merkava 1 Tank Company,ט
632ט,RPG-7,anti-tank,20,20x20,,Merkava 1 Tank Company,ט
633ט,RPG-7,anti-tank,20,20x20,,Merkava 1 Tank Company,ט
634ט,RPG-7,anti-tank,20,20x20,,Merkava 1 Tank Company,ט
635ט,M47 DRAGON,anti-tank,20,20x20,,Merkava 1 Tank Company,ט
636ט,52MM,mortar,20,20x20,,Merkava 1 Tank Company,ט
637ט,M113 ZELDA,armored personnel carrier,20,20x30,,Merkava 1 Tank Company,ט
638ט,M113 ZELDA,armored personnel carrier,20,20x30,,Merkava 1 Tank Company,ט
639ט,M113 ZELDA,armored personnel carrier,20,20x30,,Merkava 1 Tank Company,ט
640ט,M113 ZELDA,armored personnel carrier,20,20x30,,Merkava 1 Tank Company,ט
001י,MAGACH 6,armor,20,20x40,true,Magach 6 Tank Company,י
002י,MAGACH 6,armor,20,20x40,true,Magach 6 Tank Company,י
101י,MAGACH 6,armor,20,20x40,,Magach 6 Tank Company,י
102י,MAGACH 6,armor,20,20x40,,Magach 6 Tank Company,י
103י,MAGACH 6,armor,20,20x40,,Magach 6 Tank Company,י
104י,MAGACH 6 BLAZER,armor,20,20x40,,Magach 6 Tank Company,י
105י,MAGACH 6 BLAZER,armor,20,20x40,,Magach 6 Tank Company,י
106י,MAGACH 6 BLAZER,armor,20,20x40,,Magach 6 Tank Company,י
201י,MAGACH 6,armor,20,20x40,,Magach 6 Tank Company,י
202י,MAGACH 6,armor,20,20x40,,Magach 6 Tank Company,י
203י,MAGACH 6,armor,20,20x40,,Magach 6 Tank Company,י
204י,MAGACH 6 BLAZER,armor,20,20x40,,Magach 6 Tank Company,י
205י,MAGACH 6 BLAZER,armor,20,20x40,,Magach 6 Tank Company,י
206י,MAGACH 6 BLAZER,armor,20,20x40,,Magach 6 Tank Company,י
301י,MAGACH 6,armor,20,20x40,,Magach 6 Tank Company,י
302י,MAGACH 6,armor,20,20x40,,Magach 6 Tank Company,י
303י,MAGACH 6,armor,20,20x40,,Magach 6 Tank Company,י
304י,MAGACH 6 BLAZER,armor,20,20x40,,Magach 6 Tank Company,י
305י,MAGACH 6 BLAZER,armor,20,20x40,,Magach 6 Tank Company,י
306י,MAGACH 6 BLAZER,armor,20,20x40,,Magach 6 Tank Company,י
401י,JEEP,reconnaissance,20,20x30,,Magach 6 Tank Company,י
402י,JEEP,reconnaissance,20,20x30,,Magach 6 Tank Company,י
403י,JEEP,reconnaissance,20,20x30,,Magach 6 Tank Company,י
404י,M113 ZELDA,reconnaissance,20,20x30,,Magach 6 Tank Company,י
405י,M113 ZELDA,reconnaissance,20,20x30,,Magach 6 Tank Company,י
406י,M113 ZELDA,reconnaissance,20,20x30,,Magach 6 Tank Company,י
407י,M113 ZELDA,reconnaissance,20,20x30,,Magach 6 Tank Company,י
408י,RABBI,reconnaissance,20,20x30,,Magach 6 Tank Company,י
409י,RABBI,reconnaissance,20,20x30,,Magach 6 Tank Company,י
410י,RABBI,reconnaissance,20,20x30,,Magach 6 Tank Company,י
411י,UH-1,utility helicopter,20,20x40,,Magach 6 Tank Company,י
412י,UH-1,utility helicopter,20,20x40,,Magach 6 Tank Company,י
501י,GALIL,infantry,40,40x20,,Magach 6 Tank Company,י
502י,GALIL,infantry,40,40x20,,Magach 6 Tank Company,י
503י,GALIL,infantry,40,40x20,,Magach 6 Tank Company,י
504י,GALIL,infantry,40,40x20,,Magach 6 Tank Company,י
505י,FN MAG,machine gun,40,40x20,,Magach 6 Tank Company,י
506י,FN MAG,machine gun,40,40x20,,Magach 6 Tank Company,י
507י,FN MAG,machine gun,40,40x20,,Magach 6 Tank Company,י
508י,RPG-7,anti-tank,20,20x20,,Magach 6 Tank Company,י
509י,RPG-7,anti-tank,20,20x20,,Magach 6 Tank Company,י
510י,RPG-7,anti-tank,20,20x20,,Magach 6 Tank Company,י
511י,M47 DRAGON,anti-tank,20,20x20,,Magach 6 Tank Company,י
512י,52MM,mortar,20,20x20,,Magach 6 Tank Company,י
513י,M113 ZELDA,armored personnel carrier,20,20x30,,Magach 6 Tank Company,י
514י,M113 ZELDA,armored personnel carrier,20,20x30,,Magach 6 Tank Company,י
515י,M113 ZELDA,armored personnel carrier,20,20x30,,Magach 6 Tank Company,י
516י,M113 ZELDA,armored personnel carrier,20,20x30,,Magach 6 Tank Company,י
513י,M113 VAYZATA,armored personnel carrier,20,20x30,,Magach 6 Tank Company,י
514י,M113 VAYZATA,armored personnel carrier,20,20x30,,Magach 6 Tank Company,י
515י,M113 VAYZATA,armored personnel carrier,20,20x30,,Magach 6 Tank Company,י
516י,M113 VAYZATA,armored personnel carrier,20,20x30,,Magach 6 Tank Company,י
513י,NAGMASHOT,armored personnel carrier,20,20x40,,Magach 6 Tank Company,י
514י,NAGMASHOT,armored personnel carrier,20,20x40,,Magach 6 Tank Company,י
515י,NAGMASHOT,armored personnel carrier,20,20x40,,Magach 6 Tank Company,י
516י,NAGMASHOT,armored personnel carrier,20,20x40,,Magach 6 Tank Company,י
525י,GALIL,infantry,40,40x20,,Magach 6 Tank Company,י
526י,GALIL,infantry,40,40x20,,Magach 6 Tank Company,י
527י,GALIL,infantry,40,40x20,,Magach 6 Tank Company,י
528י,GALIL,infantry,40,40x20,,Magach 6 Tank Company,י
529י,FN MAG,machine gun,40,40x20,,Magach 6 Tank Company,י
530י,FN MAG,machine gun,40,40x20,,Magach 6 Tank Company,י
531י,FN MAG,machine gun,40,40x20,,Magach 6 Tank Company,י
532י,RPG-7,anti-tank,20,20x20,,Magach 6 Tank Company,י
533י,RPG-7,anti-tank,20,20x20,,Magach 6 Tank Company,י
534י,RPG-7,anti-tank,20,20x20,,Magach 6 Tank Company,י
535י,M47 DRAGON,anti-tank,20,20x20,,Magach 6 Tank Company,י
536י,52MM,mortar,20,20x20,,Magach 6 Tank Company,י
537י,M113 ZELDA,armored personnel carrier,20,20x30,,Magach 6 Tank Company,י
538י,M113 ZELDA,armored personnel carrier,20,20x30,,Magach 6 Tank Company,י
539י,M113 ZELDA,armored personnel carrier,20,20x30,,Magach 6 Tank Company,י
540י,M113 ZELDA,armored personnel carrier,20,20x30,,Magach 6 Tank Company,י
001כ,MAGACH 6,armor,20,20x40,true,Magach 6 Tank Company,כ
002כ,MAGACH 6,armor,20,20x40,true,Magach 6 Tank Company,כ
101כ,MAGACH 6,armor,20,20x40,,Magach 6 Tank Company,כ
102כ,MAGACH 6,armor,20,20x40,,Magach 6 Tank Company,כ
103כ,MAGACH 6,armor,20,20x40,,Magach 6 Tank Company,כ
104כ,MAGACH 6 BLAZER,armor,20,20x40,,Magach 6 Tank Company,כ
105כ,MAGACH 6 BLAZER,armor,20,20x40,,Magach 6 Tank Company,כ
106כ,MAGACH 6 BLAZER,armor,20,20x40,,Magach 6 Tank Company,כ
201כ,MAGACH 6,armor,20,20x40,,Magach 6 Tank Company,כ
202כ,MAGACH 6,armor,20,20x40,,Magach 6 Tank Company,כ
203כ,MAGACH 6,armor,20,20x40,,Magach 6 Tank Company,כ
204כ,MAGACH 6 BLAZER,armor,20,20x40,,Magach 6 Tank Company,כ
205כ,MAGACH 6 BLAZER,armor,20,20x40,,Magach 6 Tank Company,כ
206כ,MAGACH 6 BLAZER,armor,20,20x40,,Magach 6 Tank Company,כ
301כ,MAGACH 6,armor,20,20x40,,Magach 6 Tank Company,כ
302כ,MAGACH 6,armor,20,20x40,,Magach 6 Tank Company,כ
303כ,MAGACH 6,armor,20,20x40,,Magach 6 Tank Company,כ
304כ,MAGACH 6 BLAZER,armor,20,20x40,,Magach 6 Tank Company,כ
305כ,MAGACH 6 BLAZER,armor,20,20x40,,Magach 6 Tank Company,כ
306כ,MAGACH 6 BLAZER,armor,20,20x40,,Magach 6 Tank Company,כ
401כ,JEEP,reconnaissance,20,20x30,,Magach 6 Tank Company,כ
402כ,JEEP,reconnaissance,20,20x30,,Magach 6 Tank Company,כ
403כ,JEEP,reconnaissance,20,20x30,,Magach 6 Tank Company,כ
404כ,M113 ZELDA,reconnaissance,20,20x30,,Magach 6 Tank Company,כ
405כ,M113 ZELDA,reconnaissance,20,20x30,,Magach 6 Tank Company,כ
406כ,M113 ZELDA,reconnaissance,20,20x30,,Magach 6 Tank Company,כ
407כ,M113 ZELDA,reconnaissance,20,20x30,,Magach 6 Tank Company,כ
408כ,RABBI,reconnaissance,20,20x30,,Magach 6 Tank Company,כ
409כ,RABBI,reconnaissance,20,20x30,,Magach 6 Tank Company,כ
410כ,RABBI,reconnaissance,20,20x30,,Magach 6 Tank Company,כ
411כ,UH-1,utility helicopter,20,20x40,,Magach 6 Tank Company,כ
412כ,UH-1,utility helicopter,20,20x40,,Magach 6 Tank Company,כ
501כ,GALIL,infantry,40,40x20,,Magach 6 Tank Company,כ
502כ,GALIL,infantry,40,40x20,,Magach 6 Tank Company,כ
503כ,GALIL,infantry,40,40x20,,Magach 6 Tank Company,כ
504כ,GALIL,infantry,40,40x20,,Magach 6 Tank Company,כ
505כ,FN MAG,machine gun,40,40x20,,Magach 6 Tank Company,כ
506כ,FN MAG,machine gun,40,40x20,,Magach 6 Tank Company,כ
507כ,FN MAG,machine gun,40,40x20,,Magach 6 Tank Company,כ
508כ,RPG-7,anti-tank,20,20x20,,Magach 6 Tank Company,כ
509כ,RPG-7,anti-tank,20,20x20,,Magach 6 Tank Company,כ
510כ,RPG-7,anti-tank,20,20x20,,Magach 6 Tank Company,כ
511כ,M47 DRAGON,anti-tank,20,20x20,,Magach 6 Tank Company,כ
512כ,52MM,mortar,20,20x20,,Magach 6 Tank Company,כ
513כ,M113 ZELDA,armored personnel carrier,20,20x30,,Magach 6 Tank Company,כ
514כ,M113 ZELDA,armored personnel carrier,20,20x30,,Magach 6 Tank Company,כ
515כ,M113 ZELDA,armored personnel carrier,20,20x30,,Magach 6 Tank Company,כ
516כ,M113 ZELDA,armored personnel carrier,20,20x30,,Magach 6 Tank Company,כ
513כ,M113 VAYZATA,armored personnel carrier,20,20x30,,Magach 6 Tank Company,כ
514כ,M113 VAYZATA,armored personnel carrier,20,20x30,,Magach 6 Tank Company,כ
515כ,M113 VAYZATA,armored personnel carrier,20,20x30,,Magach 6 Tank Company,כ
516כ,M113 VAYZATA,armored personnel carrier,20,20x30,,Magach 6 Tank Company,כ
513כ,NAGMASHOT,armored personnel carrier,20,20x40,,Magach 6 Tank Company,כ
514כ,NAGMASHOT,armored personnel carrier,20,20x40,,Magach 6 Tank Company,כ
515כ,NAGMASHOT,armored personnel carrier,20,20x40,,Magach 6 Tank Company,כ
516כ,NAGMASHOT,armored personnel carrier,20,20x40,,Magach 6 Tank Company,כ
525כ,GALIL,infantry,40,40x20,,Magach 6 Tank Company,כ
526כ,GALIL,infantry,40,40x20,,Magach 6 Tank Company,כ
527כ,GALIL,infantry,40,40x20,,Magach 6 Tank Company,כ
528כ,GALIL,infantry,40,40x20,,Magach 6 Tank Company,כ
529כ,FN MAG,machine gun,40,40x20,,Magach 6 Tank Company,כ
530כ,FN MAG,machine gun,40,40x20,,Magach 6 Tank Company,כ
531כ,FN MAG,machine gun,40,40x20,,Magach 6 Tank Company,כ
532כ,RPG-7,anti-tank,20,20x20,,Magach 6 Tank Company,כ
533כ,RPG-7,anti-tank,20,20x20,,Magach 6 Tank Company,כ
534כ,RPG-7,anti-tank,20,20x20,,Magach 6 Tank Company,כ
535כ,M47 DRAGON,anti-tank,20,20x20,,Magach 6 Tank Company,כ
536כ,52MM,mortar,20,20x20,,Magach 6 Tank Company,כ
537כ,M113 ZELDA,armored personnel carrier,20,20x30,,Magach 6 Tank Company,כ
538כ,M113 ZELDA,armored personnel carrier,20,20x30,,Magach 6 Tank Company,כ
539כ,M113 ZELDA,armored personnel carrier,20,20x30,,Magach 6 Tank Company,כ
540כ,M113 ZELDA,armored personnel carrier,20,20x30,,Magach 6 Tank Company,כ
001ל,MAGACH 6,armor,20,20x40,true,Magach 6 Tank Company,ל
002ל,MAGACH 6,armor,20,20x40,true,Magach 6 Tank Company,ל
101ל,MAGACH 6,armor,20,20x40,,Magach 6 Tank Company,ל
102ל,MAGACH 6,armor,20,20x40,,Magach 6 Tank Company,ל
103ל,MAGACH 6,armor,20,20x40,,Magach 6 Tank Company,ל
104ל,MAGACH 6 BLAZER,armor,20,20x40,,Magach 6 Tank Company,ל
105ל,MAGACH 6 BLAZER,armor,20,20x40,,Magach 6 Tank Company,ל
106ל,MAGACH 6 BLAZER,armor,20,20x40,,Magach 6 Tank Company,ל
201ל,MAGACH 6,armor,20,20x40,,Magach 6 Tank Company,ל
202ל,MAGACH 6,armor,20,20x40,,Magach 6 Tank Company,ל
203ל,MAGACH 6,armor,20,20x40,,Magach 6 Tank Company,ל
204ל,MAGACH 6 BLAZER,armor,20,20x40,,Magach 6 Tank Company,ל
205ל,MAGACH 6 BLAZER,armor,20,20x40,,Magach 6 Tank Company,ל
206ל,MAGACH 6 BLAZER,armor,20,20x40,,Magach 6 Tank Company,ל
301ל,MAGACH 6,armor,20,20x40,,Magach 6 Tank Company,ל
302ל,MAGACH 6,armor,20,20x40,,Magach 6 Tank Company,ל
303ל,MAGACH 6,armor,20,20x40,,Magach 6 Tank Company,ל
304ל,MAGACH 6 BLAZER,armor,20,20x40,,Magach 6 Tank Company,ל
305ל,MAGACH 6 BLAZER,armor,20,20x40,,Magach 6 Tank Company,ל
306ל,MAGACH 6 BLAZER,armor,20,20x40,,Magach 6 Tank Company,ל
401ל,JEEP,reconnaissance,20,20x30,,Magach 6 Tank Company,ל
402ל,JEEP,reconnaissance,20,20x30,,Magach 6 Tank Company,ל
403ל,JEEP,reconnaissance,20,20x30,,Magach 6 Tank Company,ל
404ל,M113 ZELDA,reconnaissance,20,20x30,,Magach 6 Tank Company,ל
405ל,M113 ZELDA,reconnaissance,20,20x30,,Magach 6 Tank Company,ל
406ל,M113 ZELDA,reconnaissance,20,20x30,,Magach 6 Tank Company,ל
407ל,M113 ZELDA,reconnaissance,20,20x30,,Magach 6 Tank Company,ל
408ל,RABBI,reconnaissance,20,20x30,,Magach 6 Tank Company,ל
409ל,RABBI,reconnaissance,20,20x30,,Magach 6 Tank Company,ל
410ל,RABBI,reconnaissance,20,20x30,,Magach 6 Tank Company,ל
411ל,UH-1,utility helicopter,20,20x40,,Magach 6 Tank Company,ל
412ל,UH-1,utility helicopter,20,20x40,,Magach 6 Tank Company,ל
501ל,GALIL,infantry,40,40x20,,Magach 6 Tank Company,ל
502ל,GALIL,infantry,40,40x20,,Magach 6 Tank Company,ל
503ל,GALIL,infantry,40,40x20,,Magach 6 Tank Company,ל
504ל,GALIL,infantry,40,40x20,,Magach 6 Tank Company,ל
505ל,FN MAG,machine gun,40,40x20,,Magach 6 Tank Company,ל
506ל,FN MAG,machine gun,40,40x20,,Magach 6 Tank Company,ל
507ל,FN MAG,machine gun,40,40x20,,Magach 6 Tank Company,ל
508ל,RPG-7,anti-tank,20,20x20,,Magach 6 Tank Company,ל
509ל,RPG-7,anti-tank,20,20x20,,Magach 6 Tank Company,ל
510ל,RPG-7,anti-tank,20,20x20,,Magach 6 Tank Company,ל
511ל,M47 DRAGON,anti-tank,20,20x20,,Magach 6 Tank Company,ל
512ל,52MM,mortar,20,20x20,,Magach 6 Tank Company,ל
513ל,M113 ZELDA,armored personnel carrier,20,20x30,,Magach 6 Tank Company,ל
514ל,M113 ZELDA,armored personnel carrier,20,20x30,,Magach 6 Tank Company,ל
515ל,M113 ZELDA,armored personnel carrier,20,20x30,,Magach 6 Tank Company,ל
516ל,M113 ZELDA,armored personnel carrier,20,20x30,,Magach 6 Tank Company,ל
513ל,M113 VAYZATA,armored personnel carrier,20,20x30,,Magach 6 Tank Company,ל
514ל,M113 VAYZATA,armored personnel carrier,20,20x30,,Magach 6 Tank Company,ל
515ל,M113 VAYZATA,armored personnel carrier,20,20x30,,Magach 6 Tank Company,ל
516ל,M113 VAYZATA,armored personnel carrier,20,20x30,,Magach 6 Tank Company,ל
513ל,NAGMASHOT,armored personnel carrier,20,20x40,,Magach 6 Tank Company,ל
514ל,NAGMASHOT,armored personnel carrier,20,20x40,,Magach 6 Tank Company,ל
515ל,NAGMASHOT,armored personnel carrier,20,20x40,,Magach 6 Tank Company,ל
516ל,NAGMASHOT,armored personnel carrier,20,20x40,,Magach 6 Tank Company,ל
525ל,GALIL,infantry,40,40x20,,Magach 6 Tank Company,ל
526ל,GALIL,infantry,40,40x20,,Magach 6 Tank Company,ל
527ל,GALIL,infantry,40,40x20,,Magach 6 Tank Company,ל
528ל,GALIL,infantry,40,40x20,,Magach 6 Tank Company,ל
529ל,FN MAG,machine gun,40,40x20,,Magach 6 Tank Company,ל
530ל,FN MAG,machine gun,40,40x20,,Magach 6 Tank Company,ל
531ל,FN MAG,machine gun,40,40x20,,Magach 6 Tank Company,ל
532ל,RPG-7,anti-tank,20,20x20,,Magach 6 Tank Company,ל
533ל,RPG-7,anti-tank,20,20x20,,Magach 6 Tank Company,ל
534ל,RPG-7,anti-tank,20,20x20,,Magach 6 Tank Company,ל
535ל,M47 DRAGON,anti-tank,20,20x20,,Magach 6 Tank Company,ל
536ל,52MM,mortar,20,20x20,,Magach 6 Tank Company,ל
537ל,M113 ZELDA,armored personnel carrier,20,20x30,,Magach 6 Tank Company,ל
538ל,M113 ZELDA,armored personnel carrier,20,20x30,,Magach 6 Tank Company,ל
539ל,M113 ZELDA,armored personnel carrier,20,20x30,,Magach 6 Tank Company,ל
540ל,M113 ZELDA,armored personnel carrier,20,20x30,,Magach 6 Tank Company,ל
001מ,SHO'T BLAZER,armor,20,20x40,true,Sho't (Blazer) Tank Company,מ
002מ,SHO'T BLAZER,armor,20,20x40,true,Sho't (Blazer) Tank Company,מ
101מ,SHO'T BLAZER,armor,20,20x40,,Sho't (Blazer) Tank Company,מ
102מ,SHO'T BLAZER,armor,20,20x40,,Sho't (Blazer) Tank Company,מ
103מ,SHO'T BLAZER,armor,20,20x40,,Sho't (Blazer) Tank Company,מ
201מ,SHO'T BLAZER,armor,20,20x40,,Sho't (Blazer) Tank Company,מ
202מ,SHO'T BLAZER,armor,20,20x40,,Sho't (Blazer) Tank Company,מ
203מ,SHO'T BLAZER,armor,20,20x40,,Sho't (Blazer) Tank Company,מ
301מ,SHO'T BLAZER,armor,20,20x40,,Sho't (Blazer) Tank Company,מ
302מ,SHO'T BLAZER,armor,20,20x40,,Sho't (Blazer) Tank Company,מ
303מ,SHO'T BLAZER,armor,20,20x40,,Sho't (Blazer) Tank Company,מ
401מ,JEEP,reconnaissance,20,20x30,,Sho't (Blazer) Tank Company,מ
402מ,JEEP,reconnaissance,20,20x30,,Sho't (Blazer) Tank Company,מ
403מ,JEEP,reconnaissance,20,20x30,,Sho't (Blazer) Tank Company,מ
404מ,M113 ZELDA,reconnaissance,20,20x30,,Sho't (Blazer) Tank Company,מ
405מ,M113 ZELDA,reconnaissance,20,20x30,,Sho't (Blazer) Tank Company,מ
406מ,M113 ZELDA,reconnaissance,20,20x30,,Sho't (Blazer) Tank Company,מ
407מ,M113 ZELDA,reconnaissance,20,20x30,,Sho't (Blazer) Tank Company,מ
408מ,RABBI,reconnaissance,20,20x30,,Sho't (Blazer) Tank Company,מ
409מ,RABBI,reconnaissance,20,20x30,,Sho't (Blazer) Tank Company,מ
410מ,RABBI,reconnaissance,20,20x30,,Sho't (Blazer) Tank Company,מ
411מ,UH-1,utility helicopter,20,20x40,,Sho't (Blazer) Tank Company,מ
412מ,UH-1,utility helicopter,20,20x40,,Sho't (Blazer) Tank Company,מ
501מ,GALIL,infantry,40,40x20,,Sho't (Blazer) Tank Company,מ
502מ,GALIL,infantry,40,40x20,,Sho't (Blazer) Tank Company,מ
503מ,GALIL,infantry,40,40x20,,Sho't (Blazer) Tank Company,מ
504מ,GALIL,infantry,40,40x20,,Sho't (Blazer) Tank Company,מ
505מ,FN MAG,machine gun,40,40x20,,Sho't (Blazer) Tank Company,מ
506מ,FN MAG,machine gun,40,40x20,,Sho't (Blazer) Tank Company,מ
507מ,FN MAG,machine gun,40,40x20,,Sho't (Blazer) Tank Company,מ
508מ,RPG-7,anti-tank,20,20x20,,Sho't (Blazer) Tank Company,מ
509מ,RPG-7,anti-tank,20,20x20,,Sho't (Blazer) Tank Company,מ
510מ,RPG-7,anti-tank,20,20x20,,Sho't (Blazer) Tank Company,מ
511מ,M47 DRAGON,anti-tank,20,20x20,,Sho't (Blazer) Tank Company,מ
512מ,52MM,mortar,20,20x20,,Sho't (Blazer) Tank Company,מ
513מ,M113 ZELDA,armored personnel carrier,20,20x30,,Sho't (Blazer) Tank Company,מ
514מ,M113 ZELDA,armored personnel carrier,20,20x30,,Sho't (Blazer) Tank Company,מ
515מ,M113 ZELDA,armored personnel carrier,20,20x30,,Sho't (Blazer) Tank Company,מ
516מ,M113 ZELDA,armored personnel carrier,20,20x30,,Sho't (Blazer) Tank Company,מ
513מ,M113 VAYZATA,armored personnel carrier,20,20x30,,Sho't (Blazer) Tank Company,מ
514מ,M113 VAYZATA,armored personnel carrier,20,20x30,,Sho't (Blazer) Tank Company,מ
515מ,M113 VAYZATA,armored personnel carrier,20,20x30,,Sho't (Blazer) Tank Company,מ
516מ,M113 VAYZATA,armored personnel carrier,20,20x30,,Sho't (Blazer) Tank Company,מ
513מ,NAGMASHOT,armored personnel carrier,20,20x40,,Sho't (Blazer) Tank Company,מ
514מ,NAGMASHOT,armored personnel carrier,20,20x40,,Sho't (Blazer) Tank Company,מ
515מ,NAGMASHOT,armored personnel carrier,20,20x40,,Sho't (Blazer) Tank Company,מ
516מ,NAGMASHOT,armored personnel carrier,20,20x40,,Sho't (Blazer) Tank Company,מ
525מ,GALIL,infantry,40,40x20,,Sho't (Blazer) Tank Company,מ
526מ,GALIL,infantry,40,40x20,,Sho't (Blazer) Tank Company,מ
527מ,GALIL,infantry,40,40x20,,Sho't (Blazer) Tank Company,מ
528מ,GALIL,infantry,40,40x20,,Sho't (Blazer) Tank Company,מ
529מ,FN MAG,machine gun,40,40x20,,Sho't (Blazer) Tank Company,מ
530מ,FN MAG,machine gun,40,40x20,,Sho't (Blazer) Tank Company,מ
531מ,FN MAG,machine gun,40,40x20,,Sho't (Blazer) Tank Company,מ
532מ,RPG-7,anti-tank,20,20x20,,Sho't (Blazer) Tank Company,מ
533מ,RPG-7,anti-tank,20,20x20,,Sho't (Blazer) Tank Company,מ
534מ,RPG-7,anti-tank,20,20x20,,Sho't (Blazer) Tank Company,מ
535מ,M47 DRAGON,anti-tank,20,20x20,,Sho't (Blazer) Tank Company,מ
536מ,52MM,mortar,20,20x20,,Sho't (Blazer) Tank Company,מ
537מ,M113 ZELDA,armored personnel carrier,20,20x30,,Sho't (Blazer) Tank Company,מ
538מ,M113 ZELDA,armored personnel carrier,20,20x30,,Sho't (Blazer) Tank Company,מ
539מ,M113 ZELDA,armored personnel carrier,20,20x30,,Sho't (Blazer) Tank Company,מ
540מ,M113 ZELDA,armored personnel carrier,20,20x30,,Sho't (Blazer) Tank Company,מ
001נ,SHO'T BLAZER,armor,20,20x40,true,Sho't (Blazer) Tank Company,נ
002נ,SHO'T BLAZER,armor,20,20x40,true,Sho't (Blazer) Tank Company,נ
101נ,SHO'T BLAZER,armor,20,20x40,,Sho't (Blazer) Tank Company,נ
102נ,SHO'T BLAZER,armor,20,20x40,,Sho't (Blazer) Tank Company,נ
103נ,SHO'T BLAZER,armor,20,20x40,,Sho't (Blazer) Tank Company,נ
201נ,SHO'T BLAZER,armor,20,20x40,,Sho't (Blazer) Tank Company,נ
202נ,SHO'T BLAZER,armor,20,20x40,,Sho't (Blazer) Tank Company,נ
203נ,SHO'T BLAZER,armor,20,20x40,,Sho't (Blazer) Tank Company,נ
301נ,SHO'T BLAZER,armor,20,20x40,,Sho't (Blazer) Tank Company,נ
302נ,SHO'T BLAZER,armor,20,20x40,,Sho't (Blazer) Tank Company,נ
303נ,SHO'T BLAZER,armor,20,20x40,,Sho't (Blazer) Tank Company,נ
401נ,JEEP,reconnaissance,20,20x30,,Sho't (Blazer) Tank Company,נ
402נ,JEEP,reconnaissance,20,20x30,,Sho't (Blazer) Tank Company,נ
403נ,JEEP,reconnaissance,20,20x30,,Sho't (Blazer) Tank Company,נ
404נ,M113 ZELDA,reconnaissance,20,20x30,,Sho't (Blazer) Tank Company,נ
405נ,M113 ZELDA,reconnaissance,20,20x30,,Sho't (Blazer) Tank Company,נ
406נ,M113 ZELDA,reconnaissance,20,20x30,,Sho't (Blazer) Tank Company,נ
407נ,M113 ZELDA,reconnaissance,20,20x30,,Sho't (Blazer) Tank Company,נ
408נ,RABBI,reconnaissance,20,20x30,,Sho't (Blazer) Tank Company,נ
409נ,RABBI,reconnaissance,20,20x30,,Sho't (Blazer) Tank Company,נ
410נ,RABBI,reconnaissance,20,20x30,,Sho't (Blazer) Tank Company,נ
411נ,UH-1,utility helicopter,20,20x40,,Sho't (Blazer) Tank Company,נ
412נ,UH-1,utility helicopter,20,20x40,,Sho't (Blazer) Tank Company,נ
501נ,GALIL,infantry,40,40x20,,Sho't (Blazer) Tank Company,נ
502נ,GALIL,infantry,40,40x20,,Sho't (Blazer) Tank Company,נ
503נ,GALIL,infantry,40,40x20,,Sho't (Blazer) Tank Company,נ
504נ,GALIL,infantry,40,40x20,,Sho't (Blazer) Tank Company,נ
505נ,FN MAG,machine gun,40,40x20,,Sho't (Blazer) Tank Company,נ
506נ,FN MAG,machine gun,40,40x20,,Sho't (Blazer) Tank Company,נ
507נ,FN MAG,machine gun,40,40x20,,Sho't (Blazer) Tank Company,נ
508נ,RPG-7,anti-tank,20,20x20,,Sho't (Blazer) Tank Company,נ
509נ,RPG-7,anti-tank,20,20x20,,Sho't (Blazer) Tank Company,נ
510נ,RPG-7,anti-tank,20,20x20,,Sho't (Blazer) Tank Company,נ
511נ,M47 DRAGON,anti-tank,20,20x20,,Sho't (Blazer) Tank Company,נ
512נ,52MM,mortar,20,20x20,,Sho't (Blazer) Tank Company,נ
513נ,M113 ZELDA,armored personnel carrier,20,20x30,,Sho't (Blazer) Tank Company,נ
514נ,M113 ZELDA,armored personnel carrier,20,20x30,,Sho't (Blazer) Tank Company,נ
515נ,M113 ZELDA,armored personnel carrier,20,20x30,,Sho't (Blazer) Tank Company,נ
516נ,M113 ZELDA,armored personnel carrier,20,20x30,,Sho't (Blazer) Tank Company,נ
513נ,M113 VAYZATA,armored personnel carrier,20,20x30,,Sho't (Blazer) Tank Company,נ
514נ,M113 VAYZATA,armored personnel carrier,20,20x30,,Sho't (Blazer) Tank Company,נ
515נ,M113 VAYZATA,armored personnel carrier,20,20x30,,Sho't (Blazer) Tank Company,נ
516נ,M113 VAYZATA,armored personnel carrier,20,20x30,,Sho't (Blazer) Tank Company,נ
513נ,NAGMASHOT,armored personnel carrier,20,20x40,,Sho't (Blazer) Tank Company,נ
514נ,NAGMASHOT,armored personnel carrier,20,20x40,,Sho't (Blazer) Tank Company,נ
515נ,NAGMASHOT,armored personnel carrier,20,20x40,,Sho't (Blazer) Tank Company,נ
516נ,NAGMASHOT,armored personnel carrier,20,20x40,,Sho't (Blazer) Tank Company,נ
525נ,GALIL,infantry,40,40x20,,Sho't (Blazer) Tank Company,נ
526נ,GALIL,infantry,40,40x20,,Sho't (Blazer) Tank Company,נ
527נ,GALIL,infantry,40,40x20,,Sho't (Blazer) Tank Company,נ
528נ,GALIL,infantry,40,40x20,,Sho't (Blazer) Tank Company,נ
529נ,FN MAG,machine gun,40,40x20,,Sho't (Blazer) Tank Company,נ
530נ,FN MAG,machine gun,40,40x20,,Sho't (Blazer) Tank Company,נ
531נ,FN MAG,machine gun,40,40x20,,Sho't (Blazer) Tank Company,נ
532נ,RPG-7,anti-tank,20,20x20,,Sho't (Blazer) Tank Company,נ
533נ,RPG-7,anti-tank,20,20x20,,Sho't (Blazer) Tank Company,נ
534נ,RPG-7,anti-tank,20,20x20,,Sho't (Blazer) Tank Company,נ
535נ,M47 DRAGON,anti-tank,20,20x20,,Sho't (Blazer) Tank Company,נ
536נ,52MM,mortar,20,20x20,,Sho't (Blazer) Tank Company,נ
537נ,M113 ZELDA,armored personnel carrier,20,20x30,,Sho't (Blazer) Tank Company,נ
538נ,M113 ZELDA,armored personnel carrier,20,20x30,,Sho't (Blazer) Tank Company,נ
539נ,M113 ZELDA,armored personnel carrier,20,20x30,,Sho't (Blazer) Tank Company,נ
540נ,M113 ZELDA,armored personnel carrier,20,20x30,,Sho't (Blazer) Tank Company,נ
001ס,SHO'T BLAZER,armor,20,20x40,true,Sho't (Blazer) Tank Company,ס
002ס,SHO'T BLAZER,armor,20,20x40,true,Sho't (Blazer) Tank Company,ס
101ס,SHO'T BLAZER,armor,20,20x40,,Sho't (Blazer) Tank Company,ס
102ס,SHO'T BLAZER,armor,20,20x40,,Sho't (Blazer) Tank Company,ס
103ס,SHO'T BLAZER,armor,20,20x40,,Sho't (Blazer) Tank Company,ס
201ס,SHO'T BLAZER,armor,20,20x40,,Sho't (Blazer) Tank Company,ס
202ס,SHO'T BLAZER,armor,20,20x40,,Sho't (Blazer) Tank Company,ס
203ס,SHO'T BLAZER,armor,20,20x40,,Sho't (Blazer) Tank Company,ס
301ס,SHO'T BLAZER,armor,20,20x40,,Sho't (Blazer) Tank Company,ס
302ס,SHO'T BLAZER,armor,20,20x40,,Sho't (Blazer) Tank Company,ס
303ס,SHO'T BLAZER,armor,20,20x40,,Sho't (Blazer) Tank Company,ס
401ס,JEEP,reconnaissance,20,20x30,,Sho't (Blazer) Tank Company,ס
402ס,JEEP,reconnaissance,20,20x30,,Sho't (Blazer) Tank Company,ס
403ס,JEEP,reconnaissance,20,20x30,,Sho't (Blazer) Tank Company,ס
404ס,M113 ZELDA,reconnaissance,20,20x30,,Sho't (Blazer) Tank Company,ס
405ס,M113 ZELDA,reconnaissance,20,20x30,,Sho't (Blazer) Tank Company,ס
406ס,M113 ZELDA,reconnaissance,20,20x30,,Sho't (Blazer) Tank Company,ס
407ס,M113 ZELDA,reconnaissance,20,20x30,,Sho't (Blazer) Tank Company,ס
408ס,RABBI,reconnaissance,20,20x30,,Sho't (Blazer) Tank Company,ס
409ס,RABBI,reconnaissance,20,20x30,,Sho't (Blazer) Tank Company,ס
410ס,RABBI,reconnaissance,20,20x30,,Sho't (Blazer) Tank Company,ס
411ס,UH-1,utility helicopter,20,20x40,,Sho't (Blazer) Tank Company,ס
412ס,UH-1,utility helicopter,20,20x40,,Sho't (Blazer) Tank Company,ס
501ס,GALIL,infantry,40,40x20,,Sho't (Blazer) Tank Company,ס
502ס,GALIL,infantry,40,40x20,,Sho't (Blazer) Tank Company,ס
503ס,GALIL,infantry,40,40x20,,Sho't (Blazer) Tank Company,ס
504ס,GALIL,infantry,40,40x20,,Sho't (Blazer) Tank Company,ס
505ס,FN MAG,machine gun,40,40x20,,Sho't (Blazer) Tank Company,ס
506ס,FN MAG,machine gun,40,40x20,,Sho't (Blazer) Tank Company,ס
507ס,FN MAG,machine gun,40,40x20,,Sho't (Blazer) Tank Company,ס
508ס,RPG-7,anti-tank,20,20x20,,Sho't (Blazer) Tank Company,ס
509ס,RPG-7,anti-tank,20,20x20,,Sho't (Blazer) Tank Company,ס
510ס,RPG-7,anti-tank,20,20x20,,Sho't (Blazer) Tank Company,ס
511ס,M47 DRAGON,anti-tank,20,20x20,,Sho't (Blazer) Tank Company,ס
512ס,52MM,mortar,20,20x20,,Sho't (Blazer) Tank Company,ס
513ס,M113 ZELDA,armored personnel carrier,20,20x30,,Sho't (Blazer) Tank Company,ס
514ס,M113 ZELDA,armored personnel carrier,20,20x30,,Sho't (Blazer) Tank Company,ס
515ס,M113 ZELDA,armored personnel carrier,20,20x30,,Sho't (Blazer) Tank Company,ס
516ס,M113 ZELDA,armored personnel carrier,20,20x30,,Sho't (Blazer) Tank Company,ס
513ס,M113 VAYZATA,armored personnel carrier,20,20x30,,Sho't (Blazer) Tank Company,ס
514ס,M113 VAYZATA,armored personnel carrier,20,20x30,,Sho't (Blazer) Tank Company,ס
515ס,M113 VAYZATA,armored personnel carrier,20,20x30,,Sho't (Blazer) Tank Company,ס
516ס,M113 VAYZATA,armored personnel carrier,20,20x30,,Sho't (Blazer) Tank Company,ס
513ס,NAGMASHOT,armored personnel carrier,20,20x40,,Sho't (Blazer) Tank Company,ס
514ס,NAGMASHOT,armored personnel carrier,20,20x40,,Sho't (Blazer) Tank Company,ס
515ס,NAGMASHOT,armored personnel carrier,20,20x40,,Sho't (Blazer) Tank Company,ס
516ס,NAGMASHOT,armored personnel carrier,20,20x40,,Sho't (Blazer) Tank Company,ס
525ס,GALIL,infantry,40,40x20,,Sho't (Blazer) Tank Company,ס
526ס,GALIL,infantry,40,40x20,,Sho't (Blazer) Tank Company,ס
527ס,GALIL,infantry,40,40x20,,Sho't (Blazer) Tank Company,ס
528ס,GALIL,infantry,40,40x20,,Sho't (Blazer) Tank Company,ס
529ס,FN MAG,machine gun,40,40x20,,Sho't (Blazer) Tank Company,ס
530ס,FN MAG,machine gun,40,40x20,,Sho't (Blazer) Tank Company,ס
531ס,FN MAG,machine gun,40,40x20,,Sho't (Blazer) Tank Company,ס
532ס,RPG-7,anti-tank,20,20x20,,Sho't (Blazer) Tank Company,ס
533ס,RPG-7,anti-tank,20,20x20,,Sho't (Blazer) Tank Company,ס
534ס,RPG-7,anti-tank,20,20x20,,Sho't (Blazer) Tank Company,ס
535ס,M47 DRAGON,anti-tank,20,20x20,,Sho't (Blazer) Tank Company,ס
536ס,52MM,mortar,20,20x20,,Sho't (Blazer) Tank Company,ס
537ס,M113 ZELDA,armored personnel carrier,20,20x30,,Sho't (Blazer) Tank Company,ס
538ס,M113 ZELDA,armored personnel carrier,20,20x30,,Sho't (Blazer) Tank Company,ס
539ס,M113 ZELDA,armored personnel carrier,20,20x30,,Sho't (Blazer) Tank Company,ס
540ס,M113 ZELDA,armored personnel carrier,20,20x30,,Sho't (Blazer) Tank Company,ס
001ע,GALIL,infantry,20,20x20,true,Mech Infantry Company,ע
002ע,M113 ZELDA,armored personnel carrier,20,20x30,,Mech Infantry Company,ע
002ע,M113 VAYZATA,armored personnel carrier,20,20x30,,Mech Infantry Company,ע
002ע,NAGMASHOT,armored personnel carrier,20,20x40,,Mech Infantry Company,ע
101ע,GALIL,infantry,40,40x20,,Mech Infantry Company,ע
102ע,GALIL,infantry,40,40x20,,Mech Infantry Company,ע
103ע,GALIL,infantry,40,40x20,,Mech Infantry Company,ע
104ע,GALIL,infantry,40,40x20,,Mech Infantry Company,ע
105ע,FN MAG,machine gun,40,40x20,,Mech Infantry Company,ע
106ע,FN MAG,machine gun,40,40x20,,Mech Infantry Company,ע
107ע,FN MAG,machine gun,40,40x20,,Mech Infantry Company,ע
108ע,RPG-7,anti-tank,20,20x20,,Mech Infantry Company,ע
109ע,RPG-7,anti-tank,20,20x20,,Mech Infantry Company,ע
110ע,RPG-7,anti-tank,20,20x20,,Mech Infantry Company,ע
111ע,M47 DRAGON,anti-tank,20,20x20,,Mech Infantry Company,ע
112ע,52MM,mortar,20,20x20,,Mech Infantry Company,ע
113ע,M113 ZELDA,armored personnel carrier,20,20x30,,Mech Infantry Company,ע
114ע,M113 ZELDA,armored personnel carrier,20,20x30,,Mech Infantry Company,ע
115ע,M113 ZELDA,armored personnel carrier,20,20x30,,Mech Infantry Company,ע
116ע,M113 ZELDA,armored personnel carrier,20,20x30,,Mech Infantry Company,ע
113ע,M113 VAYZATA,armored personnel carrier,20,20x30,,Mech Infantry Company,ע
114ע,M113 VAYZATA,armored personnel carrier,20,20x30,,Mech Infantry Company,ע
115ע,M113 VAYZATA,armored personnel carrier,20,20x30,,Mech Infantry Company,ע
116ע,M113 VAYZATA,armored personnel carrier,20,20x30,,Mech Infantry Company,ע
113ע,NAGMASHOT,armored personnel carrier,20,20x40,,Mech Infantry Company,ע
114ע,NAGMASHOT,armored personnel carrier,20,20x40,,Mech Infantry Company,ע
115ע,NAGMASHOT,armored personnel carrier,20,20x40,,Mech Infantry Company,ע
116ע,NAGMASHOT,armored personnel carrier,20,20x40,,Mech Infantry Company,ע
201ע,GALIL,infantry,40,40x20,,Mech Infantry Company,ע
202ע,GALIL,infantry,40,40x20,,Mech Infantry Company,ע
203ע,GALIL,infantry,40,40x20,,Mech Infantry Company,ע
204ע,GALIL,infantry,40,40x20,,Mech Infantry Company,ע
205ע,FN MAG,machine gun,40,40x20,,Mech Infantry Company,ע
206ע,FN MAG,machine gun,40,40x20,,Mech Infantry Company,ע
207ע,FN MAG,machine gun,40,40x20,,Mech Infantry Company,ע
208ע,RPG-7,anti-tank,20,20x20,,Mech Infantry Company,ע
209ע,RPG-7,anti-tank,20,20x20,,Mech Infantry Company,ע
210ע,RPG-7,anti-tank,20,20x20,,Mech Infantry Company,ע
211ע,M47 DRAGON,anti-tank,20,20x20,,Mech Infantry Company,ע
212ע,52MM,mortar,20,20x20,,Mech Infantry Company,ע
213ע,M113 ZELDA,armored personnel carrier,20,20x30,,Mech Infantry Company,ע
214ע,M113 ZELDA,armored personnel carrier,20,20x30,,Mech Infantry Company,ע
215ע,M113 ZELDA,armored personnel carrier,20,20x30,,Mech Infantry Company,ע
216ע,M113 ZELDA,armored personnel carrier,20,20x30,,Mech Infantry Company,ע
213ע,M113 VAYZATA,armored personnel carrier,20,20x30,,Mech Infantry Company,ע
214ע,M113 VAYZATA,armored personnel carrier,20,20x30,,Mech Infantry Company,ע
215ע,M113 VAYZATA,armored personnel carrier,20,20x30,,Mech Infantry Company,ע
216ע,M113 VAYZATA,armored personnel carrier,20,20x30,,Mech Infantry Company,ע
213ע,NAGMASHOT,armored personnel carrier,20,20x40,,Mech Infantry Company,ע
214ע,NAGMASHOT,armored personnel carrier,20,20x40,,Mech Infantry Company,ע
215ע,NAGMASHOT,armored personnel carrier,20,20x40,,Mech Infantry Company,ע
216ע,NAGMASHOT,armored personnel carrier,20,20x40,,Mech Infantry Company,ע
301ע,GALIL,infantry,40,40x20,,Mech Infantry Company,ע
302ע,GALIL,infantry,40,40x20,,Mech Infantry Company,ע
303ע,GALIL,infantry,40,40x20,,Mech Infantry Company,ע
304ע,GALIL,infantry,40,40x20,,Mech Infantry Company,ע
305ע,FN MAG,machine gun,40,40x20,,Mech Infantry Company,ע
306ע,FN MAG,machine gun,40,40x20,,Mech Infantry Company,ע
307ע,FN MAG,machine gun,40,40x20,,Mech Infantry Company,ע
308ע,RPG-7,anti-tank,20,20x20,,Mech Infantry Company,ע
309ע,RPG-7,anti-tank,20,20x20,,Mech Infantry Company,ע
310ע,RPG-7,anti-tank,20,20x20,,Mech Infantry Company,ע
311ע,M47 DRAGON,anti-tank,20,20x20,,Mech Infantry Company,ע
312ע,52MM,mortar,20,20x20,,Mech Infantry Company,ע
313ע,M113 ZELDA,armored personnel carrier,20,20x30,,Mech Infantry Company,ע
314ע,M113 ZELDA,armored personnel carrier,20,20x30,,Mech Infantry Company,ע
315ע,M113 ZELDA,armored personnel carrier,20,20x30,,Mech Infantry Company,ע
316ע,M113 ZELDA,armored personnel carrier,20,20x30,,Mech Infantry Company,ע
313ע,M113 VAYZATA,armored personnel carrier,20,20x30,,Mech Infantry Company,ע
314ע,M113 VAYZATA,armored personnel carrier,20,20x30,,Mech Infantry Company,ע
315ע,M113 VAYZATA,armored personnel carrier,20,20x30,,Mech Infantry Company,ע
316ע,M113 VAYZATA,armored personnel carrier,20,20x30,,Mech Infantry Company,ע
313ע,NAGMASHOT,armored personnel carrier,20,20x40,,Mech Infantry Company,ע
314ע,NAGMASHOT,armored personnel carrier,20,20x40,,Mech Infantry Company,ע
315ע,NAGMASHOT,armored personnel carrier,20,20x40,,Mech Infantry Company,ע
316ע,NAGMASHOT,armored personnel carrier,20,20x40,,Mech Infantry Company,ע
401ע,MERKAVA 1,armor,20,20x40,,Mech Infantry Company,ע
402ע,MERKAVA 1,armor,20,20x40,,Mech Infantry Company,ע
403ע,MERKAVA 1,armor,20,20x40,,Mech Infantry Company,ע
404ע,MERKAVA 2,armor,20,20x40,,Mech Infantry Company,ע
405ע,MERKAVA 2,armor,20,20x40,,Mech Infantry Company,ע
406ע,MERKAVA 2,armor,20,20x40,,Mech Infantry Company,ע
407ע,MERKAVA 3,armor,20,20x40,,Mech Infantry Company,ע
408ע,MERKAVA 3,armor,20,20x40,,Mech Infantry Company,ע
409ע,MERKAVA 3,armor,20,20x40,,Mech Infantry Company,ע
410ע,MAGACH 6,armor,20,20x40,,Mech Infantry Company,ע
411ע,MAGACH 6,armor,20,20x40,,Mech Infantry Company,ע
412ע,MAGACH 6,armor,20,20x40,,Mech Infantry Company,ע
413ע,MAGACH 6 BLAZER,armor,20,20x40,,Mech Infantry Company,ע
414ע,MAGACH 6 BLAZER,armor,20,20x40,,Mech Infantry Company,ע
415ע,MAGACH 6 BLAZER,armor,20,20x40,,Mech Infantry Company,ע
416ע,SHO'T BLAZER,armor,20,20x40,,Mech Infantry Company,ע
417ע,SHO'T BLAZER,armor,20,20x40,,Mech Infantry Company,ע
418ע,SHO'T BLAZER,armor,20,20x40,,Mech Infantry Company,ע
501ע,M125,self-propelled mortar,20,20x30,,Mech Infantry Company,ע
502ע,M125,self-propelled mortar,20,20x30,,Mech Infantry Company,ע
503ע,M125,self-propelled mortar,20,20x30,,Mech Infantry Company,ע
601ע,M150,anti-tank,20,20x30,,Mech Infantry Company,ע
602ע,M150,anti-tank,20,20x30,,Mech Infantry Company,ע
603ע,M150,anti-tank,20,20x30,,Mech Infantry Company,ע
604ע,M150,anti-tank,20,20x30,,Mech Infantry Company,ע
001פ,GALIL,infantry,20,20x20,true,Mech Infantry Company,פ
002פ,M113 ZELDA,armored personnel carrier,20,20x30,,Mech Infantry Company,פ
002פ,M113 VAYZATA,armored personnel carrier,20,20x30,,Mech Infantry Company,פ
002פ,NAGMASHOT,armored personnel carrier,20,20x40,,Mech Infantry Company,פ
101פ,GALIL,infantry,40,40x20,,Mech Infantry Company,פ
102פ,GALIL,infantry,40,40x20,,Mech Infantry Company,פ
103פ,GALIL,infantry,40,40x20,,Mech Infantry Company,פ
104פ,GALIL,infantry,40,40x20,,Mech Infantry Company,פ
105פ,FN MAG,machine gun,40,40x20,,Mech Infantry Company,פ
106פ,FN MAG,machine gun,40,40x20,,Mech Infantry Company,פ
107פ,FN MAG,machine gun,40,40x20,,Mech Infantry Company,פ
108פ,RPG-7,anti-tank,20,20x20,,Mech Infantry Company,פ
109פ,RPG-7,anti-tank,20,20x20,,Mech Infantry Company,פ
110פ,RPG-7,anti-tank,20,20x20,,Mech Infantry Company,פ
111פ,M47 DRAGON,anti-tank,20,20x20,,Mech Infantry Company,פ
112פ,52MM,mortar,20,20x20,,Mech Infantry Company,פ
113פ,M113 ZELDA,armored personnel carrier,20,20x30,,Mech Infantry Company,פ
114פ,M113 ZELDA,armored personnel carrier,20,20x30,,Mech Infantry Company,פ
115פ,M113 ZELDA,armored personnel carrier,20,20x30,,Mech Infantry Company,פ
116פ,M113 ZELDA,armored personnel carrier,20,20x30,,Mech Infantry Company,פ
113פ,M113 VAYZATA,armored personnel carrier,20,20x30,,Mech Infantry Company,פ
114פ,M113 VAYZATA,armored personnel carrier,20,20x30,,Mech Infantry Company,פ
115פ,M113 VAYZATA,armored personnel carrier,20,20x30,,Mech Infantry Company,פ
116פ,M113 VAYZATA,armored personnel carrier,20,20x30,,Mech Infantry Company,פ
113פ,NAGMASHOT,armored personnel carrier,20,20x40,,Mech Infantry Company,פ
114פ,NAGMASHOT,armored personnel carrier,20,20x40,,Mech Infantry Company,פ
115פ,NAGMASHOT,armored personnel carrier,20,20x40,,Mech Infantry Company,פ
116פ,NAGMASHOT,armored personnel carrier,20,20x40,,Mech Infantry Company,פ
201פ,GALIL,infantry,40,40x20,,Mech Infantry Company,פ
202פ,GALIL,infantry,40,40x20,,Mech Infantry Company,פ
203פ,GALIL,infantry,40,40x20,,Mech Infantry Company,פ
204פ,GALIL,infantry,40,40x20,,Mech Infantry Company,פ
205פ,FN MAG,machine gun,40,40x20,,Mech Infantry Company,פ
206פ,FN MAG,machine gun,40,40x20,,Mech Infantry Company,פ
207פ,FN MAG,machine gun,40,40x20,,Mech Infantry Company,פ
208פ,RPG-7,anti-tank,20,20x20,,Mech Infantry Company,פ
209פ,RPG-7,anti-tank,20,20x20,,Mech Infantry Company,פ
210פ,RPG-7,anti-tank,20,20x20,,Mech Infantry Company,פ
211פ,M47 DRAGON,anti-tank,20,20x20,,Mech Infantry Company,פ
212פ,52MM,mortar,20,20x20,,Mech Infantry Company,פ
213פ,M113 ZELDA,armored personnel carrier,20,20x30,,Mech Infantry Company,פ
214פ,M113 ZELDA,armored personnel carrier,20,20x30,,Mech Infantry Company,פ
215פ,M113 ZELDA,armored personnel carrier,20,20x30,,Mech Infantry Company,פ
216פ,M113 ZELDA,armored personnel carrier,20,20x30,,Mech Infantry Company,פ
213פ,M113 VAYZATA,armored personnel carrier,20,20x30,,Mech Infantry Company,פ
214פ,M113 VAYZATA,armored personnel carrier,20,20x30,,Mech Infantry Company,פ
215פ,M113 VAYZATA,armored personnel carrier,20,20x30,,Mech Infantry Company,פ
216פ,M113 VAYZATA,armored personnel carrier,20,20x30,,Mech Infantry Company,פ
213פ,NAGMASHOT,armored personnel carrier,20,20x40,,Mech Infantry Company,פ
214פ,NAGMASHOT,armored personnel carrier,20,20x40,,Mech Infantry Company,פ
215פ,NAGMASHOT,armored personnel carrier,20,20x40,,Mech Infantry Company,פ
216פ,NAGMASHOT,armored personnel carrier,20,20x40,,Mech Infantry Company,פ
301פ,GALIL,infantry,40,40x20,,Mech Infantry Company,פ
302פ,GALIL,infantry,40,40x20,,Mech Infantry Company,פ
303פ,GALIL,infantry,40,40x20,,Mech Infantry Company,פ
304פ,GALIL,infantry,40,40x20,,Mech Infantry Company,פ
305פ,FN MAG,machine gun,40,40x20,,Mech Infantry Company,פ
306פ,FN MAG,machine gun,40,40x20,,Mech Infantry Company,פ
307פ,FN MAG,machine gun,40,40x20,,Mech Infantry Company,פ
308פ,RPG-7,anti-tank,20,20x20,,Mech Infantry Company,פ
309פ,RPG-7,anti-tank,20,20x20,,Mech Infantry Company,פ
310פ,RPG-7,anti-tank,20,20x20,,Mech Infantry Company,פ
311פ,M47 DRAGON,anti-tank,20,20x20,,Mech Infantry Company,פ
312פ,52MM,mortar,20,20x20,,Mech Infantry Company,פ
313פ,M113 ZELDA,armored personnel carrier,20,20x30,,Mech Infantry Company,פ
314פ,M113 ZELDA,armored personnel carrier,20,20x30,,Mech Infantry Company,פ
315פ,M113 ZELDA,armored personnel carrier,20,20x30,,Mech Infantry Company,פ
316פ,M113 ZELDA,armored personnel carrier,20,20x30,,Mech Infantry Company,פ
313פ,M113 VAYZATA,armored personnel carrier,20,20x30,,Mech Infantry Company,פ
314פ,M113 VAYZATA,armored personnel carrier,20,20x30,,Mech Infantry Company,פ
315פ,M113 VAYZATA,armored personnel carrier,20,20x30,,Mech Infantry Company,פ
316פ,M113 VAYZATA,armored personnel carrier,20,20x30,,Mech Infantry Company,פ
313פ,NAGMASHOT,armored personnel carrier,20,20x40,,Mech Infantry Company,פ
314פ,NAGMASHOT,armored personnel carrier,20,20x40,,Mech Infantry Company,פ
315פ,NAGMASHOT,armored personnel carrier,20,20x40,,Mech Infantry Company,פ
316פ,NAGMASHOT,armored personnel carrier,20,20x40,,Mech Infantry Company,פ
401פ,MERKAVA 1,armor,20,20x40,,Mech Infantry Company,פ
402פ,MERKAVA 1,armor,20,20x40,,Mech Infantry Company,פ
403פ,MERKAVA 1,armor,20,20x40,,Mech Infantry Company,פ
404פ,MERKAVA 2,armor,20,20x40,,Mech Infantry Company,פ
405פ,MERKAVA 2,armor,20,20x40,,Mech Infantry Company,פ
406פ,MERKAVA 2,armor,20,20x40,,Mech Infantry Company,פ
407פ,MERKAVA 3,armor,20,20x40,,Mech Infantry Company,פ
408פ,MERKAVA 3,armor,20,20x40,,Mech Infantry Company,פ
409פ,MERKAVA 3,armor,20,20x40,,Mech Infantry Company,פ
410פ,MAGACH 6,armor,20,20x40,,Mech Infantry Company,פ
411פ,MAGACH 6,armor,20,20x40,,Mech Infantry Company,פ
412פ,MAGACH 6,armor,20,20x40,,Mech Infantry Company,פ
413פ,MAGACH 6 BLAZER,armor,20,20x40,,Mech Infantry Company,פ
414פ,MAGACH 6 BLAZER,armor,20,20x40,,Mech Infantry Company,פ
415פ,MAGACH 6 BLAZER,armor,20,20x40,,Mech Infantry Company,פ
416פ,SHO'T BLAZER,armor,20,20x40,,Mech Infantry Company,פ
417פ,SHO'T BLAZER,armor,20,20x40,,Mech Infantry Company,פ
418פ,SHO'T BLAZER,armor,20,20x40,,Mech Infantry Company,פ
501פ,M125,self-propelled mortar,20,20x30,,Mech Infantry Company,פ
502פ,M125,self-propelled mortar,20,20x30,,Mech Infantry Company,פ
503פ,M125,self-propelled mortar,20,20x30,,Mech Infantry Company,פ
601פ,M150,anti-tank,20,20x30,,Mech Infantry Company,פ
602פ,M150,anti-tank,20,20x30,,Mech Infantry Company,פ
603פ,M150,anti-tank,20,20x30,,Mech Infantry Company,פ
604פ,M150,anti-tank,20,20x30,,Mech Infantry Company,פ
001צ,GALIL,infantry,20,20x20,true,Mech Infantry Company,צ
002צ,M113 ZELDA,armored personnel carrier,20,20x30,,Mech Infantry Company,צ
002צ,M113 VAYZATA,armored personnel carrier,20,20x30,,Mech Infantry Company,צ
002צ,NAGMASHOT,armored personnel carrier,20,20x40,,Mech Infantry Company,צ
101צ,GALIL,infantry,40,40x20,,Mech Infantry Company,צ
102צ,GALIL,infantry,40,40x20,,Mech Infantry Company,צ
103צ,GALIL,infantry,40,40x20,,Mech Infantry Company,צ
104צ,GALIL,infantry,40,40x20,,Mech Infantry Company,צ
105צ,FN MAG,machine gun,40,40x20,,Mech Infantry Company,צ
106צ,FN MAG,machine gun,40,40x20,,Mech Infantry Company,צ
107צ,FN MAG,machine gun,40,40x20,,Mech Infantry Company,צ
108צ,RPG-7,anti-tank,20,20x20,,Mech Infantry Company,צ
109צ,RPG-7,anti-tank,20,20x20,,Mech Infantry Company,צ
110צ,RPG-7,anti-tank,20,20x20,,Mech Infantry Company,צ
111צ,M47 DRAGON,anti-tank,20,20x20,,Mech Infantry Company,צ
112צ,52MM,mortar,20,20x20,,Mech Infantry Company,צ
113צ,M113 ZELDA,armored personnel carrier,20,20x30,,Mech Infantry Company,צ
114צ,M113 ZELDA,armored personnel carrier,20,20x30,,Mech Infantry Company,צ
115צ,M113 ZELDA,armored personnel carrier,20,20x30,,Mech Infantry Company,צ
116צ,M113 ZELDA,armored personnel carrier,20,20x30,,Mech Infantry Company,צ
113צ,M113 VAYZATA,armored personnel carrier,20,20x30,,Mech Infantry Company,צ
114צ,M113 VAYZATA,armored personnel carrier,20,20x30,,Mech Infantry Company,צ
115צ,M113 VAYZATA,armored personnel carrier,20,20x30,,Mech Infantry Company,צ
116צ,M113 VAYZATA,armored personnel carrier,20,20x30,,Mech Infantry Company,צ
113צ,NAGMASHOT,armored personnel carrier,20,20x40,,Mech Infantry Company,צ
114צ,NAGMASHOT,armored personnel carrier,20,20x40,,Mech Infantry Company,צ
115צ,NAGMASHOT,armored personnel carrier,20,20x40,,Mech Infantry Company,צ
116צ,NAGMASHOT,armored personnel carrier,20,20x40,,Mech Infantry Company,צ
201צ,GALIL,infantry,40,40x20,,Mech Infantry Company,צ
202צ,GALIL,infantry,40,40x20,,Mech Infantry Company,צ
203צ,GALIL,infantry,40,40x20,,Mech Infantry Company,צ
204צ,GALIL,infantry,40,40x20,,Mech Infantry Company,צ
205צ,FN MAG,machine gun,40,40x20,,Mech Infantry Company,צ
206צ,FN MAG,machine gun,40,40x20,,Mech Infantry Company,צ
207צ,FN MAG,machine gun,40,40x20,,Mech Infantry Company,צ
208צ,RPG-7,anti-tank,20,20x20,,Mech Infantry Company,צ
209צ,RPG-7,anti-tank,20,20x20,,Mech Infantry Company,צ
210צ,RPG-7,anti-tank,20,20x20,,Mech Infantry Company,צ
211צ,M47 DRAGON,anti-tank,20,20x20,,Mech Infantry Company,צ
212צ,52MM,mortar,20,20x20,,Mech Infantry Company,צ
213צ,M113 ZELDA,armored personnel carrier,20,20x30,,Mech Infantry Company,צ
214צ,M113 ZELDA,armored personnel carrier,20,20x30,,Mech Infantry Company,צ
215צ,M113 ZELDA,armored personnel carrier,20,20x30,,Mech Infantry Company,צ
216צ,M113 ZELDA,armored personnel carrier,20,20x30,,Mech Infantry Company,צ
213צ,M113 VAYZATA,armored personnel carrier,20,20x30,,Mech Infantry Company,צ
214צ,M113 VAYZATA,armored personnel carrier,20,20x30,,Mech Infantry Company,צ
215צ,M113 VAYZATA,armored personnel carrier,20,20x30,,Mech Infantry Company,צ
216צ,M113 VAYZATA,armored personnel carrier,20,20x30,,Mech Infantry Company,צ
213צ,NAGMASHOT,armored personnel carrier,20,20x40,,Mech Infantry Company,צ
214צ,NAGMASHOT,armored personnel carrier,20,20x40,,Mech Infantry Company,צ
215צ,NAGMASHOT,armored personnel carrier,20,20x40,,Mech Infantry Company,צ
216צ,NAGMASHOT,armored personnel carrier,20,20x40,,Mech Infantry Company,צ
301צ,GALIL,infantry,40,40x20,,Mech Infantry Company,צ
302צ,GALIL,infantry,40,40x20,,Mech Infantry Company,צ
303צ,GALIL,infantry,40,40x20,,Mech Infantry Company,צ
304צ,GALIL,infantry,40,40x20,,Mech Infantry Company,צ
305צ,FN MAG,machine gun,40,40x20,,Mech Infantry Company,צ
306צ,FN MAG,machine gun,40,40x20,,Mech Infantry Company,צ
307צ,FN MAG,machine gun,40,40x20,,Mech Infantry Company,צ
308צ,RPG-7,anti-tank,20,20x20,,Mech Infantry Company,צ
309צ,RPG-7,anti-tank,20,20x20,,Mech Infantry Company,צ
310צ,RPG-7,anti-tank,20,20x20,,Mech Infantry Company,צ
311צ,M47 DRAGON,anti-tank,20,20x20,,Mech Infantry Company,צ
312צ,52MM,mortar,20,20x20,,Mech Infantry Company,צ
313צ,M113 ZELDA,armored personnel carrier,20,20x30,,Mech Infantry Company,צ
314צ,M113 ZELDA,armored personnel carrier,20,20x30,,Mech Infantry Company,צ
315צ,M113 ZELDA,armored personnel carrier,20,20x30,,Mech Infantry Company,צ
316צ,M113 ZELDA,armored personnel carrier,20,20x30,,Mech Infantry Company,צ
313צ,M113 VAYZATA,armored personnel carrier,20,20x30,,Mech Infantry Company,צ
314צ,M113 VAYZATA,armored personnel carrier,20,20x30,,Mech Infantry Company,צ
315צ,M113 VAYZATA,armored personnel carrier,20,20x30,,Mech Infantry Company,צ
316צ,M113 VAYZATA,armored personnel carrier,20,20x30,,Mech Infantry Company,צ
313צ,NAGMASHOT,armored personnel carrier,20,20x40,,Mech Infantry Company,צ
314צ,NAGMASHOT,armored personnel carrier,20,20x40,,Mech Infantry Company,צ
315צ,NAGMASHOT,armored personnel carrier,20,20x40,,Mech Infantry Company,צ
316צ,NAGMASHOT,armored personnel carrier,20,20x40,,Mech Infantry Company,צ
401צ,MERKAVA 1,armor,20,20x40,,Mech Infantry Company,צ
402צ,MERKAVA 1,armor,20,20x40,,Mech Infantry Company,צ
403צ,MERKAVA 1,armor,20,20x40,,Mech Infantry Company,צ
404צ,MERKAVA 2,armor,20,20x40,,Mech Infantry Company,צ
405צ,MERKAVA 2,armor,20,20x40,,Mech Infantry Company,צ
406צ,MERKAVA 2,armor,20,20x40,,Mech Infantry Company,צ
407צ,MERKAVA 3,armor,20,20x40,,Mech Infantry Company,צ
408צ,MERKAVA 3,armor,20,20x40,,Mech Infantry Company,צ
409צ,MERKAVA 3,armor,20,20x40,,Mech Infantry Company,צ
410צ,MAGACH 6,armor,20,20x40,,Mech Infantry Company,צ
411צ,MAGACH 6,armor,20,20x40,,Mech Infantry Company,צ
412צ,MAGACH 6,armor,20,20x40,,Mech Infantry Company,צ
413צ,MAGACH 6 BLAZER,armor,20,20x40,,Mech Infantry Company,צ
414צ,MAGACH 6 BLAZER,armor,20,20x40,,Mech Infantry Company,צ
415צ,MAGACH 6 BLAZER,armor,20,20x40,,Mech Infantry Company,צ
416צ,SHO'T BLAZER,armor,20,20x40,,Mech Infantry Company,צ
417צ,SHO'T BLAZER,armor,20,20x40,,Mech Infantry Company,צ
418צ,SHO'T BLAZER,armor,20,20x40,,Mech Infantry Company,צ
501צ,M125,self-propelled mortar,20,20x30,,Mech Infantry Company,צ
502צ,M125,self-propelled mortar,20,20x30,,Mech Infantry Company,צ
503צ,M125,self-propelled mortar,20,20x30,,Mech Infantry Company,צ
601צ,M150,anti-tank,20,20x30,,Mech Infantry Company,צ
602צ,M150,anti-tank,20,20x30,,Mech Infantry Company,צ
603צ,M150,anti-tank,20,20x30,,Mech Infantry Company,צ
604צ,M150,anti-tank,20,20x30,,Mech Infantry Company,צ
001ק,GALIL,infantry,20,20x20,true,Reserve Infantry Company,ק
002ק,M113 ZELDA,armored personnel carrier,20,20x30,,Reserve Infantry Company,ק
101ק,GALIL,infantry,40,40x20,,Reserve Infantry Company,ק
102ק,GALIL,infantry,40,40x20,,Reserve Infantry Company,ק
103ק,GALIL,infantry,40,40x20,,Reserve Infantry Company,ק
104ק,GALIL,infantry,40,40x20,,Reserve Infantry Company,ק
105ק,FN MAG,machine gun,40,40x20,,Reserve Infantry Company,ק
106ק,FN MAG,machine gun,40,40x20,,Reserve Infantry Company,ק
107ק,FN MAG,machine gun,40,40x20,,Reserve Infantry Company,ק
108ק,RPG-7,anti-tank,20,20x20,,Reserve Infantry Company,ק
109ק,RPG-7,anti-tank,20,20x20,,Reserve Infantry Company,ק
110ק,RPG-7,anti-tank,20,20x20,,Reserve Infantry Company,ק
111ק,M47 DRAGON,anti-tank,20,20x20,,Reserve Infantry Company,ק
112ק,52MM,mortar,20,20x20,,Reserve Infantry Company,ק
113ק,M113 ZELDA,armored personnel carrier,20,20x30,,Reserve Infantry Company,ק
114ק,M113 ZELDA,armored personnel carrier,20,20x30,,Reserve Infantry Company,ק
115ק,M113 ZELDA,armored personnel carrier,20,20x30,,Reserve Infantry Company,ק
116ק,M113 ZELDA,armored personnel carrier,20,20x30,,Reserve Infantry Company,ק
201ק,GALIL,infantry,40,40x20,,Reserve Infantry Company,ק
202ק,GALIL,infantry,40,40x20,,Reserve Infantry Company,ק
203ק,GALIL,infantry,40,40x20,,Reserve Infantry Company,ק
204ק,GALIL,infantry,40,40x20,,Reserve Infantry Company,ק
205ק,FN MAG,machine gun,40,40x20,,Reserve Infantry Company,ק
206ק,FN MAG,machine gun,40,40x20,,Reserve Infantry Company,ק
207ק,FN MAG,machine gun,40,40x20,,Reserve Infantry Company,ק
208ק,RPG-7,anti-tank,20,20x20,,Reserve Infantry Company,ק
209ק,RPG-7,anti-tank,20,20x20,,Reserve Infantry Company,ק
210ק,RPG-7,anti-tank,20,20x20,,Reserve Infantry Company,ק
211ק,M47 DRAGON,anti-tank,20,20x20,,Reserve Infantry Company,ק
212ק,52MM,mortar,20,20x20,,Reserve Infantry Company,ק
213ק,M113 ZELDA,armored personnel carrier,20,20x30,,Reserve Infantry Company,ק
214ק,M113 ZELDA,armored personnel carrier,20,20x30,,Reserve Infantry Company,ק
215ק,M113 ZELDA,armored personnel carrier,20,20x30,,Reserve Infantry Company,ק
216ק,M113 ZELDA,armored personnel carrier,20,20x30,,Reserve Infantry Company,ק
301ק,GALIL,infantry,40,40x20,,Reserve Infantry Company,ק
302ק,GALIL,infantry,40,40x20,,Reserve Infantry Company,ק
303ק,GALIL,infantry,40,40x20,,Reserve Infantry Company,ק
304ק,GALIL,infantry,40,40x20,,Reserve Infantry Company,ק
305ק,FN MAG,machine gun,40,40x20,,Reserve Infantry Company,ק
306ק,FN MAG,machine gun,40,40x20,,Reserve Infantry Company,ק
307ק,FN MAG,machine gun,40,40x20,,Reserve Infantry Company,ק
308ק,RPG-7,anti-tank,20,20x20,,Reserve Infantry Company,ק
309ק,RPG-7,anti-tank,20,20x20,,Reserve Infantry Company,ק
310ק,RPG-7,anti-tank,20,20x20,,Reserve Infantry Company,ק
311ק,M47 DRAGON,anti-tank,20,20x20,,Reserve Infantry Company,ק
312ק,52MM,mortar,20,20x20,,Reserve Infantry Company,ק
313ק,M113 ZELDA,armored personnel carrier,20,20x30,,Reserve Infantry Company,ק
314ק,M113 ZELDA,armored personnel carrier,20,20x30,,Reserve Infantry Company,ק
315ק,M113 ZELDA,armored personnel carrier,20,20x30,,Reserve Infantry Company,ק
316ק,M113 ZELDA,armored personnel carrier,20,20x30,,Reserve Infantry Company,ק
401ק,MERKAVA 1,armor,20,20x40,,Reserve Infantry Company,ק
402ק,MERKAVA 1,armor,20,20x40,,Reserve Infantry Company,ק
403ק,MERKAVA 1,armor,20,20x40,,Reserve Infantry Company,ק
404ק,MERKAVA 2,armor,20,20x40,,Reserve Infantry Company,ק
405ק,MERKAVA 2,armor,20,20x40,,Reserve Infantry Company,ק
406ק,MERKAVA 2,armor,20,20x40,,Reserve Infantry Company,ק
407ק,MERKAVA 3,armor,20,20x40,,Reserve Infantry Company,ק
408ק,MERKAVA 3,armor,20,20x40,,Reserve Infantry Company,ק
409ק,MERKAVA 3,armor,20,20x40,,Reserve Infantry Company,ק
410ק,MAGACH 6,armor,20,20x40,,Reserve Infantry Company,ק
411ק,MAGACH 6,armor,20,20x40,,Reserve Infantry Company,ק
412ק,MAGACH 6,armor,20,20x40,,Reserve Infantry Company,ק
413ק,MAGACH 6 BLAZER,armor,20,20x40,,Reserve Infantry Company,ק
414ק,MAGACH 6 BLAZER,armor,20,20x40,,Reserve Infantry Company,ק
415ק,MAGACH 6 BLAZER,armor,20,20x40,,Reserve Infantry Company,ק
416ק,SHO'T BLAZER,armor,20,20x40,,Reserve Infantry Company,ק
417ק,SHO'T BLAZER,armor,20,20x40,,Reserve Infantry Company,ק
418ק,SHO'T BLAZER,armor,20,20x40,,Reserve Infantry Company,ק
501ק,M125,self-propelled mortar,20,20x30,,Reserve Infantry Company,ק
502ק,M125,self-propelled mortar,20,20x30,,Reserve Infantry Company,ק
503ק,M125,self-propelled mortar,20,20x30,,Reserve Infantry Company,ק
601ק,M150,anti-tank,20,20x30,,Reserve Infantry Company,ק
602ק,M150,anti-tank,20,20x30,,Reserve Infantry Company,ק
603ק,JEEP,wheeled anti-tank,20,20x30,,Reserve Infantry Company,ק
604ק,JEEP,wheeled anti-tank,20,20x30,,Reserve Infantry Company,ק
605ק,JEEP,wheeled anti-tank,20,20x30,,Reserve Infantry Company,ק
606ק,JEEP,wheeled anti-tank,20,20x30,,Reserve Infantry Company,ק
001ר,GALIL,infantry,20,20x20,true,Reserve Infantry Company,ר
002ר,M113 ZELDA,armored personnel carrier,20,20x30,,Reserve Infantry Company,ר
101ר,GALIL,infantry,40,40x20,,Reserve Infantry Company,ר
102ר,GALIL,infantry,40,40x20,,Reserve Infantry Company,ר
103ר,GALIL,infantry,40,40x20,,Reserve Infantry Company,ר
104ר,GALIL,infantry,40,40x20,,Reserve Infantry Company,ר
105ר,FN MAG,machine gun,40,40x20,,Reserve Infantry Company,ר
106ר,FN MAG,machine gun,40,40x20,,Reserve Infantry Company,ר
107ר,FN MAG,machine gun,40,40x20,,Reserve Infantry Company,ר
108ר,RPG-7,anti-tank,20,20x20,,Reserve Infantry Company,ר
109ר,RPG-7,anti-tank,20,20x20,,Reserve Infantry Company,ר
110ר,RPG-7,anti-tank,20,20x20,,Reserve Infantry Company,ר
111ר,M47 DRAGON,anti-tank,20,20x20,,Reserve Infantry Company,ר
112ר,52MM,mortar,20,20x20,,Reserve Infantry Company,ר
113ר,M113 ZELDA,armored personnel carrier,20,20x30,,Reserve Infantry Company,ר
114ר,M113 ZELDA,armored personnel carrier,20,20x30,,Reserve Infantry Company,ר
115ר,M113 ZELDA,armored personnel carrier,20,20x30,,Reserve Infantry Company,ר
116ר,M113 ZELDA,armored personnel carrier,20,20x30,,Reserve Infantry Company,ר
201ר,GALIL,infantry,40,40x20,,Reserve Infantry Company,ר
202ר,GALIL,infantry,40,40x20,,Reserve Infantry Company,ר
203ר,GALIL,infantry,40,40x20,,Reserve Infantry Company,ר
204ר,GALIL,infantry,40,40x20,,Reserve Infantry Company,ר
205ר,FN MAG,machine gun,40,40x20,,Reserve Infantry Company,ר
206ר,FN MAG,machine gun,40,40x20,,Reserve Infantry Company,ר
207ר,FN MAG,machine gun,40,40x20,,Reserve Infantry Company,ר
208ר,RPG-7,anti-tank,20,20x20,,Reserve Infantry Company,ר
209ר,RPG-7,anti-tank,20,20x20,,Reserve Infantry Company,ר
210ר,RPG-7,anti-tank,20,20x20,,Reserve Infantry Company,ר
211ר,M47 DRAGON,anti-tank,20,20x20,,Reserve Infantry Company,ר
212ר,52MM,mortar,20,20x20,,Reserve Infantry Company,ר
213ר,M113 ZELDA,armored personnel carrier,20,20x30,,Reserve Infantry Company,ר
214ר,M113 ZELDA,armored personnel carrier,20,20x30,,Reserve Infantry Company,ר
215ר,M113 ZELDA,armored personnel carrier,20,20x30,,Reserve Infantry Company,ר
216ר,M113 ZELDA,armored personnel carrier,20,20x30,,Reserve Infantry Company,ר
301ר,GALIL,infantry,40,40x20,,Reserve Infantry Company,ר
302ר,GALIL,infantry,40,40x20,,Reserve Infantry Company,ר
303ר,GALIL,infantry,40,40x20,,Reserve Infantry Company,ר
304ר,GALIL,infantry,40,40x20,,Reserve Infantry Company,ר
305ר,FN MAG,machine gun,40,40x20,,Reserve Infantry Company,ר
306ר,FN MAG,machine gun,40,40x20,,Reserve Infantry Company,ר
307ר,FN MAG,machine gun,40,40x20,,Reserve Infantry Company,ר
308ר,RPG-7,anti-tank,20,20x20,,Reserve Infantry Company,ר
309ר,RPG-7,anti-tank,20,20x20,,Reserve Infantry Company,ר
310ר,RPG-7,anti-tank,20,20x20,,Reserve Infantry Company,ר
311ר,M47 DRAGON,anti-tank,20,20x20,,Reserve Infantry Company,ר
312ר,52MM,mortar,20,20x20,,Reserve Infantry Company,ר
313ר,M113 ZELDA,armored personnel carrier,20,20x30,,Reserve Infantry Company,ר
314ר,M113 ZELDA,armored personnel carrier,20,20x30,,Reserve Infantry Company,ר
315ר,M113 ZELDA,armored personnel carrier,20,20x30,,Reserve Infantry Company,ר
316ר,M113 ZELDA,armored personnel carrier,20,20x30,,Reserve Infantry Company,ר
401ר,MERKAVA 1,armor,20,20x40,,Reserve Infantry Company,ר
402ר,MERKAVA 1,armor,20,20x40,,Reserve Infantry Company,ר
403ר,MERKAVA 1,armor,20,20x40,,Reserve Infantry Company,ר
404ר,MERKAVA 2,armor,20,20x40,,Reserve Infantry Company,ר
405ר,MERKAVA 2,armor,20,20x40,,Reserve Infantry Company,ר
406ר,MERKAVA 2,armor,20,20x40,,Reserve Infantry Company,ר
407ר,MERKAVA 3,armor,20,20x40,,Reserve Infantry Company,ר
408ר,MERKAVA 3,armor,20,20x40,,Reserve Infantry Company,ר
409ר,MERKAVA 3,armor,20,20x40,,Reserve Infantry Company,ר
410ר,MAGACH 6,armor,20,20x40,,Reserve Infantry Company,ר
411ר,MAGACH 6,armor,20,20x40,,Reserve Infantry Company,ר
412ר,MAGACH 6,armor,20,20x40,,Reserve Infantry Company,ר
413ר,MAGACH 6 BLAZER,armor,20,20x40,,Reserve Infantry Company,ר
414ר,MAGACH 6 BLAZER,armor,20,20x40,,Reserve Infantry Company,ר
415ר,MAGACH 6 BLAZER,armor,20,20x40,,Reserve Infantry Company,ר
416ר,SHO'T BLAZER,armor,20,20x40,,Reserve Infantry Company,ר
417ר,SHO'T BLAZER,armor,20,20x40,,Reserve Infantry Company,ר
418ר,SHO'T BLAZER,armor,20,20x40,,Reserve Infantry Company,ר
501ר,M125,self-propelled mortar,20,20x30,,Reserve Infantry Company,ר
502ר,M125,self-propelled mortar,20,20x30,,Reserve Infantry Company,ר
503ר,M125,self-propelled mortar,20,20x30,,Reserve Infantry Company,ר
601ר,M150,anti-tank,20,20x30,,Reserve Infantry Company,ר
602ר,M150,anti-tank,20,20x30,,Reserve Infantry Company,ר
603ר,JEEP,wheeled anti-tank,20,20x30,,Reserve Infantry Company,ר
604ר,JEEP,wheeled anti-tank,20,20x30,,Reserve Infantry Company,ר
605ר,JEEP,wheeled anti-tank,20,20x30,,Reserve Infantry Company,ר
606ר,JEEP,wheeled anti-tank,20,20x30,,Reserve Infantry Company,ר
001ש,GALIL,infantry,20,20x20,true,Reserve Infantry Company,ש
002ש,M113 ZELDA,armored personnel carrier,20,20x30,,Reserve Infantry Company,ש
101ש,GALIL,infantry,40,40x20,,Reserve Infantry Company,ש
102ש,GALIL,infantry,40,40x20,,Reserve Infantry Company,ש
103ש,GALIL,infantry,40,40x20,,Reserve Infantry Company,ש
104ש,GALIL,infantry,40,40x20,,Reserve Infantry Company,ש
105ש,FN MAG,machine gun,40,40x20,,Reserve Infantry Company,ש
106ש,FN MAG,machine gun,40,40x20,,Reserve Infantry Company,ש
107ש,FN MAG,machine gun,40,40x20,,Reserve Infantry Company,ש
108ש,RPG-7,anti-tank,20,20x20,,Reserve Infantry Company,ש
109ש,RPG-7,anti-tank,20,20x20,,Reserve Infantry Company,ש
110ש,RPG-7,anti-tank,20,20x20,,Reserve Infantry Company,ש
111ש,M47 DRAGON,anti-tank,20,20x20,,Reserve Infantry Company,ש
112ש,52MM,mortar,20,20x20,,Reserve Infantry Company,ש
113ש,M113 ZELDA,armored personnel carrier,20,20x30,,Reserve Infantry Company,ש
114ש,M113 ZELDA,armored personnel carrier,20,20x30,,Reserve Infantry Company,ש
115ש,M113 ZELDA,armored personnel carrier,20,20x30,,Reserve Infantry Company,ש
116ש,M113 ZELDA,armored personnel carrier,20,20x30,,Reserve Infantry Company,ש
201ש,GALIL,infantry,40,40x20,,Reserve Infantry Company,ש
202ש,GALIL,infantry,40,40x20,,Reserve Infantry Company,ש
203ש,GALIL,infantry,40,40x20,,Reserve Infantry Company,ש
204ש,GALIL,infantry,40,40x20,,Reserve Infantry Company,ש
205ש,FN MAG,machine gun,40,40x20,,Reserve Infantry Company,ש
206ש,FN MAG,machine gun,40,40x20,,Reserve Infantry Company,ש
207ש,FN MAG,machine gun,40,40x20,,Reserve Infantry Company,ש
208ש,RPG-7,anti-tank,20,20x20,,Reserve Infantry Company,ש
209ש,RPG-7,anti-tank,20,20x20,,Reserve Infantry Company,ש
210ש,RPG-7,anti-tank,20,20x20,,Reserve Infantry Company,ש
211ש,M47 DRAGON,anti-tank,20,20x20,,Reserve Infantry Company,ש
212ש,52MM,mortar,20,20x20,,Reserve Infantry Company,ש
213ש,M113 ZELDA,armored personnel carrier,20,20x30,,Reserve Infantry Company,ש
214ש,M113 ZELDA,armored personnel carrier,20,20x30,,Reserve Infantry Company,ש
215ש,M113 ZELDA,armored personnel carrier,20,20x30,,Reserve Infantry Company,ש
216ש,M113 ZELDA,armored personnel carrier,20,20x30,,Reserve Infantry Company,ש
301ש,GALIL,infantry,40,40x20,,Reserve Infantry Company,ש
302ש,GALIL,infantry,40,40x20,,Reserve Infantry Company,ש
303ש,GALIL,infantry,40,40x20,,Reserve Infantry Company,ש
304ש,GALIL,infantry,40,40x20,,Reserve Infantry Company,ש
305ש,FN MAG,machine gun,40,40x20,,Reserve Infantry Company,ש
306ש,FN MAG,machine gun,40,40x20,,Reserve Infantry Company,ש
307ש,FN MAG,machine gun,40,40x20,,Reserve Infantry Company,ש
308ש,RPG-7,anti-tank,20,20x20,,Reserve Infantry Company,ש
309ש,RPG-7,anti-tank,20,20x20,,Reserve Infantry Company,ש
310ש,RPG-7,anti-tank,20,20x20,,Reserve Infantry Company,ש
311ש,M47 DRAGON,anti-tank,20,20x20,,Reserve Infantry Company,ש
312ש,52MM,mortar,20,20x20,,Reserve Infantry Company,ש
313ש,M113 ZELDA,armored personnel carrier,20,20x30,,Reserve Infantry Company,ש
314ש,M113 ZELDA,armored personnel carrier,20,20x30,,Reserve Infantry Company,ש
315ש,M113 ZELDA,armored personnel carrier,20,20x30,,Reserve Infantry Company,ש
316ש,M113 ZELDA,armored personnel carrier,20,20x30,,Reserve Infantry Company,ש
401ש,MERKAVA 1,armor,20,20x40,,Reserve Infantry Company,ש
402ש,MERKAVA 1,armor,20,20x40,,Reserve Infantry Company,ש
403ש,MERKAVA 1,armor,20,20x40,,Reserve Infantry Company,ש
404ש,MERKAVA 2,armor,20,20x40,,Reserve Infantry Company,ש
405ש,MERKAVA 2,armor,20,20x40,,Reserve Infantry Company,ש
406ש,MERKAVA 2,armor,20,20x40,,Reserve Infantry Company,ש
407ש,MERKAVA 3,armor,20,20x40,,Reserve Infantry Company,ש
408ש,MERKAVA 3,armor,20,20x40,,Reserve Infantry Company,ש
409ש,MERKAVA 3,armor,20,20x40,,Reserve Infantry Company,ש
410ש,MAGACH 6,armor,20,20x40,,Reserve Infantry Company,ש
411ש,MAGACH 6,armor,20,20x40,,Reserve Infantry Company,ש
412ש,MAGACH 6,armor,20,20x40,,Reserve Infantry Company,ש
413ש,MAGACH 6 BLAZER,armor,20,20x40,,Reserve Infantry Company,ש
414ש,MAGACH 6 BLAZER,armor,20,20x40,,Reserve Infantry Company,ש
415ש,MAGACH 6 BLAZER,armor,20,20x40,,Reserve Infantry Company,ש
416ש,SHO'T BLAZER,armor,20,20x40,,Reserve Infantry Company,ש
417ש,SHO'T BLAZER,armor,20,20x40,,Reserve Infantry Company,ש
418ש,SHO'T BLAZER,armor,20,20x40,,Reserve Infantry Company,ש
501ש,M125,self-propelled mortar,20,20x30,,Reserve Infantry Company,ש
502ש,M125,self-propelled mortar,20,20x30,,Reserve Infantry Company,ש
503ש,M125,self-propelled mortar,20,20x30,,Reserve Infantry Company,ש
601ש,M150,anti-tank,20,20x30,,Reserve Infantry Company,ש
602ש,M150,anti-tank,20,20x30,,Reserve Infantry Company,ש
603ש,JEEP,wheeled anti-tank,20,20x30,,Reserve Infantry Company,ש
604ש,JEEP,wheeled anti-tank,20,20x30,,Reserve Infantry Company,ש
605ש,JEEP,wheeled anti-tank,20,20x30,,Reserve Infantry Company,ש
606ש,JEEP,wheeled anti-tank,20,20x30,,Reserve Infantry Company,ש
001ת,GALIL,infantry,20,20x20,true,Paratrooper Company,ת
002ת,M113 ZELDA,armored personnel carrier,20,20x30,,Paratrooper Company,ת
002ת,UH-1,utility helicopter,20,20x40,,Paratrooper Company,ת
101ת,GALIL,infantry,40,40x20,,Paratrooper Company,ת
102ת,GALIL,infantry,40,40x20,,Paratrooper Company,ת
103ת,GALIL,infantry,40,40x20,,Paratrooper Company,ת
104ת,GALIL,infantry,40,40x20,,Paratrooper Company,ת
105ת,FN MAG,machine gun,40,40x20,,Paratrooper Company,ת
106ת,FN MAG,machine gun,40,40x20,,Paratrooper Company,ת
107ת,FN MAG,machine gun,40,40x20,,Paratrooper Company,ת
108ת,RPG-7,anti-tank,20,20x20,,Paratrooper Company,ת
109ת,RPG-7,anti-tank,20,20x20,,Paratrooper Company,ת
110ת,RPG-7,anti-tank,20,20x20,,Paratrooper Company,ת
111ת,M47 DRAGON,anti-tank,20,20x20,,Paratrooper Company,ת
112ת,52MM,mortar,20,20x20,,Paratrooper Company,ת
113ת,M113 ZELDA,armored personnel carrier,20,20x30,,Paratrooper Company,ת
114ת,M113 ZELDA,armored personnel carrier,20,20x30,,Paratrooper Company,ת
115ת,M113 ZELDA,armored personnel carrier,20,20x30,,Paratrooper Company,ת
116ת,M113 ZELDA,armored personnel carrier,20,20x30,,Paratrooper Company,ת
113ת,UH-1,utility helicopter,20,20x40,,Paratrooper Company,ת
114ת,UH-1,utility helicopter,20,20x40,,Paratrooper Company,ת
115ת,UH-1,utility helicopter,20,20x40,,Paratrooper Company,ת
116ת,UH-1,utility helicopter,20,20x40,,Paratrooper Company,ת
113ת,CH-53 YAS'UR,utility helicopter,20,20x40,,Paratrooper Company,ת
114ת,CH-53 YAS'UR,utility helicopter,20,20x40,,Paratrooper Company,ת
201ת,GALIL,infantry,40,40x20,,Paratrooper Company,ת
202ת,GALIL,infantry,40,40x20,,Paratrooper Company,ת
203ת,GALIL,infantry,40,40x20,,Paratrooper Company,ת
204ת,GALIL,infantry,40,40x20,,Paratrooper Company,ת
205ת,FN MAG,machine gun,40,40x20,,Paratrooper Company,ת
206ת,FN MAG,machine gun,40,40x20,,Paratrooper Company,ת
207ת,FN MAG,machine gun,40,40x20,,Paratrooper Company,ת
208ת,RPG-7,anti-tank,20,20x20,,Paratrooper Company,ת
209ת,RPG-7,anti-tank,20,20x20,,Paratrooper Company,ת
210ת,RPG-7,anti-tank,20,20x20,,Paratrooper Company,ת
211ת,M47 DRAGON,anti-tank,20,20x20,,Paratrooper Company,ת
212ת,52MM,mortar,20,20x20,,Paratrooper Company,ת
213ת,M113 ZELDA,armored personnel carrier,20,20x30,,Paratrooper Company,ת
214ת,M113 ZELDA,armored personnel carrier,20,20x30,,Paratrooper Company,ת
215ת,M113 ZELDA,armored personnel carrier,20,20x30,,Paratrooper Company,ת
216ת,M113 ZELDA,armored personnel carrier,20,20x30,,Paratrooper Company,ת
213ת,UH-1,utility helicopter,20,20x40,,Paratrooper Company,ת
214ת,UH-1,utility helicopter,20,20x40,,Paratrooper Company,ת
215ת,UH-1,utility helicopter,20,20x40,,Paratrooper Company,ת
216ת,UH-1,utility helicopter,20,20x40,,Paratrooper Company,ת
213ת,CH-53 YAS'UR,utility helicopter,20,20x40,,Paratrooper Company,ת
214ת,CH-53 YAS'UR,utility helicopter,20,20x40,,Paratrooper Company,ת
301ת,GALIL,infantry,40,40x20,,Paratrooper Company,ת
302ת,GALIL,infantry,40,40x20,,Paratrooper Company,ת
303ת,GALIL,infantry,40,40x20,,Paratrooper Company,ת
304ת,GALIL,infantry,40,40x20,,Paratrooper Company,ת
305ת,FN MAG,machine gun,40,40x20,,Paratrooper Company,ת
306ת,FN MAG,machine gun,40,40x20,,Paratrooper Company,ת
307ת,FN MAG,machine gun,40,40x20,,Paratrooper Company,ת
308ת,RPG-7,anti-tank,20,20x20,,Paratrooper Company,ת
309ת,RPG-7,anti-tank,20,20x20,,Paratrooper Company,ת
310ת,RPG-7,anti-tank,20,20x20,,Paratrooper Company,ת
311ת,M47 DRAGON,anti-tank,20,20x20,,Paratrooper Company,ת
312ת,52MM,mortar,20,20x20,,Paratrooper Company,ת
313ת,M113 ZELDA,armored personnel carrier,20,20x30,,Paratrooper Company,ת
314ת,M113 ZELDA,armored personnel carrier,20,20x30,,Paratrooper Company,ת
315ת,M113 ZELDA,armored personnel carrier,20,20x30,,Paratrooper Company,ת
316ת,M113 ZELDA,armored personnel carrier,20,20x30,,Paratrooper Company,ת
313ת,UH-1,utility helicopter,20,20x40,,Paratrooper Company,ת
314ת,UH-1,utility helicopter,20,20x40,,Paratrooper Company,ת
315ת,UH-1,utility helicopter,20,20x40,,Paratrooper Company,ת
316ת,UH-1,utility helicopter,20,20x40,,Paratrooper Company,ת
313ת,CH-53 YAS'UR,utility helicopter,20,20x40,,Paratrooper Company,ת
314ת,CH-53 YAS'UR,utility helicopter,20,20x40,,Paratrooper Company,ת
401ת,MERKAVA 1,armor,20,20x40,,Paratrooper Company,ת
402ת,MERKAVA 1,armor,20,20x40,,Paratrooper Company,ת
403ת,MERKAVA 1,armor,20,20x40,,Paratrooper Company,ת
404ת,MERKAVA 2,armor,20,20x40,,Paratrooper Company,ת
405ת,MERKAVA 2,armor,20,20x40,,Paratrooper Company,ת
406ת,MERKAVA 2,armor,20,20x40,,Paratrooper Company,ת
407ת,MERKAVA 3,armor,20,20x40,,Paratrooper Company,ת
408ת,MERKAVA 3,armor,20,20x40,,Paratrooper Company,ת
409ת,MERKAVA 3,armor,20,20x40,,Paratrooper Company,ת
410ת,MAGACH 6,armor,20,20x40,,Paratrooper Company,ת
411ת,MAGACH 6,armor,20,20x40,,Paratrooper Company,ת
412ת,MAGACH 6,armor,20,20x40,,Paratrooper Company,ת
413ת,MAGACH 6 BLAZER,armor,20,20x40,,Paratrooper Company,ת
414ת,MAGACH 6 BLAZER,armor,20,20x40,,Paratrooper Company,ת
415ת,MAGACH 6 BLAZER,armor,20,20x40,,Paratrooper Company,ת
416ת,SHO'T BLAZER,armor,20,20x40,,Paratrooper Company,ת
417ת,SHO'T BLAZER,armor,20,20x40,,Paratrooper Company,ת
418ת,SHO'T BLAZER,armor,20,20x40,,Paratrooper Company,ת
501ת,M125,self-propelled mortar,20,20x30,,Paratrooper Company,ת
502ת,M125,self-propelled mortar,20,20x30,,Paratrooper Company,ת
503ת,M125,self-propelled mortar,20,20x30,,Paratrooper Company,ת
601ת,JEEP,wheeled anti-tank,20,20x30,,Paratrooper Company,ת
602ת,JEEP,wheeled anti-tank,20,20x30,,Paratrooper Company,ת
603ת,JEEP,wheeled anti-tank,20,20x30,,Paratrooper Company,ת
604ת,JEEP,wheeled anti-tank,20,20x30,,Paratrooper Company,ת
605ת,RABBI,wheeled anti-tank,20,20x30,,Paratrooper Company,ת
606ת,RABBI,wheeled anti-tank,20,20x30,,Paratrooper Company,ת
607ת,RABBI,wheeled anti-tank,20,20x30,,Paratrooper Company,ת
608ת,RABBI,wheeled anti-tank,20,20x30,,Paratrooper Company,ת
609ת,UH-1,utility helicopter,20,20x40,,Paratrooper Company,ת
610ת,UH-1,utility helicopter,20,20x40,,Paratrooper Company,ת
611ת,M150,anti-tank,20,20x30,,Paratrooper Company,ת
612ת,M150,anti-tank,20,20x30,,Paratrooper Company,ת
001ך,GALIL,infantry,20,20x20,true,Paratrooper Company,ך
002ך,M113 ZELDA,armored personnel carrier,20,20x30,,Paratrooper Company,ך
002ך,UH-1,utility helicopter,20,20x40,,Paratrooper Company,ך
101ך,GALIL,infantry,40,40x20,,Paratrooper Company,ך
102ך,GALIL,infantry,40,40x20,,Paratrooper Company,ך
103ך,GALIL,infantry,40,40x20,,Paratrooper Company,ך
104ך,GALIL,infantry,40,40x20,,Paratrooper Company,ך
105ך,FN MAG,machine gun,40,40x20,,Paratrooper Company,ך
106ך,FN MAG,machine gun,40,40x20,,Paratrooper Company,ך
107ך,FN MAG,machine gun,40,40x20,,Paratrooper Company,ך
108ך,RPG-7,anti-tank,20,20x20,,Paratrooper Company,ך
109ך,RPG-7,anti-tank,20,20x20,,Paratrooper Company,ך
110ך,RPG-7,anti-tank,20,20x20,,Paratrooper Company,ך
111ך,M47 DRAGON,anti-tank,20,20x20,,Paratrooper Company,ך
112ך,52MM,mortar,20,20x20,,Paratrooper Company,ך
113ך,M113 ZELDA,armored personnel carrier,20,20x30,,Paratrooper Company,ך
114ך,M113 ZELDA,armored personnel carrier,20,20x30,,Paratrooper Company,ך
115ך,M113 ZELDA,armored personnel carrier,20,20x30,,Paratrooper Company,ך
116ך,M113 ZELDA,armored personnel carrier,20,20x30,,Paratrooper Company,ך
113ך,UH-1,utility helicopter,20,20x40,,Paratrooper Company,ך
114ך,UH-1,utility helicopter,20,20x40,,Paratrooper Company,ך
115ך,UH-1,utility helicopter,20,20x40,,Paratrooper Company,ך
116ך,UH-1,utility helicopter,20,20x40,,Paratrooper Company,ך
113ך,CH-53 YAS'UR,utility helicopter,20,20x40,,Paratrooper Company,ך
114ך,CH-53 YAS'UR,utility helicopter,20,20x40,,Paratrooper Company,ך
201ך,GALIL,infantry,40,40x20,,Paratrooper Company,ך
202ך,GALIL,infantry,40,40x20,,Paratrooper Company,ך
203ך,GALIL,infantry,40,40x20,,Paratrooper Company,ך
204ך,GALIL,infantry,40,40x20,,Paratrooper Company,ך
205ך,FN MAG,machine gun,40,40x20,,Paratrooper Company,ך
206ך,FN MAG,machine gun,40,40x20,,Paratrooper Company,ך
207ך,FN MAG,machine gun,40,40x20,,Paratrooper Company,ך
208ך,RPG-7,anti-tank,20,20x20,,Paratrooper Company,ך
209ך,RPG-7,anti-tank,20,20x20,,Paratrooper Company,ך
210ך,RPG-7,anti-tank,20,20x20,,Paratrooper Company,ך
211ך,M47 DRAGON,anti-tank,20,20x20,,Paratrooper Company,ך
212ך,52MM,mortar,20,20x20,,Paratrooper Company,ך
213ך,M113 ZELDA,armored personnel carrier,20,20x30,,Paratrooper Company,ך
214ך,M113 ZELDA,armored personnel carrier,20,20x30,,Paratrooper Company,ך
215ך,M113 ZELDA,armored personnel carrier,20,20x30,,Paratrooper Company,ך
216ך,M113 ZELDA,armored personnel carrier,20,20x30,,Paratrooper Company,ך
213ך,UH-1,utility helicopter,20,20x40,,Paratrooper Company,ך
214ך,UH-1,utility helicopter,20,20x40,,Paratrooper Company,ך
215ך,UH-1,utility helicopter,20,20x40,,Paratrooper Company,ך
216ך,UH-1,utility helicopter,20,20x40,,Paratrooper Company,ך
213ך,CH-53 YAS'UR,utility helicopter,20,20x40,,Paratrooper Company,ך
214ך,CH-53 YAS'UR,utility helicopter,20,20x40,,Paratrooper Company,ך
301ך,GALIL,infantry,40,40x20,,Paratrooper Company,ך
302ך,GALIL,infantry,40,40x20,,Paratrooper Company,ך
303ך,GALIL,infantry,40,40x20,,Paratrooper Company,ך
304ך,GALIL,infantry,40,40x20,,Paratrooper Company,ך
305ך,FN MAG,machine gun,40,40x20,,Paratrooper Company,ך
306ך,FN MAG,machine gun,40,40x20,,Paratrooper Company,ך
307ך,FN MAG,machine gun,40,40x20,,Paratrooper Company,ך
308ך,RPG-7,anti-tank,20,20x20,,Paratrooper Company,ך
309ך,RPG-7,anti-tank,20,20x20,,Paratrooper Company,ך
310ך,RPG-7,anti-tank,20,20x20,,Paratrooper Company,ך
311ך,M47 DRAGON,anti-tank,20,20x20,,Paratrooper Company,ך
312ך,52MM,mortar,20,20x20,,Paratrooper Company,ך
313ך,M113 ZELDA,armored personnel carrier,20,20x30,,Paratrooper Company,ך
314ך,M113 ZELDA,armored personnel carrier,20,20x30,,Paratrooper Company,ך
315ך,M113 ZELDA,armored personnel carrier,20,20x30,,Paratrooper Company,ך
316ך,M113 ZELDA,armored personnel carrier,20,20x30,,Paratrooper Company,ך
313ך,UH-1,utility helicopter,20,20x40,,Paratrooper Company,ך
314ך,UH-1,utility helicopter,20,20x40,,Paratrooper Company,ך
315ך,UH-1,utility helicopter,20,20x40,,Paratrooper Company,ך
316ך,UH-1,utility helicopter,20,20x40,,Paratrooper Company,ך
313ך,CH-53 YAS'UR,utility helicopter,20,20x40,,Paratrooper Company,ך
314ך,CH-53 YAS'UR,utility helicopter,20,20x40,,Paratrooper Company,ך
401ך,MERKAVA 1,armor,20,20x40,,Paratrooper Company,ך
402ך,MERKAVA 1,armor,20,20x40,,Paratrooper Company,ך
403ך,MERKAVA 1,armor,20,20x40,,Paratrooper Company,ך
404ך,MERKAVA 2,armor,20,20x40,,Paratrooper Company,ך
405ך,MERKAVA 2,armor,20,20x40,,Paratrooper Company,ך
406ך,MERKAVA 2,armor,20,20x40,,Paratrooper Company,ך
407ך,MERKAVA 3,armor,20,20x40,,Paratrooper Company,ך
408ך,MERKAVA 3,armor,20,20x40,,Paratrooper Company,ך
409ך,MERKAVA 3,armor,20,20x40,,Paratrooper Company,ך
410ך,MAGACH 6,armor,20,20x40,,Paratrooper Company,ך
411ך,MAGACH 6,armor,20,20x40,,Paratrooper Company,ך
412ך,MAGACH 6,armor,20,20x40,,Paratrooper Company,ך
413ך,MAGACH 6 BLAZER,armor,20,20x40,,Paratrooper Company,ך
414ך,MAGACH 6 BLAZER,armor,20,20x40,,Paratrooper Company,ך
415ך,MAGACH 6 BLAZER,armor,20,20x40,,Paratrooper Company,ך
416ך,SHO'T BLAZER,armor,20,20x40,,Paratrooper Company,ך
417ך,SHO'T BLAZER,armor,20,20x40,,Paratrooper Company,ך
418ך,SHO'T BLAZER,armor,20,20x40,,Paratrooper Company,ך
501ך,M125,self-propelled mortar,20,20x30,,Paratrooper Company,ך
502ך,M125,self-propelled mortar,20,20x30,,Paratrooper Company,ך
503ך,M125,self-propelled mortar,20,20x30,,Paratrooper Company,ך
601ך,JEEP,wheeled anti-tank,20,20x30,,Paratrooper Company,ך
602ך,JEEP,wheeled anti-tank,20,20x30,,Paratrooper Company,ך
603ך,JEEP,wheeled anti-tank,20,20x30,,Paratrooper Company,ך
604ך,JEEP,wheeled anti-tank,20,20x30,,Paratrooper Company,ך
605ך,RABBI,wheeled anti-tank,20,20x30,,Paratrooper Company,ך
606ך,RABBI,wheeled anti-tank,20,20x30,,Paratrooper Company,ך
607ך,RABBI,wheeled anti-tank,20,20x30,,Paratrooper Company,ך
608ך,RABBI,wheeled anti-tank,20,20x30,,Paratrooper Company,ך
609ך,UH-1,utility helicopter,20,20x40,,Paratrooper Company,ך
610ך,UH-1,utility helicopter,20,20x40,,Paratrooper Company,ך
611ך,M150,anti-tank,20,20x30,,Paratrooper Company,ך
612ך,M150,anti-tank,20,20x30,,Paratrooper Company,ך
001ם,GALIL,infantry,20,20x20,true,Paratrooper Company,ם
002ם,M113 ZELDA,armored personnel carrier,20,20x30,,Paratrooper Company,ם
002ם,UH-1,utility helicopter,20,20x40,,Paratrooper Company,ם
101ם,GALIL,infantry,40,40x20,,Paratrooper Company,ם
102ם,GALIL,infantry,40,40x20,,Paratrooper Company,ם
103ם,GALIL,infantry,40,40x20,,Paratrooper Company,ם
104ם,GALIL,infantry,40,40x20,,Paratrooper Company,ם
105ם,FN MAG,machine gun,40,40x20,,Paratrooper Company,ם
106ם,FN MAG,machine gun,40,40x20,,Paratrooper Company,ם
107ם,FN MAG,machine gun,40,40x20,,Paratrooper Company,ם
108ם,RPG-7,anti-tank,20,20x20,,Paratrooper Company,ם
109ם,RPG-7,anti-tank,20,20x20,,Paratrooper Company,ם
110ם,RPG-7,anti-tank,20,20x20,,Paratrooper Company,ם
111ם,M47 DRAGON,anti-tank,20,20x20,,Paratrooper Company,ם
112ם,52MM,mortar,20,20x20,,Paratrooper Company,ם
113ם,M113 ZELDA,armored personnel carrier,20,20x30,,Paratrooper Company,ם
114ם,M113 ZELDA,armored personnel carrier,20,20x30,,Paratrooper Company,ם
115ם,M113 ZELDA,armored personnel carrier,20,20x30,,Paratrooper Company,ם
116ם,M113 ZELDA,armored personnel carrier,20,20x30,,Paratrooper Company,ם
113ם,UH-1,utility helicopter,20,20x40,,Paratrooper Company,ם
114ם,UH-1,utility helicopter,20,20x40,,Paratrooper Company,ם
115ם,UH-1,utility helicopter,20,20x40,,Paratrooper Company,ם
116ם,UH-1,utility helicopter,20,20x40,,Paratrooper Company,ם
113ם,CH-53 YAS'UR,utility helicopter,20,20x40,,Paratrooper Company,ם
114ם,CH-53 YAS'UR,utility helicopter,20,20x40,,Paratrooper Company,ם
201ם,GALIL,infantry,40,40x20,,Paratrooper Company,ם
202ם,GALIL,infantry,40,40x20,,Paratrooper Company,ם
203ם,GALIL,infantry,40,40x20,,Paratrooper Company,ם
204ם,GALIL,infantry,40,40x20,,Paratrooper Company,ם
205ם,FN MAG,machine gun,40,40x20,,Paratrooper Company,ם
206ם,FN MAG,machine gun,40,40x20,,Paratrooper Company,ם
207ם,FN MAG,machine gun,40,40x20,,Paratrooper Company,ם
208ם,RPG-7,anti-tank,20,20x20,,Paratrooper Company,ם
209ם,RPG-7,anti-tank,20,20x20,,Paratrooper Company,ם
210ם,RPG-7,anti-tank,20,20x20,,Paratrooper Company,ם
211ם,M47 DRAGON,anti-tank,20,20x20,,Paratrooper Company,ם
212ם,52MM,mortar,20,20x20,,Paratrooper Company,ם
213ם,M113 ZELDA,armored personnel carrier,20,20x30,,Paratrooper Company,ם
214ם,M113 ZELDA,armored personnel carrier,20,20x30,,Paratrooper Company,ם
215ם,M113 ZELDA,armored personnel carrier,20,20x30,,Paratrooper Company,ם
216ם,M113 ZELDA,armored personnel carrier,20,20x30,,Paratrooper Company,ם
213ם,UH-1,utility helicopter,20,20x40,,Paratrooper Company,ם
214ם,UH-1,utility helicopter,20,20x40,,Paratrooper Company,ם
215ם,UH-1,utility helicopter,20,20x40,,Paratrooper Company,ם
216ם,UH-1,utility helicopter,20,20x40,,Paratrooper Company,ם
213ם,CH-53 YAS'UR,utility helicopter,20,20x40,,Paratrooper Company,ם
214ם,CH-53 YAS'UR,utility helicopter,20,20x40,,Paratrooper Company,ם
301ם,GALIL,infantry,40,40x20,,Paratrooper Company,ם
302ם,GALIL,infantry,40,40x20,,Paratrooper Company,ם
303ם,GALIL,infantry,40,40x20,,Paratrooper Company,ם
304ם,GALIL,infantry,40,40x20,,Paratrooper Company,ם
305ם,FN MAG,machine gun,40,40x20,,Paratrooper Company,ם
306ם,FN MAG,machine gun,40,40x20,,Paratrooper Company,ם
307ם,FN MAG,machine gun,40,40x20,,Paratrooper Company,ם
308ם,RPG-7,anti-tank,20,20x20,,Paratrooper Company,ם
309ם,RPG-7,anti-tank,20,20x20,,Paratrooper Company,ם
310ם,RPG-7,anti-tank,20,20x20,,Paratrooper Company,ם
311ם,M47 DRAGON,anti-tank,20,20x20,,Paratrooper Company,ם
312ם,52MM,mortar,20,20x20,,Paratrooper Company,ם
313ם,M113 ZELDA,armored personnel carrier,20,20x30,,Paratrooper Company,ם
314ם,M113 ZELDA,armored personnel carrier,20,20x30,,Paratrooper Company,ם
315ם,M113 ZELDA,armored personnel carrier,20,20x30,,Paratrooper Company,ם
316ם,M113 ZELDA,armored personnel carrier,20,20x30,,Paratrooper Company,ם
313ם,UH-1,utility helicopter,20,20x40,,Paratrooper Company,ם
314ם,UH-1,utility helicopter,20,20x40,,Paratrooper Company,ם
315ם,UH-1,utility helicopter,20,20x40,,Paratrooper Company,ם
316ם,UH-1,utility helicopter,20,20x40,,Paratrooper Company,ם
313ם,CH-53 YAS'UR,utility helicopter,20,20x40,,Paratrooper Company,ם
314ם,CH-53 YAS'UR,utility helicopter,20,20x40,,Paratrooper Company,ם
401ם,MERKAVA 1,armor,20,20x40,,Paratrooper Company,ם
402ם,MERKAVA 1,armor,20,20x40,,Paratrooper Company,ם
403ם,MERKAVA 1,armor,20,20x40,,Paratrooper Company,ם
404ם,MERKAVA 2,armor,20,20x40,,Paratrooper Company,ם
405ם,MERKAVA 2,armor,20,20x40,,Paratrooper Company,ם
406ם,MERKAVA 2,armor,20,20x40,,Paratrooper Company,ם
407ם,MERKAVA 3,armor,20,20x40,,Paratrooper Company,ם
408ם,MERKAVA 3,armor,20,20x40,,Paratrooper Company,ם
409ם,MERKAVA 3,armor,20,20x40,,Paratrooper Company,ם
410ם,MAGACH 6,armor,20,20x40,,Paratrooper Company,ם
411ם,MAGACH 6,armor,20,20x40,,Paratrooper Company,ם
412ם,MAGACH 6,armor,20,20x40,,Paratrooper Company,ם
413ם,MAGACH 6 BLAZER,armor,20,20x40,,Paratrooper Company,ם
414ם,MAGACH 6 BLAZER,armor,20,20x40,,Paratrooper Company,ם
415ם,MAGACH 6 BLAZER,armor,20,20x40,,Paratrooper Company,ם
416ם,SHO'T BLAZER,armor,20,20x40,,Paratrooper Company,ם
417ם,SHO'T BLAZER,armor,20,20x40,,Paratrooper Company,ם
418ם,SHO'T BLAZER,armor,20,20x40,,Paratrooper Company,ם
501ם,M125,self-propelled mortar,20,20x30,,Paratrooper Company,ם
502ם,M125,self-propelled mortar,20,20x30,,Paratrooper Company,ם
503ם,M125,self-propelled mortar,20,20x30,,Paratrooper Company,ם
601ם,JEEP,wheeled anti-tank,20,20x30,,Paratrooper Company,ם
602ם,JEEP,wheeled anti-tank,20,20x30,,Paratrooper Company,ם
603ם,JEEP,wheeled anti-tank,20,20x30,,Paratrooper Company,ם
604ם,JEEP,wheeled anti-tank,20,20x30,,Paratrooper Company,ם
605ם,RABBI,wheeled anti-tank,20,20x30,,Paratrooper Company,ם
606ם,RABBI,wheeled anti-tank,20,20x30,,Paratrooper Company,ם
607ם,RABBI,wheeled anti-tank,20,20x30,,Paratrooper Company,ם
608ם,RABBI,wheeled anti-tank,20,20x30,,Paratrooper Company,ם
609ם,UH-1,utility helicopter,20,20x40,,Paratrooper Company,ם
610ם,UH-1,utility helicopter,20,20x40,,Paratrooper Company,ם
611ם,M150,anti-tank,20,20x30,,Paratrooper Company,ם
612ם,M150,anti-tank,20,20x30,,Paratrooper Company,ם
001ן,M109,self-propelled artillery,20,20x40,,Support Pool — Ground,ן
002ן,M109,self-propelled artillery,20,20x40,,Support Pool — Ground,ן
003ן,M109,self-propelled artillery,20,20x40,,Support Pool — Ground,ן
004ן,M109,self-propelled artillery,20,20x40,,Support Pool — Ground,ן
005ן,M109,self-propelled artillery,20,20x40,,Support Pool — Ground,ן
006ן,M109,self-propelled artillery,20,20x40,,Support Pool — Ground,ן
101ן,M106,self-propelled mortar,20,20x30,,Support Pool — Ground,ן
102ן,M106,self-propelled mortar,20,20x30,,Support Pool — Ground,ן
103ן,M106,self-propelled mortar,20,20x30,,Support Pool — Ground,ן
104ן,M106,self-propelled mortar,20,20x30,,Support Pool — Ground,ן
105ן,M109,self-propelled artillery,20,20x40,,Support Pool — Ground,ן
106ן,M109,self-propelled artillery,20,20x40,,Support Pool — Ground,ן
107ן,M109,self-propelled artillery,20,20x40,,Support Pool — Ground,ן
108ן,M109,self-propelled artillery,20,20x40,,Support Pool — Ground,ן
109ן,M109,self-propelled artillery,20,20x40,,Support Pool — Ground,ן
110ן,M109,self-propelled artillery,20,20x40,,Support Pool — Ground,ן
201ן,M270 MLRS,rocket artillery,20,20x30,,Support Pool — Ground,ן
202ן,M270 MLRS,rocket artillery,20,20x30,,Support Pool — Ground,ן
203ן,M270 MLRS,rocket artillery,20,20x30,,Support Pool — Ground,ן
204ן,M270 MLRS,rocket artillery,20,20x30,,Support Pool — Ground,ן
205ן,M270 MLRS,rocket artillery,20,20x30,,Support Pool — Ground,ן
206ן,M270 MLRS,rocket artillery,20,20x30,,Support Pool — Ground,ן
207ן,BM-21 GRAD,wheeled rocket artillery,20,20x40,,Support Pool — Ground,ן
208ן,BM-21 GRAD,wheeled rocket artillery,20,20x40,,Support Pool — Ground,ן
209ן,BM-21 GRAD,wheeled rocket artillery,20,20x40,,Support Pool — Ground,ן
210ן,BM-21 GRAD,wheeled rocket artillery,20,20x40,,Support Pool — Ground,ן
211ן,BM-21 GRAD,wheeled rocket artillery,20,20x40,,Support Pool — Ground,ן
212ן,BM-21 GRAD,wheeled rocket artillery,20,20x40,,Support Pool — Ground,ן
301ן,M113 OP,observation post,20,20x20,,Support Pool — Ground,ן
401ן,PEREH,anti-tank,20,20x40,,Support Pool — Ground,ן
402ן,PEREH,anti-tank,20,20x40,,Support Pool — Ground,ן
403ן,PEREH,anti-tank,20,20x40,,Support Pool — Ground,ן
501ן,JEEP,wheeled anti-tank,20,20x30,,Support Pool — Ground,ן
502ן,JEEP,wheeled anti-tank,20,20x30,,Support Pool — Ground,ן
503ן,JEEP,wheeled anti-tank,20,20x30,,Support Pool — Ground,ן
504ן,JEEP,wheeled anti-tank,20,20x30,,Support Pool — Ground,ן
505ן,RABBI,wheeled anti-tank,20,20x30,,Support Pool — Ground,ן
506ן,RABBI,wheeled anti-tank,20,20x30,,Support Pool — Ground,ן
507ן,RABBI,wheeled anti-tank,20,20x30,,Support Pool — Ground,ן
508ן,RABBI,wheeled anti-tank,20,20x30,,Support Pool — Ground,ן
509ן,UH-1,utility helicopter,20,20x40,,Support Pool — Ground,ן
510ן,UH-1,utility helicopter,20,20x40,,Support Pool — Ground,ן
601ן,JEEP,reconnaissance,20,20x30,,Support Pool — Ground,ן
602ן,JEEP,reconnaissance,20,20x30,,Support Pool — Ground,ן
603ן,JEEP,reconnaissance,20,20x30,,Support Pool — Ground,ן
604ן,RABBI,reconnaissance,20,20x30,,Support Pool — Ground,ן
605ן,RABBI,reconnaissance,20,20x30,,Support Pool — Ground,ן
606ן,RABBI,reconnaissance,20,20x30,,Support Pool — Ground,ן
607ן,UH-1,utility helicopter,20,20x40,,Support Pool — Ground,ן
608ן,UH-1,utility helicopter,20,20x40,,Support Pool — Ground,ן
701ן,M163 VADS,self-propelled anti-aircraft,20,20x30,,Support Pool — Ground,ן
702ן,M163 VADS,self-propelled anti-aircraft,20,20x30,,Support Pool — Ground,ן
703ן,M163 VADS,self-propelled anti-aircraft,20,20x30,,Support Pool — Ground,ן
704ן,M163 VADS,self-propelled anti-aircraft,20,20x30,,Support Pool — Ground,ן
705ן,ZSU-23-4 SHILKA,self-propelled anti-aircraft,20,20x30,,Support Pool — Ground,ן
706ן,ZSU-23-4 SHILKA,self-propelled anti-aircraft,20,20x30,,Support Pool — Ground,ן
707ן,ZSU-23-4 SHILKA,self-propelled anti-aircraft,20,20x30,,Support Pool — Ground,ן
708ן,ZSU-23-4 SHILKA,self-propelled anti-aircraft,20,20x30,,Support Pool — Ground,ן
801ן,M48 CHAPARRAL,surface-to-air missile,20,20x30,,Support Pool — Ground,ן
802ן,M48 CHAPARRAL,surface-to-air missile,20,20x30,,Support Pool — Ground,ן
803ן,M48 CHAPARRAL,surface-to-air missile,20,20x30,,Support Pool — Ground,ן
804ן,M48 CHAPARRAL,surface-to-air missile,20,20x30,,Support Pool — Ground,ן
901ן,REDEYE,manpads,20,20x20,,Support Pool — Ground,ן
902ן,REDEYE,manpads,20,20x20,,Support Pool — Ground,ן
903ן,REDEYE,manpads,20,20x20,,Support Pool — Ground,ן
904ן,REDEYE,manpads,20,20x20,,Support Pool — Ground,ן
001ף,A-4 SKYHAWK,fighter,20,20x40,,Support Pool — Air,ף
002ף,A-4 SKYHAWK,fighter,20,20x40,,Support Pool — Air,ף
003ף,A-4 SKYHAWK,fighter,20,20x40,,Support Pool — Air,ף
004ף,A-4 SKYHAWK,fighter,20,20x40,,Support Pool — Air,ף
101ף,AH-64 PETEN,attack helicopter,20,20x40,,Support Pool — Air,ף
102ף,AH-64 PETEN,attack helicopter,20,20x40,,Support Pool — Air,ף
103ף,AH-64 PETEN,attack helicopter,20,20x40,,Support Pool — Air,ף
104ף,AH-64 PETEN,attack helicopter,20,20x40,,Support Pool — Air,ף
105ף,AH-1 TZEFA,attack helicopter,20,20x40,,Support Pool — Air,ף
106ף,AH-1 TZEFA,attack helicopter,20,20x40,,Support Pool — Air,ף
107ף,AH-1 TZEFA,attack helicopter,20,20x40,,Support Pool — Air,ף
108ף,AH-1 TZEFA,attack helicopter,20,20x40,,Support Pool — Air,ף
201ף,AH-64 PETEN,attack helicopter,20,20x40,,Support Pool — Air,ף
202ף,AH-64 PETEN,attack helicopter,20,20x40,,Support Pool — Air,ף
203ף,AH-64 PETEN,attack helicopter,20,20x40,,Support Pool — Air,ף
204ף,AH-64 PETEN,attack helicopter,20,20x40,,Support Pool — Air,ף
205ף,AH-1 TZEFA,attack helicopter,20,20x40,,Support Pool — Air,ף
206ף,AH-1 TZEFA,attack helicopter,20,20x40,,Support Pool — Air,ף
207ף,AH-1 TZEFA,attack helicopter,20,20x40,,Support Pool — Air,ף
208ף,AH-1 TZEFA,attack helicopter,20,20x40,,Support Pool — Air,ף
